0.000000	0.914672
0.002000	1.321156
0.004000	1.902256
0.006000	1.316625
0.008000	2.219230
0.010000	1.849918
0.012000	1.760070
0.014000	1.461343
0.016000	0.276478
0.018000	0.985394
0.020000	0.115131
0.022000	0.638675
0.024000	-0.449627
0.026000	-0.074187
0.028000	-0.082687
0.030000	-0.765024
0.032000	-0.146375
0.034000	-0.618565
0.036000	0.042535
0.038000	0.113834
0.040000	-0.333878
0.042000	-0.510919
0.044000	-0.398195
0.046000	-0.425933
0.048000	-0.108460
0.050000	-0.380788
0.052000	0.207407
0.054000	-0.651599
0.056000	-0.239545
0.058000	0.291192
0.060000	0.136402
0.062000	0.270799
0.064000	0.000152
0.066000	0.073286
0.068000	-0.087365
0.070000	0.153431
0.072000	0.298773
0.074000	0.103524
0.076000	-0.050265
0.078000	-0.354763
0.080000	-0.103751
0.082000	-0.149703
0.084000	0.037128
0.086000	-0.218181
0.088000	0.051979
0.090000	0.421019
0.092000	0.381017
0.094000	0.203647
0.096000	0.459673
0.098000	0.071526
0.100000	0.148196
0.102000	0.113558
0.104000	0.689520
0.106000	0.081852
0.108000	0.124396
0.110000	-0.005811
0.112000	0.223843
0.114000	0.074412
0.116000	-0.097371
0.118000	-0.210695
0.120000	0.663910
0.122000	0.042289
0.124000	-0.169490
0.126000	0.184655
0.128000	-0.377947
0.130000	0.480965
0.132000	0.437668
0.134000	-0.338461
0.136000	0.779936
0.138000	0.414598
0.140000	0.222575
0.142000	0.322714
0.144000	-0.693922
0.146000	-0.136493
0.148000	0.180218
0.150000	0.011555
0.152000	0.157819
0.154000	0.908678
0.156000	0.696533
0.158000	0.280306
0.160000	0.135579
0.162000	0.391644
0.164000	0.449923
0.166000	0.002857
0.168000	-0.178053
0.170000	-0.178400
0.172000	-0.133035
0.174000	0.267126
0.176000	-0.060400
0.178000	0.702832
0.180000	0.696333
0.182000	0.146786
0.184000	0.108850
0.186000	0.503902
0.188000	-0.282264
0.190000	0.031838
0.192000	0.004458
0.194000	0.239749
0.196000	0.183769
0.198000	0.663507
0.200000	0.460299
0.202000	-0.082966
0.204000	0.600740
0.206000	-0.030615
0.208000	-0.086307
0.210000	0.046474
0.212000	0.699923
0.214000	0.565289
0.216000	0.319165
0.218000	0.559308
0.220000	0.539506
0.222000	0.161938
0.224000	0.402861
0.226000	0.478886
0.228000	0.144883
0.230000	0.528030
0.232000	0.465547
0.234000	0.047744
0.236000	0.410104
0.238000	0.228413
0.240000	0.268272
0.242000	-0.320874
0.244000	0.081805
0.246000	0.487968
0.248000	0.956627
0.250000	0.176969
0.252000	-0.045070
0.254000	0.176628
0.256000	0.430028
0.258000	0.664677
0.260000	0.288102
0.262000	0.567526
0.264000	0.533019
0.266000	-0.197319
0.268000	0.362280
0.270000	-0.195893
0.272000	0.390225
0.274000	0.212819
0.276000	0.509870
0.278000	0.192769
0.280000	0.721147
0.282000	0.550331
0.284000	0.202725
0.286000	-0.217699
0.288000	-0.081641
0.290000	0.323871
0.292000	0.313365
0.294000	0.260324
0.296000	0.032816
0.298000	0.483527
0.300000	0.318686
0.302000	0.108744
0.304000	0.144693
0.306000	0.148258
0.308000	0.426807
0.310000	0.405629
0.312000	-0.193411
0.314000	-0.045704
0.316000	-0.040337
0.318000	0.680334
0.320000	0.031528
0.322000	0.036116
0.324000	0.459498
0.326000	0.200942
0.328000	0.036363
0.330000	0.103848
0.332000	-0.151790
0.334000	0.597367
0.336000	-0.106874
0.338000	-0.529156
0.340000	-0.109182
0.342000	-0.379130
0.344000	0.090315
0.346000	-0.007760
0.348000	-0.237442
0.350000	0.024744
0.352000	-0.600254
0.354000	-0.101229
0.356000	-0.116538
0.358000	0.196698
0.360000	0.432650
0.362000	-0.353651
0.364000	0.089203
0.366000	-0.015216
0.368000	-0.208552
0.370000	-0.592610
0.372000	-0.042839
0.374000	-0.359309
0.376000	-0.541571
0.378000	-0.372261
0.380000	0.162539
0.382000	-0.379730
0.384000	-0.051558
0.386000	0.225043
0.388000	-0.314780
0.390000	0.410614
0.392000	0.603625
0.394000	-0.189772
0.396000	0.230999
0.398000	-0.215348
0.400000	-0.434435
0.402000	0.013618
0.404000	-0.220082
0.406000	-0.248230
0.408000	0.366999
0.410000	-0.300780
0.412000	0.080434
0.414000	0.430978
0.416000	0.265217
0.418000	0.020359
0.420000	0.379513
0.422000	0.089175
0.424000	-0.571512
0.426000	0.126865
0.428000	-0.130631
0.430000	0.278215
0.432000	-0.224712
0.434000	-0.284080
0.436000	-0.176142
0.438000	-0.129012
0.440000	-0.403106
0.442000	0.129321
0.444000	0.009001
0.446000	-0.237642
0.448000	-0.084442
0.450000	-0.076845
0.452000	-0.010429
0.454000	0.533852
0.456000	-0.007546
0.458000	-0.521958
0.460000	0.529777
0.462000	-0.016173
0.464000	0.008423
0.466000	0.245033
0.468000	-0.004951
0.470000	0.350393
0.472000	0.319568
0.474000	-0.046825
0.476000	0.044217
0.478000	0.092452
0.480000	0.066270
0.482000	-0.077524
0.484000	0.004473
0.486000	0.155742
0.488000	-0.080231
0.490000	-0.234278
0.492000	-0.309302
0.494000	-0.371477
0.496000	-0.376457
0.498000	-0.112460
0.500000	-0.199009
0.502000	0.433502
0.504000	-0.489670
0.506000	-0.175227
0.508000	-0.055114
0.510000	-0.105230
0.512000	0.018576
0.514000	-0.066819
0.516000	-0.096555
0.518000	-0.068654
0.520000	-0.023410
0.522000	-0.094426
0.524000	-0.128742
0.526000	-0.046002
0.528000	0.061699
0.530000	-0.095215
0.532000	-0.026280
0.534000	-0.082789
0.536000	-0.065517
0.538000	-0.139226
0.540000	-0.056831
0.542000	0.091013
0.544000	-0.177758
0.546000	-0.097776
0.548000	0.060432
0.550000	-0.114336
0.552000	-0.227873
0.554000	-0.107718
0.556000	-0.056569
0.558000	-0.108953
0.560000	-0.085285
0.562000	0.039088
0.564000	0.007094
0.566000	-0.097741
0.568000	-0.022352
0.570000	-0.118632
0.572000	-0.050903
0.574000	-0.118934
0.576000	0.024827
0.578000	-0.202068
0.580000	-0.069590
0.582000	-0.089201
0.584000	-0.126679
0.586000	-0.158079
0.588000	-0.049778
0.590000	-0.199751
0.592000	-0.024334
0.594000	-0.130109
0.596000	0.022201
0.598000	-0.000822
0.600000	-0.073564
0.602000	-0.077423
0.604000	-0.130205
0.606000	-0.124712
0.608000	-0.029370
0.610000	-0.008515
0.612000	-0.154467
0.614000	-0.018828
0.616000	-0.190761
0.618000	-0.162734
0.620000	-0.105994
0.622000	-0.044700
0.624000	-0.046331
0.626000	-0.039998
0.628000	-0.145810
0.630000	-0.027584
0.632000	-0.226601
0.634000	-0.102942
0.636000	-0.099261
0.638000	-0.111777
0.640000	-0.143412
0.642000	-0.149356
0.644000	-0.262585
0.646000	-0.133652
0.648000	-0.196931
0.650000	-0.219093
0.652000	-0.213572
0.654000	-0.148271
0.656000	-0.025826
0.658000	0.082585
0.660000	-0.111982
0.662000	-0.150679
0.664000	-0.214571
0.666000	-0.184317
0.668000	-0.217952
0.670000	-0.087114
0.672000	-0.206545
0.674000	-0.091046
0.676000	-0.178859
0.678000	-0.124656
0.680000	-0.258257
0.682000	-0.040634
0.684000	-0.169646
0.686000	-0.103537
0.688000	-0.114579
0.690000	-0.114547
0.692000	-0.142242
0.694000	-0.117538
0.696000	-0.043900
0.698000	-0.112405
0.700000	-0.198251
0.702000	-0.146789
0.704000	-0.215683
0.706000	-0.067864
0.708000	0.005316
0.710000	-0.204494
0.712000	-0.061742
0.714000	0.039606
0.716000	-0.183161
0.718000	-0.206407
0.720000	-0.116077
0.722000	-0.010365
0.724000	-0.157380
0.726000	-0.091792
0.728000	-0.206886
0.730000	-0.098261
0.732000	-0.145512
0.734000	-0.201435
0.736000	-0.025975
0.738000	-0.141890
0.740000	-0.097716
0.742000	-0.112688
0.744000	-0.155258
0.746000	-0.067464
0.748000	-0.071245
0.750000	-0.147350
0.752000	0.026449
0.754000	-0.190035
0.756000	0.053562
0.758000	-0.205309
0.760000	-0.162785
0.762000	-0.078976
0.764000	-0.132305
0.766000	0.050731
0.768000	-0.194317
0.770000	-0.124738
0.772000	-0.215850
0.774000	-0.227517
0.776000	-0.258247
0.778000	-0.085795
0.780000	-0.198803
0.782000	-0.031553
0.784000	-0.057507
0.786000	-0.047988
0.788000	-0.231649
0.790000	-0.109341
0.792000	-0.120376
0.794000	-0.039848
0.796000	-0.091529
0.798000	-0.032949
0.800000	-0.089827
0.802000	-0.179776
0.804000	-0.023000
0.806000	-0.128814
0.808000	-0.001038
0.810000	-0.155276
0.812000	-0.157188
0.814000	-0.057171
0.816000	-0.059117
0.818000	-0.022438
0.820000	-0.063530
0.822000	-0.100644
0.824000	-0.058666
0.826000	-0.181642
0.828000	-0.193496
0.830000	-0.061763
0.832000	-0.249838
0.834000	-0.107310
0.836000	-0.192579
0.838000	-0.278340
0.840000	-0.257076
0.842000	-0.215107
0.844000	-0.087336
0.846000	-0.176268
0.848000	-0.245006
0.850000	-0.066114
0.852000	-0.049881
0.854000	0.024965
0.856000	-0.185350
0.858000	-0.005828
0.860000	-0.253552
0.862000	-0.049532
0.864000	0.024026
0.866000	-0.182192
0.868000	-0.058291
0.870000	-0.010833
0.872000	-0.154900
0.874000	-0.091393
0.876000	-0.084096
0.878000	-0.138235
0.880000	-0.073216
0.882000	-0.060701
0.884000	-0.109364
0.886000	-0.099319
0.888000	-0.059382
0.890000	0.013203
0.892000	-0.160549
0.894000	-0.061472
0.896000	-0.090882
0.898000	-0.113478
0.900000	0.091558
0.902000	-0.192108
0.904000	-0.162406
0.906000	-0.178763
0.908000	-0.191088
0.910000	-0.210603
0.912000	-0.150895
0.914000	-0.036815
0.916000	0.006660
0.918000	-0.069991
0.920000	-0.042278
0.922000	-0.024307
0.924000	0.075631
0.926000	-0.091618
0.928000	-0.125050
0.930000	-0.062139
0.932000	-0.038262
0.934000	-0.047237
0.936000	0.009942
0.938000	-0.056391
0.940000	-0.029787
0.942000	-0.018550
0.944000	-0.013594
0.946000	-0.107793
0.948000	-0.020716
0.950000	-0.038679
0.952000	0.146671
0.954000	-0.130256
0.956000	0.006405
0.958000	0.049565
0.960000	-0.115456
0.962000	-0.090210
0.964000	-0.034942
0.966000	0.015587
0.968000	-0.016663
0.970000	0.155392
0.972000	-0.149324
0.974000	0.036220
0.976000	0.064867
0.978000	-0.028918
0.980000	-0.055327
0.982000	-0.066087
0.984000	-0.185907
0.986000	-0.116239
0.988000	0.005599
0.990000	0.037874
0.992000	-0.112521
0.994000	0.111571
0.996000	-0.005598
0.998000	0.016832
1.000000	-0.189531
1.002000	-0.058302
1.004000	0.069778
1.006000	0.050366
1.008000	0.034263
1.010000	0.068082
1.012000	0.141545
1.014000	0.010976
1.016000	0.140633
1.018000	0.074232
1.020000	0.073101
1.022000	0.069905
1.024000	0.186896
1.026000	-0.514982
1.028000	-0.326875
1.030000	-0.001095
1.032000	-0.056444
1.034000	-0.370604
1.036000	0.323517
1.038000	-0.156693
1.040000	0.157129
1.042000	0.085916
1.044000	-0.137380
1.046000	-0.296494
1.048000	-0.206334
1.050000	-0.124724
1.052000	-0.330656
1.054000	0.169025
1.056000	-0.369893
1.058000	0.298558
1.060000	-0.831909
1.062000	0.027538
1.064000	0.386382
1.066000	0.222207
1.068000	-0.143438
1.070000	0.781284
1.072000	-0.137958
1.074000	-0.280601
1.076000	-0.200447
1.078000	0.499270
1.080000	-0.600453
1.082000	0.026231
1.084000	0.150747
1.086000	-0.315839
1.088000	-0.235452
1.090000	-0.275161
1.092000	-0.235772
1.094000	-0.252588
1.096000	-0.332628
1.098000	-0.310521
1.100000	-0.191521
1.102000	-0.236951
1.104000	0.073790
1.106000	-0.804047
1.108000	-0.020420
1.110000	0.074656
1.112000	0.211012
1.114000	-0.117645
1.116000	0.141433
1.118000	-0.540987
1.120000	-0.088506
1.122000	-0.042137
1.124000	-0.342484
1.126000	-0.038963
1.128000	-0.288422
1.130000	0.223589
1.132000	-0.278399
1.134000	0.038160
1.136000	-0.171159
1.138000	0.257592
1.140000	-0.314565
1.142000	-0.267967
1.144000	-0.475532
1.146000	0.249293
1.148000	0.314228
1.150000	0.132355
1.152000	0.110483
1.154000	-0.208063
1.156000	-0.127668
1.158000	-0.028229
1.160000	-0.121139
1.162000	-0.223483
1.164000	-0.592354
1.166000	-0.399976
1.168000	-0.022074
1.170000	-0.342908
1.172000	0.131556
1.174000	0.161558
1.176000	-0.241664
1.178000	-0.030069
1.180000	0.182639
1.182000	0.377874
1.184000	0.468702
1.186000	0.940995
1.188000	1.217737
1.190000	1.028780
1.192000	1.646341
1.194000	1.486607
1.196000	1.529869
1.198000	1.209655
1.200000	1.204714
1.202000	1.291358
1.204000	0.773641
1.206000	0.713670
1.208000	0.553657
1.210000	0.331379
1.212000	-0.283250
1.214000	-0.361024
1.216000	-0.780562
1.218000	-0.430799
1.220000	-0.561022
1.222000	-0.369251
1.224000	-0.285093
1.226000	-0.944257
1.228000	-0.754605
1.230000	0.192738
1.232000	-0.420353
1.234000	0.095368
1.236000	-0.624519
1.238000	-0.085882
1.240000	0.075960
1.242000	-0.236563
1.244000	0.037860
1.246000	-0.023755
1.248000	-0.447230
1.250000	-0.173817
1.252000	-0.058363
1.254000	-0.014763
1.256000	-0.566611
1.258000	0.078944
1.260000	-0.620190
1.262000	0.039846
1.264000	-0.022594
1.266000	0.073156
1.268000	-0.175575
1.270000	0.344490
1.272000	0.057137
1.274000	-0.155278
1.276000	-0.554870
1.278000	-0.433081
1.280000	-0.260985
1.282000	0.018201
1.284000	-0.221629
1.286000	-0.054078
1.288000	0.158034
1.290000	0.011700
1.292000	-0.341771
1.294000	-0.508580
1.296000	0.086379
1.298000	-0.047039
1.300000	-0.372284
1.302000	0.455122
1.304000	0.359845
1.306000	0.047883
1.308000	-0.336012
1.310000	0.485881
1.312000	-0.065628
1.314000	-0.483470
1.316000	-0.227735
1.318000	-0.384480
1.320000	-0.219434
1.322000	0.103400
1.324000	-0.230975
1.326000	-0.367959
1.328000	0.083107
1.330000	-0.109304
1.332000	0.038240
1.334000	0.195875
1.336000	0.466037
1.338000	-0.097974
1.340000	0.109760
1.342000	0.096645
1.344000	0.192015
1.346000	0.383233
1.348000	0.006910
1.350000	0.011184
1.352000	0.253254
1.354000	-0.113956
1.356000	0.288908
1.358000	0.151381
1.360000	-0.218832
1.362000	0.062337
1.364000	0.085393
1.366000	-0.445658
1.368000	-0.087229
1.370000	0.078679
1.372000	0.108101
1.374000	-0.011433
1.376000	0.201843
1.378000	-0.277537
1.380000	-0.310865
1.382000	0.032547
1.384000	0.213076
1.386000	-0.189513
1.388000	-0.102383
1.390000	0.011597
1.392000	0.132714
1.394000	0.350371
1.396000	0.312134
1.398000	0.202742
1.400000	-0.155645
1.402000	-0.095625
1.404000	0.278792
1.406000	0.022061
1.408000	0.366186
1.410000	-0.246128
1.412000	-0.118334
1.414000	0.406896
1.416000	-0.162064
1.418000	-0.020535
1.420000	0.363226
1.422000	-0.093683
1.424000	0.035785
1.426000	0.177853
1.428000	-0.100982
1.430000	0.285752
1.432000	0.442185
1.434000	0.160245
1.436000	0.121807
1.438000	0.039876
1.440000	0.188500
1.442000	0.543388
1.444000	0.409690
1.446000	0.631622
1.448000	0.084723
1.450000	-0.309622
1.452000	0.029777
1.454000	0.105062
1.456000	-0.110451
1.458000	0.444872
1.460000	0.135875
1.462000	0.050908
1.464000	0.148324
1.466000	0.188560
1.468000	-0.061569
1.470000	0.329820
1.472000	0.687222
1.474000	0.318937
1.476000	-0.033161
1.478000	0.594791
1.480000	0.022453
1.482000	-0.019524
1.484000	0.034126
1.486000	0.249117
1.488000	0.370962
1.490000	0.101335
1.492000	0.099841
1.494000	-0.540803
1.496000	-0.215144
1.498000	0.635512
1.500000	0.477160
1.502000	-0.145788
1.504000	0.022001
1.506000	-0.029713
1.508000	0.049308
1.510000	-0.182308
1.512000	-0.289957
1.514000	-0.183705
1.516000	-0.233967
1.518000	-0.007406
1.520000	-0.000842
1.522000	-0.145043
1.524000	-0.631919
1.526000	-0.014478
1.528000	-0.166896
1.530000	-0.136623
1.532000	-0.472376
1.534000	-0.275270
1.536000	0.104601
1.538000	-0.273692
1.540000	-0.341024
1.542000	-0.117193
1.544000	-0.116584
1.546000	-0.434055
1.548000	-0.377790
1.550000	-0.251903
1.552000	0.082417
1.554000	-0.392375
1.556000	-0.268225
1.558000	-0.465872
1.560000	-0.288534
1.562000	-0.513934
1.564000	-0.228855
1.566000	0.154719
1.568000	-0.519764
1.570000	-0.355712
1.572000	-0.133642
1.574000	-0.349430
1.576000	-0.776484
1.578000	-0.281614
1.580000	-0.249968
1.582000	-0.402867
1.584000	-0.436138
1.586000	-0.080930
1.588000	-0.171611
1.590000	-0.176788
1.592000	-0.267680
1.594000	-0.514947
1.596000	-0.147278
1.598000	-0.503167
1.600000	-0.015126
1.602000	-0.584642
1.604000	-0.207139
1.606000	-0.319386
1.608000	-0.399608
1.610000	-0.536667
1.612000	-0.308609
1.614000	-0.561950
1.616000	-0.129637
1.618000	-0.442253
1.620000	-0.031567
1.622000	0.078565
1.624000	-0.310711
1.626000	-0.321586
1.628000	-0.549898
1.630000	-0.465082
1.632000	-0.121571
1.634000	-0.065306
1.636000	-0.485284
1.638000	-0.120063
1.640000	-0.655640
1.642000	-0.357248
1.644000	-0.213855
1.646000	-0.223798
1.648000	-0.177012
1.650000	-0.222771
1.652000	-0.361600
1.654000	-0.093633
1.656000	-0.682162
1.658000	-0.295652
1.660000	-0.175148
1.662000	-0.195182
1.664000	-0.363910
1.666000	-0.510246
1.668000	-0.774001
1.670000	-0.286981
1.672000	-0.531931
1.674000	-0.592171
1.676000	-0.507675
1.678000	-0.408117
1.680000	-0.108649
1.682000	0.068704
1.684000	-0.447564
1.686000	-0.302116
1.688000	-0.509420
1.690000	-0.579797
1.692000	-0.729151
1.694000	-0.304833
1.696000	-0.548500
1.698000	-0.189734
1.700000	-0.508169
1.702000	-0.469689
1.704000	-0.472494
1.706000	0.033064
1.708000	-0.385922
1.710000	-0.399228
1.712000	-0.395794
1.714000	-0.463418
1.716000	-0.580251
1.718000	-0.282184
1.720000	-0.088775
1.722000	-0.309091
1.724000	-0.472388
1.726000	-0.490707
1.728000	-0.661095
1.730000	-0.290565
1.732000	0.005411
1.734000	-0.648302
1.736000	-0.205244
1.738000	-0.021311
1.740000	-0.554244
1.742000	-0.612891
1.744000	-0.331457
1.746000	0.022715
1.748000	-0.589041
1.750000	-0.264034
1.752000	-0.491301
1.754000	-0.300744
1.756000	-0.377258
1.758000	-0.507199
1.760000	-0.300273
1.762000	-0.468003
1.764000	-0.288356
1.766000	-0.317363
1.768000	-0.472220
1.770000	-0.289127
1.772000	-0.285053
1.774000	-0.516415
1.776000	0.003086
1.778000	-0.662315
1.780000	0.215703
1.782000	-0.597001
1.784000	-0.496762
1.786000	-0.200492
1.788000	-0.378758
1.790000	0.110183
1.792000	-0.577521
1.794000	-0.324974
1.796000	-0.712511
1.798000	-0.615906
1.800000	-0.590387
1.802000	-0.208107
1.804000	-0.457861
1.806000	-0.059445
1.808000	-0.152016
1.810000	-0.083844
1.812000	-0.695785
1.814000	-0.242447
1.816000	-0.363471
1.818000	0.025820
1.820000	-0.225952
1.822000	-0.047481
1.824000	-0.291679
1.826000	-0.484613
1.828000	-0.048426
1.830000	-0.180348
1.832000	0.118314
1.834000	-0.505234
1.836000	-0.408491
1.838000	-0.154398
1.840000	-0.036315
1.842000	0.066518
1.844000	-0.226085
1.846000	-0.222427
1.848000	0.051554
1.850000	-0.397075
1.852000	-0.350752
1.854000	-0.022995
1.856000	-0.541723
1.858000	-0.135463
1.860000	-0.452162
1.862000	-0.576332
1.864000	-0.537595
1.866000	-0.472757
1.868000	-0.191981
1.870000	-0.453300
1.872000	-0.628013
1.874000	-0.014607
1.876000	-0.015699
1.878000	0.109858
1.880000	-0.371152
1.882000	0.099388
1.884000	-0.572292
1.886000	-0.052704
1.888000	0.128858
1.890000	-0.306472
1.892000	0.027764
1.894000	0.065557
1.896000	-0.358406
1.898000	-0.224366
1.900000	-0.221408
1.902000	-0.419243
1.904000	-0.271594
1.906000	-0.131614
1.908000	-0.178893
1.910000	-0.107445
1.912000	-0.037538
1.914000	0.048502
1.916000	-0.358934
1.918000	-0.104219
1.920000	-0.169577
1.922000	-0.245047
1.924000	0.300284
1.926000	-0.400032
1.928000	-0.416073
1.930000	-0.452160
1.932000	-0.478295
1.934000	-0.465054
1.936000	-0.311135
1.938000	-0.004436
1.940000	0.012653
1.942000	-0.105212
1.944000	-0.010676
1.946000	-0.106642
1.948000	0.220645
1.950000	-0.078775
1.952000	-0.364450
1.954000	-0.126937
1.956000	-0.067327
1.958000	0.015065
1.960000	0.099101
1.962000	-0.057003
1.964000	-0.034321
1.966000	-0.119799
1.968000	0.102490
1.970000	-0.133693
1.972000	0.028654
1.974000	0.027126
1.976000	0.465795
1.978000	-0.324110
1.980000	0.031693
1.982000	0.230947
1.984000	-0.204836
1.986000	-0.100740
1.988000	-0.007835
1.990000	-0.019751
1.992000	-0.018285
1.994000	0.546674
1.996000	-0.374825
1.998000	0.216331
2.000000	0.143742
2.002000	-0.068825
2.004000	-0.240226
2.006000	-0.145628
2.008000	-0.433130
2.010000	-0.161921
2.012000	0.011571
2.014000	0.077207
2.016000	-0.193303
2.018000	0.179986
2.020000	0.148596
2.022000	0.128181
2.024000	-0.499256
2.026000	-0.152921
2.028000	0.120875
2.030000	0.151614
2.032000	0.025259
2.034000	0.057613
2.036000	0.351461
2.038000	-0.117664
2.040000	0.318774
2.042000	0.137329
2.044000	-0.080416
2.046000	0.201805
2.048000	0.209006
2.050000	-0.301774
2.052000	-0.461852
2.054000	0.058468
2.056000	-0.841938
2.058000	-0.540427
2.060000	-0.029044
2.062000	-0.255242
2.064000	-0.471201
2.066000	-0.158269
2.068000	-0.070652
2.070000	-0.198458
2.072000	0.340305
2.074000	-0.314533
2.076000	0.022507
2.078000	-0.159483
2.080000	-0.044549
2.082000	-0.485724
2.084000	-0.547988
2.086000	-0.155115
2.088000	-0.617630
2.090000	-0.442129
2.092000	-0.088565
2.094000	-0.327946
2.096000	-0.273269
2.098000	-0.207479
2.100000	-0.209563
2.102000	-0.159638
2.104000	-0.206908
2.106000	-0.751338
2.108000	-0.149868
2.110000	-0.093106
2.112000	0.410752
2.114000	-0.344530
2.116000	-0.226545
2.118000	0.007132
2.120000	0.014871
2.122000	0.043661
2.124000	-0.689009
2.126000	-0.204820
2.128000	-0.238324
2.130000	0.054718
2.132000	-0.128782
2.134000	0.489704
2.136000	-0.372798
2.138000	-0.256768
2.140000	-0.532934
2.142000	-0.363145
2.144000	-0.235655
2.146000	-0.263278
2.148000	-0.051799
2.150000	-0.377042
2.152000	-0.872958
2.154000	-0.233138
2.156000	-0.400127
2.158000	-0.448950
2.160000	-0.545445
2.162000	-0.243912
2.164000	-0.264888
2.166000	-0.175011
2.168000	-0.282898
2.170000	0.079595
2.172000	-0.099981
2.174000	0.527965
2.176000	0.455568
2.178000	0.493226
2.180000	0.541495
2.182000	1.241291
2.184000	1.024215
2.186000	1.648796
2.188000	1.291424
2.190000	1.565204
2.192000	1.295959
2.194000	0.684839
2.196000	0.234194
2.198000	0.247565
2.200000	0.245101
2.202000	-0.718655
2.204000	-0.804718
2.206000	-0.544013
2.208000	-0.374023
2.210000	-0.613265
2.212000	-1.098774
2.214000	-0.481166
2.216000	-0.356304
2.218000	0.008182
2.220000	-0.455521
2.222000	-0.727657
2.224000	-0.871482
2.226000	-0.677434
2.228000	-0.722921
2.230000	-0.557747
2.232000	-0.704757
2.234000	-0.174237
2.236000	-0.282611
2.238000	-0.350352
2.240000	-0.270882
2.242000	-0.487335
2.244000	-0.200811
2.246000	-0.303631
2.248000	-0.181382
2.250000	-0.043284
2.252000	-0.083300
2.254000	-0.297153
2.256000	0.081845
2.258000	-0.379418
2.260000	-0.663331
2.262000	-0.302252
2.264000	-0.522122
2.266000	-0.100063
2.268000	-0.175370
2.270000	-0.071842
2.272000	-0.310700
2.274000	0.070729
2.276000	-0.303227
2.278000	-0.070705
2.280000	0.008266
2.282000	-0.696942
2.284000	-0.340754
2.286000	-0.391373
2.288000	-0.221822
2.290000	-0.624501
2.292000	0.197840
2.294000	-0.110930
2.296000	-0.066757
2.298000	-0.248044
2.300000	-0.106297
2.302000	0.123520
2.304000	-0.016794
2.306000	-0.506891
2.308000	-0.273009
2.310000	-0.522158
2.312000	-0.552535
2.314000	-0.006674
2.316000	0.346740
2.318000	0.412169
2.320000	-0.089183
2.322000	-0.016814
2.324000	-0.369773
2.326000	-0.252302
2.328000	0.006426
2.330000	0.084424
2.332000	0.101359
2.334000	0.000758
2.336000	-0.314576
2.338000	-0.239990
2.340000	0.305965
2.342000	0.089443
2.344000	0.346934
2.346000	-0.306814
2.348000	-0.190534
2.350000	-0.204514
2.352000	0.222732
2.354000	0.310896
2.356000	-0.244712
2.358000	0.081130
2.360000	0.169141
2.362000	0.132863
2.364000	-0.374393
2.366000	0.292197
2.368000	0.111034
2.370000	-0.333756
2.372000	-0.213629
2.374000	-0.381435
2.376000	-0.177919
2.378000	-0.435461
2.380000	-0.038482
2.382000	-0.275895
2.384000	0.322836
2.386000	0.154659
2.388000	0.195075
2.390000	0.406668
2.392000	0.123336
2.394000	0.509783
2.396000	-0.182131
2.398000	0.348275
2.400000	0.626530
2.402000	0.305986
2.404000	-0.131410
2.406000	0.462776
2.408000	-0.062373
2.410000	0.095220
2.412000	0.020363
2.414000	-0.609714
2.416000	0.303578
2.418000	-0.038837
2.420000	-0.245407
2.422000	0.079446
2.424000	0.414352
2.426000	0.306417
2.428000	-0.202278
2.430000	0.179483
2.432000	-0.067049
2.434000	0.142881
2.436000	0.017072
2.438000	-0.148817
2.440000	0.196047
2.442000	-0.189905
2.444000	0.100322
2.446000	0.036000
2.448000	-0.176154
2.450000	0.165756
2.452000	-0.066073
2.454000	0.012706
2.456000	0.022642
2.458000	0.026290
2.460000	-0.060430
2.462000	-0.119892
2.464000	0.025132
2.466000	-0.239759
2.468000	-0.269533
2.470000	-0.088296
2.472000	0.395513
2.474000	-0.048468
2.476000	-0.560403
2.478000	-0.198100
2.480000	0.206511
2.482000	-0.303992
2.484000	-0.146153
2.486000	-0.426293
2.488000	-0.074193
2.490000	-0.549574
2.492000	-0.182226
2.494000	0.243704
2.496000	-0.432576
2.498000	-0.346992
2.500000	0.067571
2.502000	-0.585756
2.504000	-0.260866
2.506000	0.075740
2.508000	-0.176032
2.510000	-0.318337
2.512000	0.137724
2.514000	-0.411007
2.516000	-0.060322
2.518000	0.107579
2.520000	-0.040413
2.522000	-0.413992
2.524000	0.156718
2.526000	-0.042750
2.528000	-0.062949
2.530000	-0.430367
2.532000	0.322823
2.534000	0.184999
2.536000	-0.241657
2.538000	0.015543
2.540000	-0.282200
2.542000	-0.117651
2.544000	-0.288664
2.546000	-0.140562
2.548000	0.369411
2.550000	0.034567
2.552000	0.329657
2.554000	-0.090685
2.556000	0.194414
2.558000	0.393056
2.560000	-0.046402
2.562000	-0.516443
2.564000	-0.525303
2.566000	-0.173101
2.568000	-0.353257
2.570000	-0.663604
2.572000	-0.647232
2.574000	-0.509587
2.576000	0.035744
2.578000	-0.626970
2.580000	-0.400759
2.582000	-0.602977
2.584000	-0.403727
2.586000	-0.690180
2.588000	-0.348170
2.590000	0.092200
2.592000	-0.644010
2.594000	-0.484394
2.596000	-0.274578
2.598000	-0.462427
2.600000	-0.884274
2.602000	-0.279693
2.604000	-0.209436
2.606000	-0.461601
2.608000	-0.485562
2.610000	-0.132907
2.612000	-0.229560
2.614000	-0.067226
2.616000	-0.323594
2.618000	-0.647609
2.620000	-0.182193
2.622000	-0.543915
2.624000	-0.051733
2.626000	-0.703558
2.628000	-0.306962
2.630000	-0.413139
2.632000	-0.498435
2.634000	-0.677402
2.636000	-0.453182
2.638000	-0.580524
2.640000	-0.165591
2.642000	-0.521158
2.644000	-0.005306
2.646000	0.225879
2.648000	-0.380866
2.650000	-0.334436
2.652000	-0.715941
2.654000	-0.661672
2.656000	-0.229581
2.658000	-0.098549
2.660000	-0.591087
2.662000	-0.179879
2.664000	-0.794993
2.666000	-0.455405
2.668000	-0.293382
2.670000	-0.292853
2.672000	-0.186449
2.674000	-0.313302
2.676000	-0.355821
2.678000	-0.130723
2.680000	-0.807317
2.682000	-0.439061
2.684000	-0.195083
2.686000	-0.284098
2.688000	-0.412935
2.690000	-0.547887
2.692000	-0.868527
2.694000	-0.380955
2.696000	-0.585617
2.698000	-0.647140
2.700000	-0.535779
2.702000	-0.370233
2.704000	-0.078392
2.706000	0.048407
2.708000	-0.529936
2.710000	-0.391814
2.712000	-0.533552
2.714000	-0.721893
2.716000	-0.849359
2.718000	-0.400479
2.720000	-0.674048
2.722000	-0.199766
2.724000	-0.535333
2.726000	-0.481357
2.728000	-0.465336
2.730000	0.118427
2.732000	-0.370826
2.734000	-0.442856
2.736000	-0.486436
2.738000	-0.580780
2.740000	-0.747986
2.742000	-0.352947
2.744000	-0.114833
2.746000	-0.357862
2.748000	-0.482777
2.750000	-0.443001
2.752000	-0.665149
2.754000	-0.347467
2.756000	-0.004618
2.758000	-0.757248
2.760000	-0.264894
2.762000	0.035261
2.764000	-0.480222
2.766000	-0.603035
2.768000	-0.297313
2.770000	0.089843
2.772000	-0.655038
2.774000	-0.279287
2.776000	-0.495804
2.778000	-0.297967
2.780000	-0.381108
2.782000	-0.445988
2.784000	-0.337363
2.786000	-0.368021
2.788000	-0.293298
2.790000	-0.319938
2.792000	-0.449934
2.794000	-0.272456
2.796000	-0.243698
2.798000	-0.582329
2.800000	0.103118
2.802000	-0.643091
2.804000	0.368771
2.806000	-0.675889
2.808000	-0.597993
2.810000	-0.239374
2.812000	-0.284894
2.814000	0.182201
2.816000	-0.540241
2.818000	-0.293408
2.820000	-0.779133
2.822000	-0.634922
2.824000	-0.532967
2.826000	-0.132696
2.828000	-0.520068
2.830000	0.027928
2.832000	-0.106548
2.834000	-0.026936
2.836000	-0.718005
2.838000	-0.218140
2.840000	-0.349115
2.842000	0.067556
2.844000	-0.196336
2.846000	0.011879
2.848000	-0.289129
2.850000	-0.491030
2.852000	0.002882
2.854000	-0.144260
2.856000	0.253728
2.858000	-0.545478
2.860000	-0.383777
2.862000	-0.155777
2.864000	0.001812
2.866000	0.170656
2.868000	-0.242221
2.870000	-0.278402
2.872000	0.009961
2.874000	-0.395591
2.876000	-0.322616
2.878000	-0.049905
2.880000	-0.471574
2.882000	-0.110450
2.884000	-0.541714
2.886000	-0.671522
2.888000	-0.557889
2.890000	-0.469130
2.892000	-0.157319
2.894000	-0.416737
2.896000	-0.650292
2.898000	0.099689
2.900000	0.061123
2.902000	0.106940
2.904000	-0.335458
2.906000	0.145019
2.908000	-0.465804
2.910000	0.021777
2.912000	0.254700
2.914000	-0.276571
2.916000	0.112611
2.918000	0.128513
2.920000	-0.389264
2.922000	-0.245304
2.924000	-0.275547
2.926000	-0.403636
2.928000	-0.305344
2.930000	-0.050253
2.932000	-0.140224
2.934000	-0.023684
2.936000	-0.008058
2.938000	0.022009
2.940000	-0.402023
2.942000	-0.020945
2.944000	-0.212262
2.946000	-0.270682
2.948000	0.282162
2.950000	-0.459311
2.952000	-0.482538
2.954000	-0.493148
2.956000	-0.551615
2.958000	-0.482763
2.960000	-0.265606
2.962000	0.002272
2.964000	-0.060604
2.966000	-0.155323
2.968000	-0.022048
2.970000	-0.141871
2.972000	0.179439
2.974000	-0.124663
2.976000	-0.424760
2.978000	-0.210391
2.980000	-0.109817
2.982000	-0.014191
2.984000	0.159602
2.986000	-0.061183
2.988000	-0.023160
2.990000	-0.295702
2.992000	0.110560
2.994000	-0.122685
2.996000	-0.035558
2.998000	-0.036870
3.000000	0.484933
3.002000	-0.366699
3.004000	-0.077369
3.006000	0.150732
3.008000	-0.356724
3.010000	-0.131943
3.012000	0.020856
3.014000	-0.122919
3.016000	-0.076834
3.018000	0.564356
3.020000	-0.618230
3.022000	0.177423
3.024000	0.113608
3.026000	-0.035098
3.028000	-0.341765
3.030000	-0.133364
3.032000	-0.500836
3.034000	-0.134046
3.036000	-0.019919
3.038000	0.121619
3.040000	-0.177418
3.042000	0.155342
3.044000	0.213203
3.046000	0.159814
3.048000	-0.529565
3.050000	-0.171736
3.052000	0.035332
3.054000	0.194977
3.056000	-0.028627
3.058000	-0.012227
3.060000	0.321862
3.062000	-0.187813
3.064000	0.308131
3.066000	0.102330
3.068000	-0.159653
3.070000	0.162627
3.072000	-0.380074
3.074000	-0.570674
3.076000	-0.321020
3.078000	-0.312539
3.080000	-0.405616
3.082000	-0.229066
3.084000	-0.142228
3.086000	-0.135054
3.088000	0.385168
3.090000	0.213146
3.092000	0.609055
3.094000	0.736914
3.096000	0.593638
3.098000	1.151862
3.100000	1.310198
3.102000	1.082327
3.104000	1.545720
3.106000	1.288073
3.108000	1.430783
3.110000	1.264404
3.112000	0.857529
3.114000	0.437069
3.116000	0.019129
3.118000	0.325079
3.120000	-0.147739
3.122000	0.041297
3.124000	-0.286421
3.126000	-0.555627
3.128000	0.013350
3.130000	-0.306736
3.132000	-0.785339
3.134000	-0.536904
3.136000	-0.545372
3.138000	-0.422645
3.140000	-0.478455
3.142000	-0.272105
3.144000	-0.350309
3.146000	0.055280
3.148000	-0.260528
3.150000	-0.157099
3.152000	-0.675880
3.154000	-0.504829
3.156000	-0.248400
3.158000	-0.717657
3.160000	-0.147248
3.162000	-0.181779
3.164000	-0.119148
3.166000	-0.157338
3.168000	-0.466126
3.170000	-0.429820
3.172000	-0.340675
3.174000	0.030716
3.176000	-0.232800
3.178000	-0.329430
3.180000	0.090426
3.182000	-0.268626
3.184000	-0.385480
3.186000	0.132410
3.188000	-0.429473
3.190000	-0.246250
3.192000	0.031907
3.194000	-0.134287
3.196000	-0.508495
3.198000	-0.586336
3.200000	-0.443483
3.202000	0.159968
3.204000	0.163161
3.206000	-0.295788
3.208000	-0.410087
3.210000	0.027809
3.212000	-0.092318
3.214000	-0.747726
3.216000	0.291941
3.218000	0.279130
3.220000	0.068398
3.222000	0.221210
3.224000	-0.212519
3.226000	-0.066603
3.228000	0.070033
3.230000	0.003929
3.232000	0.119168
3.234000	-0.003966
3.236000	-0.250690
3.238000	-0.029039
3.240000	-0.765250
3.242000	0.245403
3.244000	-0.396702
3.246000	0.398377
3.248000	-0.017657
3.250000	0.012885
3.252000	-0.453507
3.254000	0.178839
3.256000	0.115718
3.258000	-0.457853
3.260000	-0.264237
3.262000	-0.332858
3.264000	-0.043539
3.266000	-0.264408
3.268000	0.064800
3.270000	-0.363978
3.272000	-0.108586
3.274000	0.471033
3.276000	-0.314395
3.278000	-0.009658
3.280000	-0.271287
3.282000	-0.044138
3.284000	-0.137304
3.286000	0.125245
3.288000	-0.232836
3.290000	0.093603
3.292000	-0.145389
3.294000	-0.039792
3.296000	-0.453439
3.298000	0.194204
3.300000	0.249295
3.302000	-0.163287
3.304000	0.081209
3.306000	0.504010
3.308000	0.541313
3.310000	-0.008851
3.312000	0.070936
3.314000	-0.036298
3.316000	-0.139767
3.318000	-0.271597
3.320000	0.207612
3.322000	-0.116137
3.324000	0.411785
3.326000	0.336240
3.328000	0.282641
3.330000	0.058430
3.332000	0.471192
3.334000	-0.156733
3.336000	0.166984
3.338000	0.040705
3.340000	0.096883
3.342000	0.243499
3.344000	0.089802
3.346000	0.165395
3.348000	0.011225
3.350000	0.085789
3.352000	-0.006342
3.354000	-0.027412
3.356000	0.200873
3.358000	0.457765
3.360000	0.102041
3.362000	0.279016
3.364000	-0.166600
3.366000	-0.071986
3.368000	0.142280
3.370000	0.395933
3.372000	0.221033
3.374000	0.020200
3.376000	0.434245
3.378000	0.190463
3.380000	-0.014268
3.382000	0.263581
3.384000	-0.053346
3.386000	0.413966
3.388000	-0.207782
3.390000	-0.321587
3.392000	0.056746
3.394000	0.012601
3.396000	0.240199
3.398000	-0.298557
3.400000	-0.266879
3.402000	-0.021324
3.404000	0.027110
3.406000	-0.414685
3.408000	0.079238
3.410000	0.094904
3.412000	0.000551
3.414000	0.046143
3.416000	-0.243772
3.418000	-0.282364
3.420000	-0.250205
3.422000	-0.298470
3.424000	-0.355335
3.426000	-0.089000
3.428000	-0.282863
3.430000	-0.331046
3.432000	-0.240722
3.434000	-0.331770
3.436000	0.016235
3.438000	-0.057620
3.440000	-0.189193
3.442000	0.111881
3.444000	-0.375520
3.446000	-0.354026
3.448000	0.170450
3.450000	0.025167
3.452000	0.121921
3.454000	0.112475
3.456000	0.346960
3.458000	-0.569806
3.460000	-0.055752
3.462000	-0.709509
3.464000	-0.076693
3.466000	0.056974
3.468000	-0.363855
3.470000	-0.203669
3.472000	-0.186824
3.474000	-0.114378
3.476000	0.076044
3.478000	-0.136741
3.480000	-0.488611
3.482000	0.371829
3.484000	-0.181443
3.486000	0.007617
3.488000	-0.287471
3.490000	-0.020857
3.492000	-0.214498
3.494000	-0.408326
3.496000	-0.371160
3.498000	0.052967
3.500000	0.071761
3.502000	-0.105803
3.504000	-0.007623
3.506000	0.146122
3.508000	-0.156860
3.510000	0.126314
3.512000	0.052477
3.514000	0.242481
3.516000	0.050347
3.518000	0.157542
3.520000	0.092778
3.522000	0.376286
3.524000	-0.545559
3.526000	-0.183932
3.528000	0.134382
3.530000	-0.020752
3.532000	-0.138895
3.534000	0.271341
3.536000	-0.107261
3.538000	-0.123377
3.540000	0.120623
3.542000	-0.158702
3.544000	-0.248883
3.546000	-0.441169
3.548000	0.087872
3.550000	-0.008294
3.552000	0.072736
3.554000	0.019883
3.556000	-0.175376
3.558000	-0.442101
3.560000	0.135220
3.562000	0.128823
3.564000	0.502260
3.566000	0.210236
3.568000	-0.057463
3.570000	0.545722
3.572000	-0.013551
3.574000	-0.018310
3.576000	0.033256
3.578000	0.241582
3.580000	0.304783
3.582000	-0.065764
3.584000	0.031591
3.586000	-0.140275
3.588000	-0.140661
3.590000	-0.052146
3.592000	-0.038980
3.594000	-0.173683
3.596000	-0.198539
3.598000	-0.125683
3.600000	0.002759
3.602000	-0.167601
3.604000	-0.142824
3.606000	-0.170017
3.608000	-0.125733
3.610000	-0.187425
3.612000	-0.069390
3.614000	0.030020
3.616000	-0.079838
3.618000	-0.109566
3.620000	-0.076674
3.622000	-0.085980
3.624000	-0.230225
3.626000	-0.045886
3.628000	-0.069424
3.630000	-0.118632
3.632000	-0.142521
3.634000	-0.066302
3.636000	-0.083958
3.638000	-0.035995
3.640000	-0.106404
3.642000	-0.188697
3.644000	-0.043921
3.646000	-0.147482
3.648000	-0.057732
3.650000	-0.155776
3.652000	-0.089887
3.654000	-0.114431
3.656000	-0.145998
3.658000	-0.183608
3.660000	-0.177888
3.662000	-0.143066
3.664000	-0.065124
3.666000	-0.140717
3.668000	-0.031041
3.670000	0.013587
3.672000	-0.108035
3.674000	-0.096644
3.676000	-0.212994
3.678000	-0.222964
3.680000	-0.082984
3.682000	-0.061257
3.684000	-0.218701
3.686000	-0.104304
3.688000	-0.222810
3.690000	-0.159359
3.692000	-0.097616
3.694000	-0.112442
3.696000	-0.087410
3.698000	-0.139581
3.700000	-0.119822
3.702000	-0.084437
3.704000	-0.236453
3.706000	-0.134534
3.708000	-0.073834
3.710000	-0.125175
3.712000	-0.114984
3.714000	-0.194625
3.716000	-0.206438
3.718000	-0.111727
3.720000	-0.195253
3.722000	-0.191969
3.724000	-0.111866
3.726000	-0.117338
3.728000	-0.052367
3.730000	-0.034581
3.732000	-0.169406
3.734000	-0.071390
3.736000	-0.150648
3.738000	-0.206068
3.740000	-0.230809
3.742000	-0.112818
3.744000	-0.150567
3.746000	-0.051463
3.748000	-0.168578
3.750000	-0.152349
3.752000	-0.124511
3.754000	0.050787
3.756000	-0.093643
3.758000	-0.143517
3.760000	-0.115697
3.762000	-0.156990
3.764000	-0.187052
3.766000	-0.067520
3.768000	-0.030869
3.770000	-0.098103
3.772000	-0.086245
3.774000	-0.113595
3.776000	-0.147296
3.778000	-0.067779
3.780000	0.013044
3.782000	-0.190188
3.784000	-0.073722
3.786000	0.011437
3.788000	-0.145156
3.790000	-0.124328
3.792000	-0.079822
3.794000	0.067247
3.796000	-0.167334
3.798000	-0.050838
3.800000	-0.110162
3.802000	-0.043623
3.804000	-0.077215
3.806000	-0.052775
3.808000	-0.076435
3.810000	-0.131249
3.812000	-0.018254
3.814000	-0.090303
3.816000	-0.112629
3.818000	-0.084614
3.820000	-0.073057
3.822000	-0.176113
3.824000	0.020935
3.826000	-0.151223
3.828000	0.135264
3.830000	-0.192146
3.832000	-0.148503
3.834000	-0.058888
3.836000	-0.068342
3.838000	0.016516
3.840000	-0.138517
3.842000	-0.066756
3.844000	-0.206481
3.846000	-0.166944
3.848000	-0.064620
3.850000	-0.025532
3.852000	-0.121281
3.854000	-0.011506
3.856000	-0.033899
3.858000	-0.009661
3.860000	-0.167172
3.862000	-0.026496
3.864000	-0.122240
3.866000	0.043791
3.868000	-0.045200
3.870000	0.017785
3.872000	-0.102009
3.874000	-0.080517
3.876000	0.009845
3.878000	0.031646
3.880000	0.052842
3.882000	-0.197006
3.884000	-0.078947
3.886000	-0.028934
3.888000	0.010750
3.890000	0.070610
3.892000	-0.052775
3.894000	-0.101975
3.896000	0.043679
3.898000	-0.045532
3.900000	-0.023147
3.902000	0.008771
3.904000	-0.146306
3.906000	0.029505
3.908000	-0.125464
3.910000	-0.106045
3.912000	-0.109521
3.914000	-0.065782
3.916000	-0.016421
3.918000	-0.104836
3.920000	-0.131940
3.922000	0.034599
3.924000	-0.003733
3.926000	0.033631
3.928000	-0.045963
3.930000	0.057084
3.932000	-0.080736
3.934000	0.003083
3.936000	0.048346
3.938000	-0.023655
3.940000	0.085509
3.942000	0.071120
3.944000	-0.068766
3.946000	-0.056363
3.948000	-0.102539
3.950000	-0.058407
3.952000	-0.077967
3.954000	0.023525
3.956000	0.005575
3.958000	0.040554
3.960000	0.052530
3.962000	0.016458
3.964000	-0.036675
3.966000	-0.010372
3.968000	-0.007736
3.970000	-0.027385
3.972000	0.099065
3.974000	-0.079871
3.976000	-0.133578
3.978000	-0.052565
3.980000	-0.115753
3.982000	-0.062398
3.984000	-0.010101
3.986000	0.008243
3.988000	0.034109
3.990000	-0.010359
3.992000	-0.000602
3.994000	-0.023321
3.996000	0.099461
3.998000	0.029780
4.000000	-0.100855
4.002000	-0.024313
4.004000	-0.004071
4.006000	0.021436
4.008000	0.076426
4.010000	0.030774
4.012000	0.047146
4.014000	-0.065576
4.016000	0.062581
4.018000	0.015537
4.020000	0.061257
4.022000	0.031499
4.024000	0.137011
4.026000	-0.078057
4.028000	-0.014713
4.030000	0.056773
4.032000	-0.002561
4.034000	0.047305
4.036000	0.043481
4.038000	-0.014495
4.040000	0.027276
4.042000	0.185130
4.044000	-0.122350
4.046000	0.123844
4.048000	0.018982
4.050000	0.029309
4.052000	-0.087683
4.054000	-0.005764
4.056000	-0.068532
4.058000	0.037875
4.060000	0.014837
4.062000	0.043554
4.064000	0.029528
4.066000	0.073588
4.068000	0.105966
4.070000	0.062771
4.072000	-0.112597
4.074000	-0.006022
4.076000	0.061974
4.078000	0.095962
4.080000	0.024125
4.082000	0.026873
4.084000	0.137481
4.086000	-0.023406
4.088000	0.090583
4.090000	0.065829
4.092000	-0.079713
4.094000	0.048316
4.096000	0.024008
4.098000	0.307301
4.100000	0.297973
4.102000	0.356342
4.104000	0.302908
4.106000	0.337057
4.108000	0.030453
4.110000	0.563688
4.112000	-0.277332
4.114000	0.610898
4.116000	-0.186425
4.118000	-0.102030
4.120000	0.351331
4.122000	0.187726
4.124000	-0.279805
4.126000	0.249266
4.128000	0.282371
4.130000	0.237953
4.132000	-0.352177
4.134000	0.295171
4.136000	0.231415
4.138000	-0.151699
4.140000	0.264145
4.142000	0.328904
4.144000	0.633638
4.146000	-0.254158
4.148000	-0.505284
4.150000	0.293248
4.152000	0.147587
4.154000	0.216556
4.156000	-0.135862
4.158000	0.245486
4.160000	0.040837
4.162000	0.461352
4.164000	-0.223306
4.166000	-0.118802
4.168000	0.097666
4.170000	0.234321
4.172000	-0.322685
4.174000	0.489906
4.176000	-0.172497
4.178000	0.300996
4.180000	0.294339
4.182000	-0.161583
4.184000	0.233601
4.186000	0.107014
4.188000	0.393262
4.190000	0.224728
4.192000	0.219108
4.194000	0.053400
4.196000	0.184956
4.198000	-0.557093
4.200000	0.132296
4.202000	0.189469
4.204000	0.026028
4.206000	-0.227835
4.208000	0.206925
4.210000	-0.237587
4.212000	0.135009
4.214000	0.215425
4.216000	0.299649
4.218000	0.220790
4.220000	0.153294
4.222000	0.140211
4.224000	0.139742
4.226000	-0.242805
4.228000	0.759698
4.230000	0.255578
4.232000	0.169057
4.234000	0.493094
4.236000	0.292870
4.238000	-0.224316
4.240000	0.374650
4.242000	-0.024401
4.244000	0.415115
4.246000	0.623901
4.248000	0.330128
4.250000	0.488306
4.252000	0.408513
4.254000	-0.223051
4.256000	0.615315
4.258000	0.166209
4.260000	0.240713
4.262000	0.787187
4.264000	0.160756
4.266000	-0.076956
4.268000	0.330139
4.270000	0.387561
4.272000	0.076159
4.274000	0.301804
4.276000	0.196983
4.278000	-0.051348
4.280000	0.178696
4.282000	0.097437
4.284000	0.886265
4.286000	0.655298
4.288000	0.132153
4.290000	-0.022448
4.292000	0.102519
4.294000	0.536538
4.296000	-0.053293
4.298000	0.421588
4.300000	0.570480
4.302000	0.323527
4.304000	0.033292
4.306000	0.283189
4.308000	0.563183
4.310000	-0.033437
4.312000	0.168517
4.314000	0.481446
4.316000	0.620939
4.318000	0.386259
4.320000	0.055475
4.322000	0.540249
4.324000	0.156111
4.326000	0.111901
4.328000	0.212269
4.330000	-0.172470
4.332000	-0.205617
4.334000	0.627769
4.336000	0.173581
4.338000	0.477502
4.340000	0.175234
4.342000	0.446402
4.344000	0.425753
4.346000	0.105023
4.348000	0.752853
4.350000	-0.365831
4.352000	0.505597
4.354000	0.411765
4.356000	0.231134
4.358000	0.029356
4.360000	0.815030
4.362000	0.133076
4.364000	0.117965
4.366000	0.125240
4.368000	-0.206124
4.370000	-0.095086
4.372000	0.556618
4.374000	0.531315
4.376000	0.370331
4.378000	-0.128488
4.380000	-0.200431
4.382000	0.004091
4.384000	0.147216
4.386000	-0.016560
4.388000	0.114314
4.390000	0.234279
4.392000	-0.240272
4.394000	0.388713
4.396000	0.046909
4.398000	0.117189
4.400000	0.342739
4.402000	-0.186470
4.404000	0.217472
4.406000	0.255263
4.408000	-0.022703
4.410000	0.256714
4.412000	-0.191254
4.414000	-0.105431
4.416000	0.305048
4.418000	0.231680
4.420000	-0.117310
4.422000	0.458274
4.424000	0.309699
4.426000	0.699088
4.428000	0.493722
4.430000	0.463830
4.432000	0.744363
4.434000	-0.073565
4.436000	0.414931
4.438000	-0.016169
4.440000	0.397363
4.442000	0.054831
4.444000	0.240326
4.446000	-0.155380
4.448000	0.312837
4.450000	0.826968
4.452000	0.246704
4.454000	0.115962
4.456000	0.734554
4.458000	0.543048
4.460000	0.150859
4.462000	-0.384691
4.464000	0.363039
4.466000	0.225420
4.468000	0.403088
4.470000	0.568227
4.472000	0.415921
4.474000	-0.359569
4.476000	0.150698
4.478000	0.251618
4.480000	0.137640
4.482000	0.186060
4.484000	-0.061486
4.486000	1.079594
4.488000	0.434315
4.490000	1.116868
4.492000	0.797291
4.494000	1.059022
4.496000	1.109182
4.498000	0.994751
4.500000	0.539063
4.502000	0.735711
4.504000	1.128634
4.506000	1.366755
4.508000	1.108691
4.510000	1.650431
4.512000	1.884674
4.514000	1.075821
4.516000	0.750542
4.518000	0.659680
4.520000	0.449989
4.522000	0.396263
4.524000	-0.546527
4.526000	-0.120857
4.528000	-0.832786
4.530000	-0.554655
4.532000	-1.119222
4.534000	-1.156811
4.536000	-1.256689
4.538000	-0.967237
4.540000	-0.814056
4.542000	-1.098708
4.544000	-0.305381
4.546000	-0.368628
4.548000	-0.382202
4.550000	-0.674984
4.552000	-0.010440
4.554000	-0.429903
4.556000	0.222237
4.558000	-0.084380
4.560000	-0.275291
4.562000	-0.498961
4.564000	0.290010
4.566000	0.151660
4.568000	0.440264
4.570000	-0.165418
4.572000	-0.042192
4.574000	-0.496876
4.576000	-0.147343
4.578000	0.274315
4.580000	0.399945
4.582000	0.333587
4.584000	-0.017402
4.586000	0.096090
4.588000	-0.348040
4.590000	-0.204730
4.592000	0.086378
4.594000	-0.606375
4.596000	-0.224865
4.598000	-0.333260
4.600000	-0.292912
4.602000	0.050698
4.604000	-0.422876
4.606000	-0.112553
4.608000	-0.091324
4.610000	0.333370
4.612000	0.331158
4.614000	0.042138
4.616000	0.106805
4.618000	0.607667
4.620000	0.694229
4.622000	0.277442
4.624000	-0.060543
4.626000	0.583817
4.628000	0.426678
4.630000	0.578734
4.632000	0.424477
4.634000	0.627071
4.636000	0.220530
4.638000	-0.134110
4.640000	0.262709
4.642000	0.363443
4.644000	0.071996
4.646000	0.182872
4.648000	0.832164
4.650000	0.207465
4.652000	0.221322
4.654000	0.426389
4.656000	0.493725
4.658000	0.142075
4.660000	0.282142
4.662000	0.002090
4.664000	0.220199
4.666000	0.553595
4.668000	0.247249
4.670000	0.430916
4.672000	0.034772
4.674000	0.544736
4.676000	0.237539
4.678000	0.384985
4.680000	0.501651
4.682000	0.677439
4.684000	0.646584
4.686000	0.619260
4.688000	0.372938
4.690000	0.543728
4.692000	0.034424
4.694000	0.015746
4.696000	0.403361
4.698000	0.372176
4.700000	0.644023
4.702000	0.666024
4.704000	0.223201
4.706000	0.183485
4.708000	0.797708
4.710000	0.329840
4.712000	0.786240
4.714000	0.557207
4.716000	0.241115
4.718000	0.495861
4.720000	0.346703
4.722000	0.509173
4.724000	0.515517
4.726000	0.251099
4.728000	0.864075
4.730000	0.570728
4.732000	0.359174
4.734000	0.485822
4.736000	0.520442
4.738000	0.646347
4.740000	0.841953
4.742000	0.513795
4.744000	0.750451
4.746000	0.830049
4.748000	0.570673
4.750000	0.571733
4.752000	0.308966
4.754000	0.101035
4.756000	0.780440
4.758000	0.414512
4.760000	0.813896
4.762000	0.944742
4.764000	1.008379
4.766000	0.485178
4.768000	0.867955
4.770000	0.277806
4.772000	0.741305
4.774000	0.703393
4.776000	0.828513
4.778000	-0.017847
4.780000	0.611468
4.782000	0.651315
4.784000	0.639269
4.786000	0.765025
4.788000	1.007146
4.790000	0.395310
4.792000	0.334324
4.794000	0.550305
4.796000	0.663324
4.798000	0.727420
4.800000	0.738722
4.802000	0.496370
4.804000	0.164003
4.806000	0.926650
4.808000	0.450004
4.810000	-0.017021
4.812000	0.688556
4.814000	0.745727
4.816000	0.427191
4.818000	-0.040535
4.820000	0.746897
4.822000	0.355163
4.824000	0.560968
4.826000	0.312798
4.828000	0.362059
4.830000	0.391536
4.832000	0.427281
4.834000	0.490805
4.836000	0.305261
4.838000	0.358316
4.840000	0.389850
4.842000	0.248129
4.844000	0.072805
4.846000	0.626291
4.848000	-0.287409
4.850000	0.565036
4.852000	-0.513200
4.854000	0.705217
4.856000	0.422577
4.858000	0.137890
4.860000	0.155542
4.862000	-0.347972
4.864000	0.356514
4.866000	0.109697
4.868000	0.675354
4.870000	0.508885
4.872000	0.215504
4.874000	-0.000452
4.876000	0.345501
4.878000	-0.230567
4.880000	0.073262
4.882000	-0.063285
4.884000	0.580082
4.886000	0.086561
4.888000	0.292011
4.890000	-0.240142
4.892000	0.054073
4.894000	-0.029571
4.896000	0.275911
4.898000	0.236415
4.900000	-0.116679
4.902000	-0.117560
4.904000	-0.285893
4.906000	0.586426
4.908000	0.262187
4.910000	0.102937
4.912000	-0.130074
4.914000	-0.293170
4.916000	0.176387
4.918000	0.294032
4.920000	-0.042497
4.922000	0.346591
4.924000	0.222447
4.926000	0.014372
4.928000	0.522170
4.930000	-0.057792
4.932000	0.511890
4.934000	0.492931
4.936000	0.561326
4.938000	0.268326
4.940000	0.097275
4.942000	0.442716
4.944000	0.637973
4.946000	-0.134528
4.948000	-0.006646
4.950000	-0.128461
4.952000	0.335994
4.954000	-0.067542
4.956000	0.480118
4.958000	0.017384
4.960000	-0.104778
4.962000	0.165905
4.964000	-0.293161
4.966000	-0.210167
4.968000	0.376824
4.970000	0.260459
4.972000	0.261434
4.974000	0.345956
4.976000	0.433512
4.978000	0.030396
4.980000	0.094981
4.982000	-0.050255
4.984000	-0.175379
4.986000	0.024320
4.988000	0.271876
4.990000	0.084519
4.992000	0.087519
4.994000	0.237148
4.996000	-0.349387
4.998000	0.417657
5.000000	0.374757
5.002000	0.408218
5.004000	0.543468
5.006000	0.441800
5.008000	0.148743
5.010000	-0.035493
5.012000	0.045125
5.014000	0.218504
5.016000	0.128205
5.018000	0.189366
5.020000	-0.284323
5.022000	-0.211210
5.024000	0.475931
5.026000	0.247137
5.028000	0.048931
5.030000	0.102453
5.032000	-0.171878
5.034000	-0.154733
5.036000	-0.112386
5.038000	0.241185
5.040000	-0.245400
5.042000	-0.038843
5.044000	0.022099
5.046000	-0.023530
5.048000	-0.478525
5.050000	0.391263
5.052000	0.193988
5.054000	-0.127698
5.056000	0.338005
5.058000	0.055209
5.060000	-0.049774
5.062000	0.260600
5.064000	-0.046031
5.066000	-0.649711
5.068000	0.536479
5.070000	-0.364702
5.072000	0.027417
5.074000	-0.092020
5.076000	0.525066
5.078000	0.045699
5.080000	0.367324
5.082000	0.094718
5.084000	0.141209
5.086000	0.035838
5.088000	0.017532
5.090000	-0.237629
5.092000	-0.283560
5.094000	-0.203888
5.096000	0.433464
5.098000	0.107154
5.100000	-0.207253
5.102000	-0.270045
5.104000	-0.023787
5.106000	0.020133
5.108000	-0.438199
5.110000	0.078142
5.112000	-0.305815
5.114000	-0.215711
5.116000	0.220353
5.118000	-0.211677
5.120000	-0.013252
5.122000	0.246783
5.124000	0.273335
5.126000	0.100892
5.128000	0.146275
5.130000	0.335928
5.132000	0.314391
5.134000	0.226850
5.136000	-0.040571
5.138000	0.296118
5.140000	0.192501
5.142000	0.302171
5.144000	0.208899
5.146000	0.337713
5.148000	0.159426
5.150000	-0.088789
5.152000	0.294737
5.154000	0.227917
5.156000	0.111078
5.158000	0.214102
5.160000	0.447540
5.162000	0.141313
5.164000	0.129620
5.166000	0.236067
5.168000	0.265218
5.170000	0.064186
5.172000	0.116455
5.174000	0.064460
5.176000	0.174569
5.178000	0.334834
5.180000	0.107350
5.182000	0.299036
5.184000	0.044987
5.186000	0.364856
5.188000	0.164905
5.190000	0.201518
5.192000	0.272899
5.194000	0.351883
5.196000	0.245309
5.198000	0.322520
5.200000	0.091278
5.202000	0.268517
5.204000	0.006254
5.206000	-0.073011
5.208000	0.200066
5.210000	0.186086
5.212000	0.372391
5.214000	0.341877
5.216000	0.125550
5.218000	0.071662
5.220000	0.335430
5.222000	0.111391
5.224000	0.422155
5.226000	0.251911
5.228000	0.172340
5.230000	0.156134
5.232000	0.111329
5.234000	0.168538
5.236000	0.211909
5.238000	0.090807
5.240000	0.427140
5.242000	0.214382
5.244000	0.118321
5.246000	0.168059
5.248000	0.225562
5.250000	0.306901
5.252000	0.445911
5.254000	0.196759
5.256000	0.337303
5.258000	0.349096
5.260000	0.289604
5.262000	0.217167
5.264000	0.051379
5.266000	-0.032666
5.268000	0.268357
5.270000	0.193285
5.272000	0.295462
5.274000	0.365454
5.276000	0.434774
5.278000	0.202017
5.280000	0.313545
5.282000	0.107988
5.284000	0.286213
5.286000	0.250895
5.288000	0.265602
5.290000	-0.053134
5.292000	0.203992
5.294000	0.230829
5.296000	0.253361
5.298000	0.268684
5.300000	0.355147
5.302000	0.156470
5.304000	0.040081
5.306000	0.174068
5.308000	0.247282
5.310000	0.242882
5.312000	0.342674
5.314000	0.162025
5.316000	-0.024890
5.318000	0.386267
5.320000	0.127364
5.322000	-0.030990
5.324000	0.268296
5.326000	0.320438
5.328000	0.173739
5.330000	-0.055927
5.332000	0.349564
5.334000	0.131219
5.336000	0.281129
5.338000	0.152798
5.340000	0.209514
5.342000	0.241090
5.344000	0.171228
5.346000	0.235471
5.348000	0.125875
5.350000	0.180071
5.352000	0.253120
5.354000	0.153038
5.356000	0.146397
5.358000	0.317384
5.360000	-0.047119
5.362000	0.335281
5.364000	-0.178176
5.366000	0.354749
5.368000	0.304789
5.370000	0.128032
5.372000	0.175226
5.374000	-0.072515
5.376000	0.282475
5.378000	0.147618
5.380000	0.397959
5.382000	0.349387
5.384000	0.290678
5.386000	0.085256
5.388000	0.273750
5.390000	0.003181
5.392000	0.067208
5.394000	0.018485
5.396000	0.381705
5.398000	0.107435
5.400000	0.186955
5.402000	-0.043012
5.404000	0.122823
5.406000	0.003323
5.408000	0.175915
5.410000	0.267782
5.412000	0.018317
5.414000	0.095230
5.416000	-0.097457
5.418000	0.308348
5.420000	0.219198
5.422000	0.099207
5.424000	0.016115
5.426000	-0.056932
5.428000	0.133482
5.430000	0.164562
5.432000	-0.019574
5.434000	0.199379
5.436000	0.182065
5.438000	0.032305
5.440000	0.306844
5.442000	0.067804
5.444000	0.295913
5.446000	0.354502
5.448000	0.323799
5.450000	0.265683
5.452000	0.085252
5.454000	0.239150
5.456000	0.342515
5.458000	-0.019065
5.460000	0.002584
5.462000	-0.050657
5.464000	0.195779
5.466000	-0.059255
5.468000	0.281466
5.470000	-0.002550
5.472000	-0.112056
5.474000	0.158016
5.476000	-0.043654
5.478000	-0.067422
5.480000	0.214222
5.482000	0.129595
5.484000	0.155473
5.486000	0.213181
5.488000	0.149240
5.490000	0.036340
5.492000	0.094261
5.494000	0.036045
5.496000	0.004761
5.498000	-0.013519
5.500000	0.198001
5.502000	0.026067
5.504000	0.078823
5.506000	0.126353
5.508000	-0.164380
5.510000	0.244260
5.512000	0.249500
5.514000	0.229436
5.516000	0.266973
5.518000	0.238982
5.520000	0.129123
5.522000	-0.001600
5.524000	0.013028
5.526000	0.081356
5.528000	0.003820
5.530000	0.058642
5.532000	-0.129848
5.534000	0.036497
5.536000	0.203999
5.538000	0.076115
5.540000	0.036484
5.542000	-0.021973
5.544000	-0.094446
5.546000	0.016036
5.548000	-0.002569
5.550000	0.126905
5.552000	-0.066141
5.554000	0.044983
5.556000	-0.009523
5.558000	-0.008022
5.560000	-0.265677
5.562000	0.193596
5.564000	0.016699
5.566000	-0.101344
5.568000	0.149702
5.570000	0.050885
5.572000	-0.003114
5.574000	0.041505
5.576000	0.033246
5.578000	-0.303604
5.580000	0.298433
5.582000	-0.111060
5.584000	-0.061501
5.586000	0.022350
5.588000	0.168474
5.590000	0.082080
5.592000	0.263692
5.594000	0.069895
5.596000	0.009853
5.598000	-0.042086
5.600000	0.093884
5.602000	-0.100026
5.604000	-0.101024
5.606000	-0.074017
5.608000	0.290024
5.610000	0.080145
5.612000	-0.052989
5.614000	-0.104552
5.616000	-0.003775
5.618000	-0.034573
5.620000	-0.202866
5.622000	0.054505
5.624000	-0.184871
5.626000	-0.104513
5.628000	0.050919
5.630000	-0.123098
5.632000	0.046770
5.634000	0.483348
5.636000	0.234527
5.638000	-0.165745
5.640000	0.329927
5.642000	0.756799
5.644000	0.488601
5.646000	0.370447
5.648000	0.288192
5.650000	0.597170
5.652000	0.236805
5.654000	0.766219
5.656000	0.090048
5.658000	0.529811
5.660000	0.387881
5.662000	-0.237277
5.664000	0.358815
5.666000	0.295245
5.668000	-0.132758
5.670000	0.035823
5.672000	0.408785
5.674000	0.272305
5.676000	0.256205
5.678000	-0.188302
5.680000	0.542638
5.682000	0.224634
5.684000	0.076678
5.686000	-0.742330
5.688000	0.318135
5.690000	0.587706
5.692000	0.398916
5.694000	0.299378
5.696000	-0.431015
5.698000	0.218844
5.700000	-0.096361
5.702000	0.367054
5.704000	0.222176
5.706000	0.482093
5.708000	0.328665
5.710000	0.849553
5.712000	0.308073
5.714000	0.805435
5.716000	-0.282892
5.718000	-0.378306
5.720000	0.237550
5.722000	0.764699
5.724000	0.153952
5.726000	0.263325
5.728000	0.121748
5.730000	0.272077
5.732000	0.943733
5.734000	0.161060
5.736000	0.891006
5.738000	0.145776
5.740000	0.202271
5.742000	0.514161
5.744000	0.481354
5.746000	-0.380997
5.748000	0.701105
5.750000	0.486785
5.752000	0.630377
5.754000	0.315713
5.756000	0.078857
5.758000	0.127383
5.760000	0.508392
5.762000	0.348573
5.764000	0.537935
5.766000	0.431452
5.768000	0.390155
5.770000	0.504557
5.772000	1.166462
5.774000	0.282602
5.776000	-0.053347
5.778000	-0.244265
5.780000	0.697881
5.782000	0.582410
5.784000	0.588195
5.786000	0.856382
5.788000	0.356622
5.790000	0.232642
5.792000	1.077041
5.794000	-0.090918
5.796000	0.666964
5.798000	0.867956
5.800000	0.308698
5.802000	-0.257444
5.804000	0.267214
5.806000	0.817026
5.808000	0.531468
5.810000	0.914471
5.812000	1.019007
5.814000	0.023819
5.816000	-0.060675
5.818000	0.020992
5.820000	0.533266
5.822000	0.621463
5.824000	0.701725
5.826000	0.509688
5.828000	0.741840
5.830000	1.269876
5.832000	0.943077
5.834000	0.477154
5.836000	1.946733
5.838000	1.676396
5.840000	1.562196
5.842000	1.518921
5.844000	2.467033
5.846000	1.624662
5.848000	1.723390
5.850000	1.777664
5.852000	0.883053
5.854000	1.197167
5.856000	1.095942
5.858000	0.824683
5.860000	0.388253
5.862000	-0.129564
5.864000	0.372799
5.866000	-0.130440
5.868000	-0.549406
5.870000	0.077971
5.872000	-1.058456
5.874000	-0.165337
5.876000	-0.798121
5.878000	0.305956
5.880000	-0.306563
5.882000	0.080513
5.884000	0.467824
5.886000	-0.783726
5.888000	-0.204529
5.890000	0.170574
5.892000	0.391627
5.894000	-0.105489
5.896000	0.509855
5.898000	-0.248315
5.900000	0.384422
5.902000	-0.459045
5.904000	0.469404
5.906000	-0.280238
5.908000	0.989154
5.910000	0.244325
5.912000	-0.437523
5.914000	-0.225619
5.916000	0.426352
5.918000	-0.036048
5.920000	-0.228276
5.922000	0.675596
5.924000	-0.081188
5.926000	0.056872
5.928000	-0.268603
5.930000	0.130715
5.932000	0.604553
5.934000	0.410519
5.936000	-0.073220
5.938000	0.120667
5.940000	0.161411
5.942000	-0.254009
5.944000	0.230142
5.946000	1.167502
5.948000	0.751844
5.950000	0.049040
5.952000	0.358425
5.954000	0.126991
5.956000	0.664495
5.958000	0.497297
5.960000	1.035023
5.962000	0.537912
5.964000	0.108218
5.966000	0.759991
5.968000	0.837179
5.970000	-0.271562
5.972000	0.095905
5.974000	-0.062679
5.976000	0.503048
5.978000	0.006844
5.980000	0.721931
5.982000	-0.047485
5.984000	-0.316254
5.986000	-0.019816
5.988000	0.063694
5.990000	0.070206
5.992000	0.877134
5.994000	0.403704
5.996000	-0.254237
5.998000	0.511224
6.000000	0.165146
6.002000	-0.084815
6.004000	0.209040
6.006000	0.217133
6.008000	0.436592
6.010000	0.133061
6.012000	0.388610
6.014000	-0.094185
6.016000	0.282311
6.018000	1.100483
6.020000	-0.634862
6.022000	0.451702
6.024000	0.381318
6.026000	1.383325
6.028000	0.679710
6.030000	1.071930
6.032000	0.190775
6.034000	0.193846
6.036000	0.767680
6.038000	0.161444
6.040000	0.222684
6.042000	0.616926
6.044000	0.216752
6.046000	-0.025852
6.048000	0.603550
6.050000	0.516855
6.052000	0.144886
6.054000	0.255100
6.056000	0.325824
6.058000	-0.390966
6.060000	0.423848
6.062000	0.309453
6.064000	0.409949
6.066000	0.031609
6.068000	0.443849
6.070000	0.430689
6.072000	-0.113108
6.074000	0.690045
6.076000	0.399403
6.078000	-0.013330
6.080000	0.435132
6.082000	0.244167
6.084000	0.185644
6.086000	0.393403
6.088000	0.176248
6.090000	-0.584411
6.092000	0.523151
6.094000	-0.169701
6.096000	-0.224187
6.098000	0.165763
6.100000	0.749020
6.102000	0.291545
6.104000	0.547850
6.106000	0.571642
6.108000	0.141875
6.110000	-0.095748
6.112000	0.249719
6.114000	-0.147229
6.116000	-0.400789
6.118000	0.085047
6.120000	0.578165
6.122000	0.133739
6.124000	-0.223946
6.126000	-0.082390
6.128000	0.012656
6.130000	0.255032
6.132000	-0.398356
6.134000	-0.147006
6.136000	-0.477301
6.138000	-0.250464
6.140000	0.081095
6.142000	-0.653789
6.144000	0.211826
6.146000	0.442635
6.148000	0.470561
6.150000	0.217266
6.152000	0.477170
6.154000	0.508161
6.156000	0.480561
6.158000	0.533212
6.160000	0.160231
6.162000	0.495444
6.164000	0.348957
6.166000	0.465691
6.168000	0.234544
6.170000	0.384330
6.172000	0.304904
6.174000	0.080684
6.176000	0.290592
6.178000	0.262283
6.180000	0.346197
6.182000	0.238099
6.184000	0.280526
6.186000	0.072606
6.188000	0.027819
6.190000	0.200306
6.192000	0.229636
6.194000	0.187101
6.196000	0.119034
6.198000	-0.195094
6.200000	0.200239
6.202000	0.245531
6.204000	0.030477
6.206000	0.176505
6.208000	0.093270
6.210000	0.173945
6.212000	0.091225
6.214000	0.100223
6.216000	0.169564
6.218000	0.201467
6.220000	0.140077
6.222000	-0.022125
6.224000	-0.048368
6.226000	0.102149
6.228000	0.028231
6.230000	-0.221028
6.232000	0.160796
6.234000	0.130576
6.236000	0.258550
6.238000	0.217237
6.240000	0.094707
6.242000	0.024406
6.244000	0.108094
6.246000	0.109791
6.248000	0.253119
6.250000	0.018128
6.252000	0.041957
6.254000	0.024742
6.256000	-0.060078
6.258000	0.144399
6.260000	-0.058986
6.262000	-0.027660
6.264000	0.198170
6.266000	0.137480
6.268000	-0.123548
6.270000	0.011699
6.272000	-0.106021
6.274000	0.277552
6.276000	0.230845
6.278000	-0.044866
6.280000	0.150539
6.282000	0.165094
6.284000	0.079836
6.286000	-0.051921
6.288000	-0.025604
6.290000	0.083550
6.292000	0.140217
6.294000	0.059392
6.296000	-0.029759
6.298000	0.242974
6.300000	0.223188
6.302000	0.175699
6.304000	0.139187
6.306000	0.032180
6.308000	0.135750
6.310000	0.125181
6.312000	-0.131568
6.314000	-0.105269
6.316000	-0.120605
6.318000	0.170055
6.320000	0.118996
6.322000	0.177668
6.324000	0.238602
6.326000	0.101836
6.328000	-0.030208
6.330000	0.038194
6.332000	-0.096308
6.334000	-0.000368
6.336000	0.074287
6.338000	0.100237
6.340000	-0.028130
6.342000	0.189950
6.344000	0.067927
6.346000	-0.019113
6.348000	0.010824
6.350000	0.023908
6.352000	-0.033118
6.354000	-0.116333
6.356000	0.229816
6.358000	0.026721
6.360000	0.019544
6.362000	0.079572
6.364000	0.068165
6.366000	-0.110446
6.368000	0.097138
6.370000	-0.001512
6.372000	-0.038095
6.374000	0.012754
6.376000	0.049990
6.378000	0.034836
6.380000	0.066368
6.382000	0.135560
6.384000	-0.054383
6.386000	0.010896
6.388000	-0.225279
6.390000	0.086692
6.392000	0.266106
6.394000	0.009790
6.396000	-0.036105
6.398000	0.036785
6.400000	0.053970
6.402000	0.022660
6.404000	0.203595
6.406000	0.130323
6.408000	0.047265
6.410000	-0.113798
6.412000	0.100659
6.414000	-0.053566
6.416000	0.047200
6.418000	-0.060137
6.420000	0.156807
6.422000	-0.056088
6.424000	0.114705
6.426000	-0.013452
6.428000	0.031299
6.430000	-0.129261
6.432000	0.030581
6.434000	0.072763
6.436000	-0.043251
6.438000	-0.074400
6.440000	-0.127015
6.442000	0.235348
6.444000	0.065831
6.446000	0.033543
6.448000	0.000992
6.450000	-0.032344
6.452000	0.102140
6.454000	0.166312
6.456000	-0.091299
6.458000	-0.005526
6.460000	-0.070349
6.462000	0.042882
6.464000	0.024425
6.466000	-0.014505
6.468000	0.216806
6.470000	0.059755
6.472000	-0.002326
6.474000	0.052993
6.476000	-0.030014
6.478000	0.065566
6.480000	0.098691
6.482000	-0.141596
6.484000	-0.026385
6.486000	0.021030
6.488000	-0.019562
6.490000	-0.063221
6.492000	-0.126780
6.494000	-0.066546
6.496000	-0.170651
6.498000	-0.045129
6.500000	-0.131614
6.502000	-0.061454
6.504000	0.158624
6.506000	-0.005301
6.508000	0.159221
6.510000	0.080931
6.512000	0.127496
6.514000	-0.095302
6.516000	-0.092764
6.518000	-0.131322
6.520000	-0.084713
6.522000	-0.009540
6.524000	0.056051
6.526000	-0.092671
6.528000	0.072431
6.530000	-0.017634
6.532000	-0.097317
6.534000	0.072684
6.536000	0.168887
6.538000	0.013452
6.540000	0.032186
6.542000	0.006758
6.544000	-0.119630
6.546000	0.021457
6.548000	0.031938
6.550000	-0.032102
6.552000	-0.052975
6.554000	0.018018
6.556000	-0.004978
6.558000	0.047074
6.560000	0.091029
6.562000	0.003503
6.564000	-0.010102
6.566000	-0.058329
6.568000	-0.232052
6.570000	-0.030973
6.572000	-0.057515
6.574000	0.199644
6.576000	-0.107126
6.578000	-0.131178
6.580000	-0.064386
6.582000	-0.007203
6.584000	-0.143132
6.586000	0.029278
6.588000	0.016975
6.590000	-0.066574
6.592000	0.027782
6.594000	-0.008193
6.596000	-0.073054
6.598000	0.136297
6.600000	-0.003428
6.602000	-0.273143
6.604000	0.237322
6.606000	-0.084444
6.608000	-0.081645
6.610000	-0.091892
6.612000	0.047214
6.614000	-0.049153
6.616000	0.029244
6.618000	-0.156410
6.620000	0.055705
6.622000	-0.115084
6.624000	-0.074006
6.626000	0.008725
6.628000	-0.138291
6.630000	-0.105076
6.632000	-0.004610
6.634000	-0.037804
6.636000	0.064300
6.638000	-0.119040
6.640000	0.016491
6.642000	0.075049
6.644000	-0.177033
6.646000	0.065480
6.648000	-0.099215
6.650000	-0.068693
6.652000	0.110817
6.654000	-0.072974
6.656000	0.065203
6.658000	-0.295794
6.660000	-0.228968
6.662000	0.215252
6.664000	-0.054587
6.666000	0.016711
6.668000	-0.132465
6.670000	-0.279658
6.672000	0.129789
6.674000	0.123040
6.676000	0.079142
6.678000	-0.222113
6.680000	-0.421662
6.682000	-0.275670
6.684000	0.177296
6.686000	0.004489
6.688000	-0.074971
6.690000	-0.207159
6.692000	-0.147649
6.694000	-0.466924
6.696000	0.162672
6.698000	-0.086751
6.700000	-0.306372
6.702000	-0.108689
6.704000	-0.364758
6.706000	0.069767
6.708000	-0.196189
6.710000	0.247562
6.712000	-0.472504
6.714000	-0.530509
6.716000	0.061449
6.718000	0.075103
6.720000	-0.412083
6.722000	0.123362
6.724000	0.393763
6.726000	0.114551
6.728000	0.162005
6.730000	-0.397615
6.732000	0.146116
6.734000	0.044574
6.736000	-0.009197
6.738000	-0.388260
6.740000	-0.039684
6.742000	0.203101
6.744000	-0.215555
6.746000	-0.227728
6.748000	-0.230344
6.750000	0.062175
6.752000	-0.105227
6.754000	-0.281834
6.756000	0.103843
6.758000	-0.158410
6.760000	-0.169755
6.762000	-0.218396
6.764000	0.446034
6.766000	0.185337
6.768000	0.361727
6.770000	0.022616
6.772000	0.284584
6.774000	0.065563
6.776000	-0.273408
6.778000	0.158076
6.780000	0.109116
6.782000	-0.594457
6.784000	-0.047195
6.786000	0.383763
6.788000	0.066630
6.790000	-0.178374
6.792000	0.350296
6.794000	0.448231
6.796000	0.360177
6.798000	-0.342918
6.800000	0.034637
6.802000	0.160957
6.804000	0.281005
6.806000	0.047492
6.808000	0.031171
6.810000	-0.142179
6.812000	0.035194
6.814000	0.178825
6.816000	-0.335876
6.818000	0.321566
6.820000	-0.080363
6.822000	0.018289
6.824000	0.236388
6.826000	0.091204
6.828000	-0.081095
6.830000	-0.346922
6.832000	-0.246895
6.834000	-0.498800
6.836000	-0.103665
6.838000	-0.178394
6.840000	-0.159223
6.842000	-0.373361
6.844000	-0.219982
6.846000	-0.009353
6.848000	0.214852
6.850000	0.094369
6.852000	-0.150629
6.854000	0.313626
6.856000	-0.045853
6.858000	-0.067454
6.860000	0.024721
6.862000	-0.162802
6.864000	0.335015
6.866000	-0.288474
6.868000	0.084096
6.870000	0.088641
6.872000	-0.105970
6.874000	0.510864
6.876000	-0.263945
6.878000	-0.495845
6.880000	-0.295775
6.882000	0.143352
6.884000	-0.345407
6.886000	-0.343041
6.888000	0.527593
6.890000	-0.275840
6.892000	-0.348937
6.894000	-0.043198
6.896000	0.159457
6.898000	-0.210018
6.900000	0.192315
6.902000	-0.802214
6.904000	0.024815
6.906000	-0.063785
6.908000	0.512120
6.910000	-0.095442
6.912000	-0.158716
6.914000	0.081871
6.916000	-0.071599
6.918000	0.460155
6.920000	0.251335
6.922000	0.309917
6.924000	-0.137311
6.926000	0.238293
6.928000	0.495216
6.930000	0.079245
6.932000	-0.089266
6.934000	-0.124764
6.936000	0.172124
6.938000	0.063563
6.940000	0.257324
6.942000	-0.351131
6.944000	0.192700
6.946000	-0.369736
6.948000	0.205796
6.950000	0.239956
6.952000	0.175998
6.954000	0.019308
6.956000	-0.192701
6.958000	-0.419068
6.960000	-0.076932
6.962000	-0.204564
6.964000	-0.026700
6.966000	-0.267092
6.968000	-0.336995
6.970000	0.131972
6.972000	0.526364
6.974000	0.232501
6.976000	0.463361
6.978000	-0.066260
6.980000	0.465030
6.982000	0.305240
6.984000	0.487388
6.986000	0.596382
6.988000	0.462179
6.990000	0.423915
6.992000	0.436311
6.994000	1.179241
6.996000	1.153907
6.998000	1.080153
7.000000	0.943754
7.002000	1.402400
7.004000	1.423872
7.006000	1.145282
7.008000	0.885808
7.010000	0.564098
7.012000	0.295970
7.014000	0.193270
7.016000	0.499019
7.018000	-0.910053
7.020000	-0.552886
7.022000	-0.691924
7.024000	-0.916528
7.026000	-0.365931
7.028000	-1.087473
7.030000	-0.808062
7.032000	-0.685521
7.034000	-0.910051
7.036000	-0.321491
7.038000	-0.348464
7.040000	-0.532701
7.042000	-0.898179
7.044000	-0.458867
7.046000	-0.335713
7.048000	-0.285420
7.050000	-0.532313
7.052000	-0.134678
7.054000	-0.073860
7.056000	0.050056
7.058000	0.027289
7.060000	0.041583
7.062000	-0.096033
7.064000	-0.071644
7.066000	-0.072116
7.068000	-0.017340
7.070000	0.045088
7.072000	0.046973
7.074000	-0.412697
7.076000	-0.393822
7.078000	0.390116
7.080000	0.132232
7.082000	-0.187354
7.084000	-0.198675
7.086000	-0.329852
7.088000	-0.557587
7.090000	0.050656
7.092000	0.474927
7.094000	0.081337
7.096000	-0.078347
7.098000	0.055675
7.100000	-0.117027
7.102000	-0.406495
7.104000	-0.182848
7.106000	-0.104399
7.108000	-0.310646
7.110000	-0.329236
7.112000	-0.036046
7.114000	-0.384283
7.116000	-0.207836
7.118000	-0.021592
7.120000	-0.254515
7.122000	-0.225640
7.124000	0.117147
7.126000	0.147542
7.128000	-0.157210
7.130000	-0.200792
7.132000	-0.027488
7.134000	0.412616
7.136000	0.166230
7.138000	0.305761
7.140000	0.256240
7.142000	-0.229983
7.144000	0.412043
7.146000	0.356177
7.148000	0.360060
7.150000	-0.514198
7.152000	-0.246329
7.154000	-0.179152
7.156000	0.007668
7.158000	0.172101
7.160000	0.476481
7.162000	-0.161466
7.164000	-0.513630
7.166000	-0.544212
7.168000	-0.075210
7.170000	0.082373
7.172000	-0.138989
7.174000	-0.087420
7.176000	-0.186109
7.178000	-0.061413
7.180000	0.094324
7.182000	0.022408
7.184000	-0.069146
7.186000	-0.049775
7.188000	0.041977
7.190000	-0.183302
7.192000	0.191880
7.194000	0.003494
7.196000	-0.143422
7.198000	0.148679
7.200000	-0.289319
7.202000	-0.052316
7.204000	-0.007661
7.206000	-0.157494
7.208000	-0.154639
7.210000	-0.098332
7.212000	0.021211
7.214000	0.028541
7.216000	-0.006200
7.218000	0.169780
7.220000	0.090664
7.222000	-0.008943
7.224000	0.139885
7.226000	0.063107
7.228000	-0.003490
7.230000	-0.008552
7.232000	0.252367
7.234000	0.042955
7.236000	0.221725
7.238000	0.034157
7.240000	0.041859
7.242000	0.075084
7.244000	0.302207
7.246000	0.055805
7.248000	0.083752
7.250000	0.112076
7.252000	0.060955
7.254000	0.263995
7.256000	0.165228
7.258000	-0.071450
7.260000	0.141533
7.262000	0.326271
7.264000	0.180916
7.266000	0.210241
7.268000	0.233087
7.270000	0.079646
7.272000	-0.079776
7.274000	0.235573
7.276000	0.293483
7.278000	0.232117
7.280000	0.150385
7.282000	0.248840
7.284000	0.006469
7.286000	0.280907
7.288000	-0.018208
7.290000	0.259912
7.292000	0.110249
7.294000	0.303318
7.296000	0.291857
7.298000	0.107559
7.300000	-0.131311
7.302000	0.297071
7.304000	0.085843
7.306000	-0.027315
7.308000	-0.105811
7.310000	-0.005055
7.312000	0.083593
7.314000	0.101957
7.316000	-0.069446
7.318000	-0.087391
7.320000	-0.112454
7.322000	-0.180738
7.324000	-0.303178
7.326000	-0.056477
7.328000	-0.205985
7.330000	-0.132705
7.332000	-0.195608
7.334000	-0.136794
7.336000	-0.047155
7.338000	-0.181938
7.340000	-0.172162
7.342000	-0.248125
7.344000	-0.109115
7.346000	-0.306472
7.348000	-0.230766
7.350000	-0.191996
7.352000	-0.258809
7.354000	-0.291870
7.356000	-0.282175
7.358000	-0.280782
7.360000	-0.277832
7.362000	-0.164608
7.364000	-0.285821
7.366000	-0.290956
7.368000	-0.225793
7.370000	-0.222925
7.372000	-0.339612
7.374000	-0.329003
7.376000	-0.056671
7.378000	-0.344284
7.380000	-0.282291
7.382000	-0.361398
7.384000	-0.238882
7.386000	-0.382081
7.388000	-0.280192
7.390000	-0.486699
7.392000	-0.147519
7.394000	-0.349278
7.396000	-0.337427
7.398000	-0.267817
7.400000	-0.309571
7.402000	-0.233054
7.404000	-0.292651
7.406000	-0.053346
7.408000	-0.154617
7.410000	-0.189537
7.412000	-0.166341
7.414000	-0.142969
7.416000	-0.317253
7.418000	-0.055238
7.420000	-0.340485
7.422000	-0.014857
7.424000	-0.235497
7.426000	-0.298921
7.428000	-0.155546
7.430000	-0.207423
7.432000	-0.517991
7.434000	-0.103068
7.436000	-0.105064
7.438000	0.006067
7.440000	-0.138925
7.442000	-0.133159
7.444000	-0.245571
7.446000	-0.245894
7.448000	-0.195876
7.450000	-0.262549
7.452000	-0.086986
7.454000	-0.160762
7.456000	-0.036896
7.458000	-0.325527
7.460000	-0.154605
7.462000	-0.253998
7.464000	-0.126317
7.466000	-0.116651
7.468000	-0.193753
7.470000	-0.025548
7.472000	-0.072495
7.474000	-0.044597
7.476000	-0.085270
7.478000	0.037005
7.480000	0.041004
7.482000	-0.278693
7.484000	-0.231931
7.486000	-0.041928
7.488000	-0.108650
7.490000	-0.201916
7.492000	-0.110022
7.494000	-0.253157
7.496000	-0.181511
7.498000	-0.352817
7.500000	-0.107298
7.502000	-0.183067
7.504000	-0.150658
7.506000	-0.017773
7.508000	-0.069758
7.510000	0.144282
7.512000	-0.160666
7.514000	0.039438
7.516000	-0.265792
7.518000	-0.048532
7.520000	0.124347
7.522000	-0.153982
7.524000	-0.150074
7.526000	-0.070765
7.528000	-0.173405
7.530000	0.018958
7.532000	0.039969
7.534000	-0.257657
7.536000	0.016087
7.538000	-0.127482
7.540000	-0.184807
7.542000	-0.228755
7.544000	-0.036578
7.546000	0.041129
7.548000	-0.257009
7.550000	-0.094472
7.552000	-0.197891
7.554000	-0.230101
7.556000	0.038454
7.558000	-0.166314
7.560000	-0.100160
7.562000	-0.364996
7.564000	-0.064113
7.566000	-0.288992
7.568000	-0.176092
7.570000	-0.052869
7.572000	-0.030793
7.574000	-0.034625
7.576000	-0.092254
7.578000	-0.110126
7.580000	-0.063224
7.582000	-0.199418
7.584000	-0.039551
7.586000	-0.151617
7.588000	-0.080225
7.590000	-0.052126
7.592000	0.006585
7.594000	-0.126989
7.596000	-0.167405
7.598000	0.092024
7.600000	0.036932
7.602000	-0.208661
7.604000	-0.069352
7.606000	-0.096927
7.608000	0.117346
7.610000	-0.108510
7.612000	0.116579
7.614000	0.199110
7.616000	-0.092890
7.618000	-0.278153
7.620000	-0.009121
7.622000	-0.020620
7.624000	0.009581
7.626000	0.139550
7.628000	0.065051
7.630000	-0.144126
7.632000	0.157632
7.634000	-0.151110
7.636000	0.060369
7.638000	-0.126449
7.640000	-0.117160
7.642000	-0.203501
7.644000	-0.047672
7.646000	-0.108096
7.648000	-0.201538
7.650000	0.106995
7.652000	-0.061350
7.654000	0.055026
7.656000	-0.041043
7.658000	-0.026938
7.660000	0.050251
7.662000	0.029013
7.664000	0.077801
7.666000	0.003937
7.668000	0.131125
7.670000	-0.056737
7.672000	0.293936
7.674000	-0.053775
7.676000	0.231174
7.678000	0.078424
7.680000	0.008104
7.682000	-0.242512
7.684000	-0.251800
7.686000	-0.067704
7.688000	-0.149363
7.690000	-0.342918
7.692000	-0.324132
7.694000	-0.204498
7.696000	0.004879
7.698000	-0.278160
7.700000	-0.223507
7.702000	-0.292252
7.704000	-0.210446
7.706000	-0.324993
7.708000	-0.157580
7.710000	0.058550
7.712000	-0.218684
7.714000	-0.198502
7.716000	-0.150955
7.718000	-0.160448
7.720000	-0.405016
7.722000	-0.120215
7.724000	-0.115482
7.726000	-0.205660
7.728000	-0.236029
7.730000	-0.113826
7.732000	-0.150500
7.734000	-0.009421
7.736000	-0.157112
7.738000	-0.314912
7.740000	-0.111980
7.742000	-0.262531
7.744000	-0.055508
7.746000	-0.311873
7.748000	-0.170626
7.750000	-0.190455
7.752000	-0.259497
7.754000	-0.324136
7.756000	-0.292253
7.758000	-0.251436
7.760000	-0.104035
7.762000	-0.229793
7.764000	-0.018743
7.766000	0.056927
7.768000	-0.186441
7.770000	-0.172914
7.772000	-0.343177
7.774000	-0.338965
7.776000	-0.109262
7.778000	-0.075335
7.780000	-0.318884
7.782000	-0.128747
7.784000	-0.385664
7.786000	-0.215632
7.788000	-0.173570
7.790000	-0.180257
7.792000	-0.098894
7.794000	-0.187714
7.796000	-0.180160
7.798000	-0.086078
7.800000	-0.379289
7.802000	-0.224378
7.804000	-0.099637
7.806000	-0.152939
7.808000	-0.181791
7.810000	-0.293176
7.812000	-0.361382
7.814000	-0.170483
7.816000	-0.295842
7.818000	-0.294617
7.820000	-0.238449
7.822000	-0.176508
7.824000	-0.047808
7.826000	-0.017112
7.828000	-0.254110
7.830000	-0.149951
7.832000	-0.235926
7.834000	-0.343175
7.836000	-0.382540
7.838000	-0.198588
7.840000	-0.244992
7.842000	-0.099860
7.844000	-0.253419
7.846000	-0.205961
7.848000	-0.205723
7.850000	0.067801
7.852000	-0.142609
7.854000	-0.208275
7.856000	-0.241257
7.858000	-0.241820
7.860000	-0.330844
7.862000	-0.134836
7.864000	-0.029229
7.866000	-0.138213
7.868000	-0.162417
7.870000	-0.180944
7.872000	-0.280451
7.874000	-0.141654
7.876000	0.023564
7.878000	-0.321389
7.880000	-0.103751
7.882000	0.042917
7.884000	-0.192676
7.886000	-0.249366
7.888000	-0.149434
7.890000	0.097293
7.892000	-0.291496
7.894000	-0.111763
7.896000	-0.199764
7.898000	-0.093115
7.900000	-0.121843
7.902000	-0.123055
7.904000	-0.165972
7.906000	-0.154715
7.908000	-0.074089
7.910000	-0.124031
7.912000	-0.191918
7.914000	-0.127906
7.916000	-0.109520
7.918000	-0.257224
7.920000	0.076134
7.922000	-0.256234
7.924000	0.207344
7.926000	-0.274983
7.928000	-0.240727
7.930000	-0.098232
7.932000	-0.099412
7.934000	0.066628
7.936000	-0.206752
7.938000	-0.091664
7.940000	-0.348282
7.942000	-0.283979
7.944000	-0.146371
7.946000	-0.060154
7.948000	-0.222401
7.950000	0.010792
7.952000	-0.060018
7.954000	-0.017210
7.956000	-0.289895
7.958000	-0.038138
7.960000	-0.133753
7.962000	0.063403
7.964000	-0.085800
7.966000	0.024591
7.968000	-0.135553
7.970000	-0.178511
7.972000	0.011975
7.974000	-0.022370
7.976000	0.111427
7.978000	-0.266536
7.980000	-0.174610
7.982000	-0.074664
7.984000	0.020342
7.986000	0.078579
7.988000	-0.115610
7.990000	-0.132359
7.992000	0.040708
7.994000	-0.124020
7.996000	-0.119079
7.998000	-0.011716
8.000000	-0.221684
8.002000	-0.028809
8.004000	-0.263858
8.006000	-0.268888
8.008000	-0.230439
8.010000	-0.173808
8.012000	-0.050269
8.014000	-0.177568
8.016000	-0.265704
8.018000	0.039224
8.020000	0.012440
8.022000	0.044105
8.024000	-0.108550
8.026000	0.050290
8.028000	-0.198739
8.030000	0.017110
8.032000	0.116837
8.034000	-0.060889
8.036000	0.090019
8.038000	0.078414
8.040000	-0.153165
8.042000	-0.077850
8.044000	-0.130395
8.046000	-0.168090
8.048000	-0.102694
8.050000	0.011892
8.052000	0.002119
8.054000	0.051582
8.056000	0.062084
8.058000	0.019911
8.060000	-0.116810
8.062000	0.033083
8.064000	-0.015383
8.066000	-0.038020
8.068000	0.175160
8.070000	-0.131315
8.072000	-0.164917
8.074000	-0.113511
8.076000	-0.198049
8.078000	-0.107871
8.080000	-0.029994
8.082000	0.067845
8.084000	0.019735
8.086000	-0.023348
8.088000	0.031526
8.090000	-0.009932
8.092000	0.144942
8.094000	0.035523
8.096000	-0.142547
8.098000	-0.044586
8.100000	-0.031144
8.102000	0.017388
8.104000	0.091104
8.106000	0.008824
8.108000	0.014850
8.110000	-0.123263
8.112000	0.071271
8.114000	-0.009744
8.116000	-0.014306
8.118000	-0.019432
8.120000	0.167228
8.122000	-0.197137
8.124000	-0.078048
8.126000	0.032899
8.128000	-0.149614
8.130000	-0.019880
8.132000	0.009343
8.134000	-0.105088
8.136000	-0.042114
8.138000	0.250435
8.140000	-0.289855
8.142000	0.114018
8.144000	0.025891
8.146000	-0.011927
8.148000	-0.169401
8.150000	-0.050400
8.152000	-0.200646
8.154000	-0.011010
8.156000	-0.028230
8.158000	0.019207
8.160000	-0.048314
8.162000	0.064959
8.164000	0.134781
8.166000	0.082617
8.168000	-0.252338
8.170000	-0.052362
8.172000	0.017434
8.174000	0.101004
8.176000	0.001578
8.178000	-0.020890
8.180000	0.182619
8.182000	-0.057367
8.184000	0.114898
8.186000	0.090659
8.188000	-0.099507
8.190000	0.106205
8.192000	-0.059433
8.194000	0.279717
8.196000	0.202538
8.198000	-0.057807
8.200000	-0.130932
8.202000	0.607628
8.204000	0.262898
8.206000	-0.162911
8.208000	0.052631
8.210000	-0.008370
8.212000	0.303855
8.214000	0.172217
8.216000	0.116525
8.218000	-0.183528
8.220000	0.365381
8.222000	-0.321594
8.224000	0.004255
8.226000	0.043629
8.228000	-0.023019
8.230000	-0.584762
8.232000	0.256276
8.234000	-0.262398
8.236000	0.203577
8.238000	-0.291406
8.240000	-0.055702
8.242000	-0.026202
8.244000	-0.244408
8.246000	0.929034
8.248000	0.173790
8.250000	0.708036
8.252000	0.541928
8.254000	1.870089
8.256000	1.475420
8.258000	1.557621
8.260000	1.571236
8.262000	1.376405
8.264000	1.566154
8.266000	1.633174
8.268000	1.270381
8.270000	0.929843
8.272000	0.966112
8.274000	0.811179
8.276000	0.409433
8.278000	-0.267177
8.280000	-0.185952
8.282000	0.112599
8.284000	0.707414
8.286000	0.194865
8.288000	-0.046898
8.290000	-0.585144
8.292000	0.122904
8.294000	-0.386601
8.296000	0.309120
8.298000	-0.272797
8.300000	-0.154904
8.302000	-0.019266
8.304000	-0.274923
8.306000	-0.393630
8.308000	0.108526
8.310000	0.049401
8.312000	-0.120612
8.314000	0.102916
8.316000	0.553433
8.318000	0.052815
8.320000	-0.017740
8.322000	0.329302
8.324000	0.020990
8.326000	0.112333
8.328000	0.640637
8.330000	0.045933
8.332000	0.554100
8.334000	0.506636
8.336000	0.319208
8.338000	-0.278913
8.340000	0.539971
8.342000	0.416319
8.344000	0.181167
8.346000	-0.424194
8.348000	0.475149
8.350000	0.654166
8.352000	-0.592917
8.354000	-0.118362
8.356000	0.268084
8.358000	0.383119
8.360000	-0.070086
8.362000	-0.785623
8.364000	-0.162086
8.366000	0.099324
8.368000	0.176876
8.370000	-0.222553
8.372000	0.585716
8.374000	0.359805
8.376000	-0.428869
8.378000	0.275193
8.380000	0.226375
8.382000	0.183094
8.384000	0.946437
8.386000	0.321112
8.388000	-0.167184
8.390000	0.392628
8.392000	-0.016225
8.394000	-0.514269
8.396000	0.024633
8.398000	0.215255
8.400000	0.099341
8.402000	-0.272592
8.404000	0.169489
8.406000	0.242451
8.408000	0.251353
8.410000	0.038518
8.412000	0.012368
8.414000	0.205206
8.416000	0.062083
8.418000	0.361373
8.420000	-0.309151
8.422000	0.164254
8.424000	0.251878
8.426000	0.203722
8.428000	-0.139297
8.430000	0.345434
8.432000	-0.096498
8.434000	1.039698
8.436000	0.030550
8.438000	0.396713
8.440000	0.017070
8.442000	-0.256527
8.444000	0.529536
8.446000	0.245847
8.448000	0.397027
8.450000	0.133181
8.452000	0.525875
8.454000	0.919169
8.456000	0.274993
8.458000	0.052346
8.460000	0.584566
8.462000	0.419472
8.464000	0.167666
8.466000	0.556106
8.468000	0.686478
8.470000	-0.044186
8.472000	0.237164
8.474000	0.127232
8.476000	0.117222
8.478000	-0.421562
8.480000	0.230620
8.482000	0.497214
8.484000	0.421908
8.486000	0.313712
8.488000	-0.087295
8.490000	0.693158
8.492000	0.278030
8.494000	0.201038
8.496000	0.079955
8.498000	0.127487
8.500000	0.390442
8.502000	0.033268
8.504000	-0.031537
8.506000	0.007987
8.508000	0.364155
8.510000	-0.255995
8.512000	0.802756
8.514000	0.180239
8.516000	0.286591
8.518000	1.178503
8.520000	0.626736
8.522000	0.948256
8.524000	0.379992
8.526000	0.449982
8.528000	-0.031020
8.530000	0.015364
8.532000	0.462296
8.534000	0.215731
8.536000	0.097746
8.538000	0.063993
8.540000	0.817727
8.542000	0.249252
8.544000	0.171691
8.546000	0.089391
8.548000	0.119627
8.550000	0.104188
8.552000	-0.020787
8.554000	0.390094
8.556000	-0.316964
8.558000	0.413222
8.560000	-0.116145
8.562000	0.339982
8.564000	0.065012
8.566000	0.287524
8.568000	0.033309
8.570000	0.169470
8.572000	0.125881
8.574000	-0.165007
8.576000	-0.557723
8.578000	0.172718
8.580000	-0.090252
8.582000	0.412467
8.584000	-0.324506
8.586000	0.280490
8.588000	-0.087859
8.590000	0.010293
8.592000	0.030427
8.594000	-0.700996
8.596000	-0.429835
8.598000	-0.361957
8.600000	-0.232566
8.602000	-0.178095
8.604000	-0.424716
8.606000	-0.179644
8.608000	-0.161618
8.610000	0.261989
8.612000	-0.602444
8.614000	-0.353937
8.616000	-0.126910
8.618000	0.062006
8.620000	0.357879
8.622000	0.281622
8.624000	-0.323659
8.626000	0.103676
8.628000	-0.069190
8.630000	-0.271570
8.632000	-0.423892
8.634000	0.332993
8.636000	-0.219234
8.638000	-0.553884
8.640000	-0.211142
8.642000	-0.074344
8.644000	0.295469
8.646000	-0.103738
8.648000	-0.330553
8.650000	-0.569577
8.652000	0.143188
8.654000	-0.403993
8.656000	-0.278321
8.658000	0.567710
8.660000	-0.399114
8.662000	0.387796
8.664000	0.175672
8.666000	0.081753
8.668000	-0.554283
8.670000	0.016460
8.672000	-0.346940
8.674000	0.134970
8.676000	0.062125
8.678000	0.175529
8.680000	0.303911
8.682000	-0.104819
8.684000	0.124867
8.686000	-0.103505
8.688000	0.003078
8.690000	-0.162273
8.692000	-0.233856
8.694000	-0.024027
8.696000	-0.383994
8.698000	-0.399142
8.700000	0.053384
8.702000	-0.079659
8.704000	0.015490
8.706000	-0.061592
8.708000	-0.075741
8.710000	-0.031059
8.712000	-0.030450
8.714000	-0.087411
8.716000	-0.075314
8.718000	-0.047921
8.720000	0.014896
8.722000	-0.076232
8.724000	-0.054853
8.726000	-0.090859
8.728000	-0.056436
8.730000	-0.094679
8.732000	-0.048894
8.734000	0.041880
8.736000	-0.094947
8.738000	-0.063221
8.740000	-0.024468
8.742000	-0.063092
8.744000	-0.147567
8.746000	-0.051748
8.748000	-0.050590
8.750000	-0.073064
8.752000	-0.088444
8.754000	-0.021128
8.756000	-0.036443
8.758000	-0.036464
8.760000	-0.055771
8.762000	-0.106474
8.764000	-0.039412
8.766000	-0.103810
8.768000	-0.004491
8.770000	-0.112984
8.772000	-0.048239
8.774000	-0.064382
8.776000	-0.083768
8.778000	-0.106911
8.780000	-0.063732
8.782000	-0.106453
8.784000	-0.028810
8.786000	-0.083896
8.788000	0.006363
8.790000	0.022357
8.792000	-0.051434
8.794000	-0.057287
8.796000	-0.107389
8.798000	-0.098813
8.800000	-0.032268
8.802000	-0.019104
8.804000	-0.102293
8.806000	-0.031714
8.808000	-0.135272
8.810000	-0.071481
8.812000	-0.044309
8.814000	-0.042695
8.816000	-0.030226
8.818000	-0.037740
8.820000	-0.073696
8.822000	-0.023953
8.824000	-0.134666
8.826000	-0.059251
8.828000	-0.039767
8.830000	-0.048149
8.832000	-0.070530
8.834000	-0.094581
8.836000	-0.141553
8.838000	-0.056719
8.840000	-0.109121
8.842000	-0.115707
8.844000	-0.100278
8.846000	-0.079689
8.848000	-0.019269
8.850000	0.015179
8.852000	-0.082451
8.854000	-0.059867
8.856000	-0.098701
8.858000	-0.115138
8.860000	-0.141952
8.862000	-0.060856
8.864000	-0.097921
8.866000	-0.036157
8.868000	-0.098000
8.870000	-0.081401
8.872000	-0.086140
8.874000	0.010576
8.876000	-0.072543
8.878000	-0.075073
8.880000	-0.078013
8.882000	-0.086163
8.884000	-0.107255
8.886000	-0.054113
8.888000	-0.015126
8.890000	-0.064373
8.892000	-0.083884
8.894000	-0.083249
8.896000	-0.119409
8.898000	-0.049926
8.900000	0.002586
8.902000	-0.127728
8.904000	-0.043753
8.906000	-0.001218
8.908000	-0.106064
8.910000	-0.109559
8.912000	-0.067949
8.914000	0.008047
8.916000	-0.113974
8.918000	-0.051243
8.920000	-0.097966
8.922000	-0.056490
8.924000	-0.073613
8.926000	-0.097550
8.928000	-0.059530
8.930000	-0.092461
8.932000	-0.048201
8.934000	-0.065414
8.936000	-0.092578
8.938000	-0.053521
8.940000	-0.057037
8.942000	-0.101436
8.944000	0.007807
8.946000	-0.114014
8.948000	0.046833
8.950000	-0.116352
8.952000	-0.099595
8.954000	-0.040728
8.956000	-0.071181
8.958000	0.019060
8.960000	-0.103135
8.962000	-0.061715
8.964000	-0.137041
8.966000	-0.126385
8.968000	-0.113944
8.970000	-0.042402
8.972000	-0.095319
8.974000	-0.013031
8.976000	-0.029767
8.978000	-0.018590
8.980000	-0.136856
8.982000	-0.045936
8.984000	-0.068913
8.986000	0.004041
8.988000	-0.050081
8.990000	-0.009943
8.992000	-0.062528
8.994000	-0.095715
8.996000	-0.013711
8.998000	-0.042467
9.000000	0.018425
9.002000	-0.099634
9.004000	-0.076106
9.006000	-0.033636
9.008000	-0.009790
9.010000	0.008452
9.012000	-0.040068
9.014000	-0.047826
9.016000	0.009219
9.018000	-0.073894
9.020000	-0.074917
9.022000	-0.009679
9.024000	-0.113200
9.026000	-0.028499
9.028000	-0.098034
9.030000	-0.126551
9.032000	-0.113738
9.034000	-0.105435
9.036000	-0.038494
9.038000	-0.088901
9.040000	-0.118274
9.042000	-0.007459
9.044000	-0.009713
9.046000	0.021389
9.048000	-0.071139
9.050000	0.020523
9.052000	-0.109164
9.054000	-0.007756
9.056000	0.030497
9.058000	-0.056036
9.060000	0.001682
9.062000	0.015122
9.064000	-0.070039
9.066000	-0.044322
9.068000	-0.045977
9.070000	-0.076439
9.072000	-0.046552
9.074000	-0.021708
9.076000	-0.032585
9.078000	-0.022307
9.080000	-0.004750
9.082000	0.004778
9.084000	-0.073979
9.086000	-0.014224
9.088000	-0.022415
9.090000	-0.047484
9.092000	0.057216
9.094000	-0.075649
9.096000	-0.078848
9.098000	-0.080524
9.100000	-0.083558
9.102000	-0.085317
9.104000	-0.047782
9.106000	0.005875
9.108000	0.008239
9.110000	-0.019551
9.112000	0.000595
9.114000	-0.011908
9.116000	0.051635
9.118000	-0.008138
9.120000	-0.056688
9.122000	-0.020043
9.124000	-0.008638
9.126000	0.004909
9.128000	0.026374
9.130000	-0.005349
9.132000	-0.000895
9.134000	-0.027436
9.136000	0.024681
9.138000	-0.024128
9.140000	0.003864
9.142000	-0.001335
9.144000	0.086756
9.146000	-0.064906
9.148000	0.000702
9.150000	0.045365
9.152000	-0.039223
9.154000	-0.019906
9.156000	0.004241
9.158000	-0.000148
9.160000	-0.001697
9.162000	0.100369
9.164000	-0.083695
9.166000	0.043095
9.168000	0.034337
9.170000	-0.011816
9.172000	-0.042699
9.174000	-0.032947
9.176000	-0.086873
9.178000	-0.035765
9.180000	-0.000384
9.182000	0.006975
9.184000	-0.039358
9.186000	0.039706
9.188000	0.026104
9.190000	0.019114
9.192000	-0.102060
9.194000	-0.028456
9.196000	0.021425
9.198000	0.028314
9.200000	0.005033
9.202000	0.012531
9.204000	0.065172
9.206000	-0.023284
9.208000	0.063416
9.210000	0.030573
9.212000	-0.010509
9.214000	0.041540
9.216000	-0.340888
9.218000	-0.085135
9.220000	-0.056437
9.222000	0.454053
9.224000	0.181126
9.226000	-0.515901
9.228000	-0.003947
9.230000	0.191177
9.232000	-0.078200
9.234000	-0.292272
9.236000	0.028306
9.238000	0.246037
9.240000	-0.143586
9.242000	-0.115324
9.244000	-0.141161
9.246000	-0.584156
9.248000	0.562481
9.250000	0.409415
9.252000	0.145554
9.254000	0.139880
9.256000	0.121836
9.258000	0.688077
9.260000	0.169601
9.262000	0.296112
9.264000	0.039581
9.266000	-0.100109
9.268000	-0.476444
9.270000	0.476088
9.272000	0.356913
9.274000	-0.162673
9.276000	-0.077607
9.278000	0.105556
9.280000	0.240613
9.282000	0.197230
9.284000	0.116429
9.286000	0.177313
9.288000	0.060177
9.290000	-0.176015
9.292000	-0.259969
9.294000	0.221386
9.296000	0.056727
9.298000	0.557829
9.300000	-0.098869
9.302000	-0.009902
9.304000	0.492127
9.306000	0.279068
9.308000	-0.154484
9.310000	-0.288343
9.312000	0.023894
9.314000	-0.165020
9.316000	-0.145789
9.318000	0.599228
9.320000	0.238187
9.322000	0.044000
9.324000	-0.906926
9.326000	-0.467461
9.328000	-0.263248
9.330000	0.095742
9.332000	-0.102185
9.334000	0.144603
9.336000	-0.073526
9.338000	-0.464659
9.340000	-0.397504
9.342000	0.354659
9.344000	0.429370
9.346000	0.300610
9.348000	0.040272
9.350000	0.300672
9.352000	0.268312
9.354000	0.368836
9.356000	-0.238029
9.358000	0.485123
9.360000	-0.148322
9.362000	0.047923
9.364000	-0.453947
9.366000	-0.201692
9.368000	0.288567
9.370000	-0.317948
9.372000	0.062718
9.374000	0.147907
9.376000	0.423757
9.378000	-0.440372
9.380000	0.218715
9.382000	-0.207736
9.384000	0.322327
9.386000	0.059232
9.388000	0.164820
9.390000	-0.246765
9.392000	-0.363438
9.394000	-0.171736
9.396000	0.397804
9.398000	0.423494
9.400000	0.119373
9.402000	0.152225
9.404000	-0.020442
9.406000	-0.014035
9.408000	0.455462
9.410000	0.241354
9.412000	-0.089027
9.414000	0.205681
9.416000	0.281010
9.418000	-0.438041
9.420000	0.524135
9.422000	0.266905
9.424000	0.103260
9.426000	0.283310
9.428000	0.057964
9.430000	-0.222596
9.432000	0.074061
9.434000	-0.249582
9.436000	0.391430
9.438000	0.717292
9.440000	-0.210608
9.442000	0.272168
9.444000	0.445743
9.446000	0.152765
9.448000	0.137317
9.450000	0.005802
9.452000	0.408893
9.454000	0.156709
9.456000	0.091606
9.458000	0.252472
9.460000	-0.181709
9.462000	0.296640
9.464000	-0.196850
9.466000	0.027011
9.468000	-0.334617
9.470000	0.485789
9.472000	0.037262
9.474000	-0.236192
9.476000	0.213957
9.478000	0.360093
9.480000	0.126049
9.482000	-0.260084
9.484000	0.200090
9.486000	-0.181077
9.488000	0.182612
9.490000	-0.263211
9.492000	0.242804
9.494000	-0.128828
9.496000	0.131542
9.498000	-0.051988
9.500000	0.664498
9.502000	0.221216
9.504000	0.225913
9.506000	0.331511
9.508000	0.354641
9.510000	0.180174
9.512000	0.323147
9.514000	0.339691
9.516000	-0.158918
9.518000	0.330616
9.520000	-0.049937
9.522000	0.105595
9.524000	-0.443263
9.526000	0.205527
9.528000	0.318491
9.530000	0.392903
9.532000	0.596528
9.534000	0.529323
9.536000	0.442732
9.538000	0.047317
9.540000	0.314371
9.542000	-0.146456
9.544000	0.565601
9.546000	0.092885
9.548000	-0.081492
9.550000	0.344729
9.552000	-0.113436
9.554000	0.220351
9.556000	0.141462
9.558000	0.379214
9.560000	0.332562
9.562000	-0.561053
9.564000	0.024244
9.566000	0.042256
9.568000	0.021672
9.570000	0.046145
9.572000	0.131484
9.574000	-0.145531
9.576000	-0.126869
9.578000	0.052311
9.580000	0.628845
9.582000	0.730318
9.584000	0.571857
9.586000	0.630084
9.588000	0.377676
9.590000	0.742050
9.592000	0.857295
9.594000	1.243754
9.596000	1.277928
9.598000	1.323057
9.600000	1.360897
9.602000	1.927335
9.604000	1.275879
9.606000	1.136462
9.608000	1.201205
9.610000	0.663793
9.612000	-0.064401
9.614000	0.853014
9.616000	-0.474173
9.618000	-0.646852
9.620000	-0.970224
9.622000	-0.600832
9.624000	-1.194733
9.626000	-0.864481
9.628000	-0.799088
9.630000	-0.892315
9.632000	-0.845222
9.634000	-0.535093
9.636000	-0.763686
9.638000	-0.517108
9.640000	-0.699984
9.642000	-0.879917
9.644000	-0.182087
9.646000	-0.132405
9.648000	-0.307675
9.650000	-0.328454
9.652000	-0.292818
9.654000	-0.008379
9.656000	-0.587959
9.658000	0.236021
9.660000	-0.185961
9.662000	-0.316075
9.664000	-0.320949
9.666000	0.467579
9.668000	0.336747
9.670000	-0.362282
9.672000	-0.417971
9.674000	-0.251295
9.676000	-0.213365
9.678000	-0.059120
9.680000	0.146295
9.682000	0.388014
9.684000	-0.323390
9.686000	0.172350
9.688000	0.116119
9.690000	0.662865
9.692000	-0.469102
9.694000	-0.399885
9.696000	0.128891
9.698000	-0.254033
9.700000	0.006739
9.702000	0.156574
9.704000	-0.157065
9.706000	-0.117952
9.708000	0.109666
9.710000	0.310001
9.712000	0.020516
9.714000	-0.228489
9.716000	0.293302
9.718000	-0.099496
9.720000	-0.241782
9.722000	-0.295620
9.724000	-0.028656
9.726000	0.091415
9.728000	-0.081915
9.730000	0.062947
9.732000	-0.081259
9.734000	-0.127786
9.736000	-0.127187
9.738000	0.094899
9.740000	0.318606
9.742000	-0.016307
9.744000	-0.028143
9.746000	0.162318
9.748000	0.180087
9.750000	0.058008
9.752000	0.239800
9.754000	0.186120
9.756000	-0.015634
9.758000	0.108820
9.760000	-0.222929
9.762000	0.033000
9.764000	-0.069239
9.766000	-0.150015
9.768000	0.144481
9.770000	-0.003723
9.772000	0.080778
9.774000	0.186728
9.776000	0.111563
9.778000	0.161938
9.780000	0.199953
9.782000	-0.061266
9.784000	0.044770
9.786000	0.118277
9.788000	0.080778
9.790000	0.020181
9.792000	0.098106
9.794000	0.065088
9.796000	0.142217
9.798000	0.114952
9.800000	0.142891
9.802000	0.216383
9.804000	0.390750
9.806000	0.110373
9.808000	0.221631
9.810000	0.128698
9.812000	0.044493
9.814000	0.225415
9.816000	0.183289
9.818000	0.031768
9.820000	0.195357
9.822000	0.328514
9.824000	0.079317
9.826000	0.122371
9.828000	0.358276
9.830000	0.184972
9.832000	0.106343
9.834000	0.267682
9.836000	0.113189
9.838000	0.284003
9.840000	0.159439
9.842000	0.358163
9.844000	0.134668
9.846000	0.161596
9.848000	0.175991
9.850000	0.366159
9.852000	0.218011
9.854000	0.357447
9.856000	0.270286
9.858000	0.275492
9.860000	0.122255
9.862000	0.380514
9.864000	0.323370
9.866000	0.322254
9.868000	0.077199
9.870000	0.247943
9.872000	0.302380
9.874000	0.200328
9.876000	0.338822
9.878000	0.161166
9.880000	0.325368
9.882000	0.341903
9.884000	0.254414
9.886000	0.185270
9.888000	0.320913
9.890000	0.121922
9.892000	0.236388
9.894000	0.262003
9.896000	0.426194
9.898000	-0.000442
9.900000	0.226320
9.902000	0.224263
9.904000	0.220889
9.906000	0.240024
9.908000	0.334782
9.910000	0.139527
9.912000	0.132023
9.914000	0.138225
9.916000	0.111001
9.918000	0.204614
9.920000	0.110008
9.922000	0.168925
9.924000	0.032429
9.926000	0.221737
9.928000	0.115157
9.930000	-0.104823
9.932000	0.025670
9.934000	0.066808
9.936000	0.054846
9.938000	-0.254009
9.940000	-0.017495
9.942000	-0.085745
9.944000	-0.034830
9.946000	-0.210568
9.948000	-0.151408
9.950000	-0.306216
9.952000	-0.028745
9.954000	-0.141989
9.956000	-0.094956
9.958000	-0.058652
9.960000	-0.205896
9.962000	-0.130960
9.964000	-0.322469
9.966000	0.078649
9.968000	-0.311211
9.970000	-0.013876
9.972000	-0.317735
9.974000	0.102103
9.976000	-0.145802
9.978000	-0.113479
9.980000	-0.281450
9.982000	-0.197543
9.984000	-0.163734
9.986000	-0.223903
9.988000	0.053547
9.990000	-0.047235
9.992000	-0.437886
9.994000	-0.157355
9.996000	-0.083280
9.998000	-0.193685
10.000000	-0.076837
10.002000	-0.088465
10.004000	-0.058555
10.006000	-0.137053
10.008000	-0.041040
10.010000	-0.272030
10.012000	-0.118835
10.014000	-0.069412
10.016000	0.063736
10.018000	-0.292687
10.020000	-0.196742
10.022000	-0.334440
10.024000	-0.173938
10.026000	0.150779
10.028000	-0.150242
10.030000	-0.038311
10.032000	-0.143713
10.034000	-0.171520
10.036000	-0.061099
10.038000	0.132856
10.040000	0.035806
10.042000	-0.122118
10.044000	-0.142556
10.046000	-0.057952
10.048000	0.045400
10.050000	-0.203279
10.052000	0.048191
10.054000	-0.108630
10.056000	-0.013139
10.058000	-0.296090
10.060000	-0.055522
10.062000	0.000209
10.064000	0.062139
10.066000	-0.111651
10.068000	-0.036708
10.070000	0.009440
10.072000	-0.051721
10.074000	0.044509
10.076000	-0.090455
10.078000	-0.005281
10.080000	0.096170
10.082000	-0.117459
10.084000	-0.310041
10.086000	-0.121303
10.088000	-0.027894
10.090000	0.060697
10.092000	0.070475
10.094000	-0.083281
10.096000	0.228569
10.098000	-0.083507
10.100000	-0.139393
10.102000	-0.216932
10.104000	-0.233505
10.106000	0.043033
10.108000	-0.092169
10.110000	-0.022157
10.112000	-0.078921
10.114000	-0.132150
10.116000	-0.071946
10.118000	0.005288
10.120000	-0.071238
10.122000	-0.152693
10.124000	0.098950
10.126000	-0.083295
10.128000	-0.131388
10.130000	-0.083806
10.132000	-0.052091
10.134000	0.062237
10.136000	0.083841
10.138000	0.024693
10.140000	-0.150145
10.142000	-0.323966
10.144000	0.120267
10.146000	0.054389
10.148000	-0.018096
10.150000	0.113684
10.152000	-0.104723
10.154000	-0.239050
10.156000	-0.231575
10.158000	0.097967
10.160000	-0.137427
10.162000	-0.193056
10.164000	-0.028524
10.166000	-0.057720
10.168000	-0.086730
10.170000	0.044512
10.172000	0.188950
10.174000	0.108109
10.176000	0.081797
10.178000	-0.121534
10.180000	-0.106489
10.182000	0.188295
10.184000	-0.135922
10.186000	-0.131531
10.188000	0.139955
10.190000	-0.252006
10.192000	0.167486
10.194000	-0.172082
10.196000	0.280653
10.198000	-0.138587
10.200000	-0.064362
10.202000	-0.131927
10.204000	0.126314
10.206000	0.043615
10.208000	-0.194388
10.210000	-0.034362
10.212000	-0.121361
10.214000	-0.040159
10.216000	-0.016838
10.218000	-0.018713
10.220000	-0.089282
10.222000	-0.090783
10.224000	0.005738
10.226000	0.059316
10.228000	-0.096223
10.230000	-0.019338
10.232000	0.158473
10.234000	-0.069955
10.236000	0.248310
10.238000	0.011784
10.240000	0.028250
10.242000	-0.258783
10.244000	-0.288804
10.246000	-0.108287
10.248000	-0.143713
10.250000	-0.387360
10.252000	-0.359756
10.254000	-0.250309
10.256000	0.050985
10.258000	-0.342862
10.260000	-0.217426
10.262000	-0.358007
10.264000	-0.236486
10.266000	-0.383270
10.268000	-0.162599
10.270000	0.113651
10.272000	-0.342039
10.274000	-0.260076
10.276000	-0.110450
10.278000	-0.240625
10.280000	-0.535400
10.282000	-0.162596
10.284000	-0.166842
10.286000	-0.283262
10.288000	-0.324139
10.290000	-0.064183
10.292000	-0.124106
10.294000	-0.083697
10.296000	-0.198255
10.298000	-0.389460
10.300000	-0.122600
10.302000	-0.367489
10.304000	-0.046092
10.306000	-0.424831
10.308000	-0.174077
10.310000	-0.244145
10.312000	-0.319917
10.314000	-0.422774
10.316000	-0.296666
10.318000	-0.412533
10.320000	-0.138521
10.322000	-0.339783
10.324000	-0.022142
10.326000	0.051706
10.328000	-0.242540
10.330000	-0.225194
10.332000	-0.426626
10.334000	-0.389434
10.336000	-0.147089
10.338000	-0.091723
10.340000	-0.412708
10.342000	-0.133194
10.344000	-0.513759
10.346000	-0.298955
10.348000	-0.183928
10.350000	-0.202519
10.352000	-0.140427
10.354000	-0.193745
10.356000	-0.266430
10.358000	-0.103983
10.360000	-0.513537
10.362000	-0.249699
10.364000	-0.157267
10.366000	-0.209794
10.368000	-0.282971
10.370000	-0.362390
10.372000	-0.551128
10.374000	-0.240855
10.376000	-0.424066
10.378000	-0.437977
10.380000	-0.354742
10.382000	-0.284505
10.384000	-0.086770
10.386000	0.030465
10.388000	-0.347062
10.390000	-0.230527
10.392000	-0.389000
10.394000	-0.458349
10.396000	-0.549053
10.398000	-0.238524
10.400000	-0.401371
10.402000	-0.134892
10.404000	-0.377208
10.406000	-0.343100
10.408000	-0.351076
10.410000	0.062287
10.412000	-0.276533
10.414000	-0.291897
10.416000	-0.306011
10.418000	-0.340607
10.420000	-0.459479
10.422000	-0.195927
10.424000	-0.071473
10.426000	-0.245040
10.428000	-0.335658
10.430000	-0.329131
10.432000	-0.432255
10.434000	-0.207262
10.436000	-0.003192
10.438000	-0.491071
10.440000	-0.193075
10.442000	0.005498
10.444000	-0.372334
10.446000	-0.408552
10.448000	-0.225936
10.450000	0.038030
10.452000	-0.429360
10.454000	-0.166881
10.456000	-0.347219
10.458000	-0.191936
10.460000	-0.265537
10.462000	-0.320157
10.464000	-0.211075
10.466000	-0.320858
10.468000	-0.175677
10.470000	-0.231039
10.472000	-0.309342
10.474000	-0.185491
10.476000	-0.185241
10.478000	-0.401678
10.480000	0.056255
10.482000	-0.435973
10.484000	0.193128
10.486000	-0.444686
10.488000	-0.362351
10.490000	-0.142354
10.492000	-0.216372
10.494000	0.109852
10.496000	-0.354991
10.498000	-0.194926
10.500000	-0.499037
10.502000	-0.435246
10.504000	-0.364401
10.506000	-0.111454
10.508000	-0.322291
10.510000	0.004520
10.512000	-0.076813
10.514000	-0.025652
10.516000	-0.465529
10.518000	-0.125392
10.520000	-0.240182
10.522000	0.061329
10.524000	-0.128615
10.526000	0.006604
10.528000	-0.220866
10.530000	-0.314770
10.532000	-0.017485
10.534000	-0.098338
10.536000	0.116925
10.538000	-0.367993
10.540000	-0.251081
10.542000	-0.108012
10.544000	-0.009489
10.546000	0.084205
10.548000	-0.149720
10.550000	-0.190695
10.552000	0.039047
10.554000	-0.244881
10.556000	-0.214422
10.558000	-0.033570
10.560000	-0.382860
10.562000	-0.071700
10.564000	-0.355630
10.566000	-0.437321
10.568000	-0.398620
10.570000	-0.328286
10.572000	-0.112168
10.574000	-0.302907
10.576000	-0.430873
10.578000	0.013947
10.580000	-0.022714
10.582000	0.065106
10.584000	-0.259277
10.586000	0.066327
10.588000	-0.362191
10.590000	-0.015041
10.592000	0.104461
10.594000	-0.206880
10.596000	0.041358
10.598000	0.079932
10.600000	-0.274192
10.602000	-0.181679
10.604000	-0.201560
10.606000	-0.277873
10.608000	-0.210487
10.610000	-0.051047
10.612000	-0.130201
10.614000	-0.059619
10.616000	-0.011685
10.618000	0.006641
10.620000	-0.246049
10.622000	-0.053029
10.624000	-0.085392
10.626000	-0.164548
10.628000	0.204394
10.630000	-0.300827
10.632000	-0.303971
10.634000	-0.294702
10.636000	-0.328053
10.638000	-0.305808
10.640000	-0.177027
10.642000	0.003723
10.644000	-0.012915
10.646000	-0.108162
10.648000	-0.035484
10.650000	-0.075587
10.652000	0.156026
10.654000	-0.041823
10.656000	-0.269980
10.658000	-0.098142
10.660000	-0.039169
10.662000	0.020615
10.664000	0.117869
10.666000	-0.002522
10.668000	0.016819
10.670000	-0.128051
10.672000	0.106683
10.674000	-0.047851
10.676000	0.022905
10.678000	0.027822
10.680000	0.340130
10.682000	-0.228339
10.684000	-0.011269
10.686000	0.141733
10.688000	-0.161955
10.690000	-0.053564
10.692000	0.014413
10.694000	-0.029819
10.696000	-0.000851
10.698000	0.394029
10.700000	-0.319981
10.702000	0.175404
10.704000	0.110662
10.706000	0.010778
10.708000	-0.192043
10.710000	-0.105907
10.712000	-0.323082
10.714000	-0.111926
10.716000	-0.030762
10.718000	0.037370
10.720000	-0.101658
10.722000	0.120039
10.724000	0.116506
10.726000	0.072639
10.728000	-0.364060
10.730000	-0.120478
10.732000	0.058422
10.734000	0.100536
10.736000	-0.016065
10.738000	0.032214
10.740000	0.231153
10.742000	-0.083688
10.744000	0.227880
10.746000	0.122353
10.748000	-0.058904
10.750000	0.151548
10.752000	-0.267223
10.754000	-0.120043
10.756000	-0.278753
10.758000	0.165618
10.760000	-0.515074
10.762000	-0.609690
10.764000	-0.085530
10.766000	0.107807
10.768000	-0.142421
10.770000	0.096248
10.772000	-0.159202
10.774000	-0.190229
10.776000	-0.103981
10.778000	-0.312476
10.780000	-0.046603
10.782000	-0.094195
10.784000	-0.292098
10.786000	-0.029801
10.788000	-0.181798
10.790000	-0.248445
10.792000	-0.452627
10.794000	0.002126
10.796000	-0.135336
10.798000	0.184657
10.800000	-0.127708
10.802000	-0.228403
10.804000	-0.112210
10.806000	-0.011928
10.808000	0.132536
10.810000	-0.092817
10.812000	-0.548786
10.814000	0.187315
10.816000	-0.213724
10.818000	0.166476
10.820000	0.159903
10.822000	-0.278856
10.824000	-0.047285
10.826000	0.034457
10.828000	-0.457849
10.830000	0.310734
10.832000	-0.342649
10.834000	0.203057
10.836000	-0.581607
10.838000	0.284376
10.840000	-0.255926
10.842000	-0.200200
10.844000	-0.249186
10.846000	-0.009882
10.848000	0.431998
10.850000	-0.482447
10.852000	0.331134
10.854000	-0.115575
10.856000	-0.175237
10.858000	0.365701
10.860000	0.776046
10.862000	0.545174
10.864000	1.164353
10.866000	0.999762
10.868000	1.121144
10.870000	1.902513
10.872000	1.214433
10.874000	1.759190
10.876000	1.297852
10.878000	1.823172
10.880000	1.574355
10.882000	0.881610
10.884000	0.494840
10.886000	0.291772
10.888000	0.348270
10.890000	-0.022407
10.892000	-0.517688
10.894000	-0.694873
10.896000	-0.687236
10.898000	-0.949267
10.900000	-1.138833
10.902000	-0.603284
10.904000	-0.337571
10.906000	-0.693853
10.908000	-0.918230
10.910000	-0.548311
10.912000	-0.398937
10.914000	-0.296196
10.916000	-0.272348
10.918000	-0.142605
10.920000	0.393262
10.922000	0.034890
10.924000	-0.042305
10.926000	-0.668453
10.928000	-0.137291
10.930000	-0.277256
10.932000	-0.275009
10.934000	0.055320
10.936000	-0.241559
10.938000	0.035653
10.940000	0.091017
10.942000	-0.203125
10.944000	-0.319093
10.946000	-0.088356
10.948000	-0.010489
10.950000	-0.199592
10.952000	-0.075139
10.954000	0.153986
10.956000	0.201992
10.958000	-0.417011
10.960000	0.046553
10.962000	-0.215879
10.964000	-0.227398
10.966000	-0.156434
10.968000	0.253339
10.970000	0.000400
10.972000	0.263302
10.974000	-0.184325
10.976000	-0.301081
10.978000	0.304645
10.980000	-0.007848
10.982000	-0.443284
10.984000	-0.090032
10.986000	-0.298792
10.988000	-0.177477
10.990000	0.285133
10.992000	0.568029
10.994000	-0.283837
10.996000	-0.111925
10.998000	0.218172
11.000000	-0.233401
11.002000	0.235010
11.004000	0.220675
11.006000	-0.045771
11.008000	0.360313
11.010000	-0.413508
11.012000	-0.140646
11.014000	-0.027838
11.016000	0.474068
11.018000	-0.404692
11.020000	0.180287
11.022000	-0.004742
11.024000	0.170003
11.026000	-0.126146
11.028000	-0.495937
11.030000	-0.180153
11.032000	-0.171368
11.034000	-0.058895
11.036000	0.070292
11.038000	-0.008363
11.040000	-0.034003
11.042000	-0.002567
11.044000	-0.008068
11.046000	-0.167903
11.048000	0.086860
11.050000	-0.102873
11.052000	0.200029
11.054000	0.030863
11.056000	-0.424092
11.058000	0.465067
11.060000	0.038770
11.062000	0.170958
11.064000	-0.013037
11.066000	-0.006880
11.068000	-0.040531
11.070000	0.109901
11.072000	0.474073
11.074000	-0.259499
11.076000	-0.109853
11.078000	0.032902
11.080000	0.451304
11.082000	0.137752
11.084000	0.096990
11.086000	0.435881
11.088000	0.341413
11.090000	0.476038
11.092000	-0.378913
11.094000	-0.054957
11.096000	0.352552
11.098000	0.082486
11.100000	0.204141
11.102000	0.124945
11.104000	0.497990
11.106000	0.300674
11.108000	0.448331
11.110000	0.181472
11.112000	0.196519
11.114000	0.615777
11.116000	0.291218
11.118000	-0.475708
11.120000	0.079527
11.122000	0.353474
11.124000	-0.422885
11.126000	0.302014
11.128000	0.226087
11.130000	0.222955
11.132000	-0.111353
11.134000	0.558834
11.136000	-0.257167
11.138000	0.056959
11.140000	-0.210626
11.142000	-0.089985
11.144000	0.696257
11.146000	-0.021806
11.148000	0.078968
11.150000	0.262503
11.152000	0.165349
11.154000	0.298078
11.156000	-0.232495
11.158000	0.058768
11.160000	-0.119044
11.162000	-0.233364
11.164000	-0.172111
11.166000	0.217971
11.168000	0.592449
11.170000	0.168539
11.172000	-0.156175
11.174000	-0.086838
11.176000	-0.648160
11.178000	0.155348
11.180000	-0.092469
11.182000	0.082975
11.184000	-0.029988
11.186000	-0.191750
11.188000	-0.026219
11.190000	-0.274677
11.192000	0.047336
11.194000	0.035071
11.196000	0.140095
11.198000	-0.084132
11.200000	-0.205574
11.202000	-0.027459
11.204000	0.041398
11.206000	-0.602791
11.208000	0.176406
11.210000	0.013179
11.212000	0.289560
11.214000	-0.225559
11.216000	-0.043733
11.218000	-0.266151
11.220000	0.224622
11.222000	0.114313
11.224000	-0.231119
11.226000	-0.088179
11.228000	-0.677231
11.230000	-0.274166
11.232000	0.076845
11.234000	-0.520645
11.236000	0.088884
11.238000	-0.143765
11.240000	0.115287
11.242000	0.140697
11.244000	-0.343193
11.246000	0.215448
11.248000	-0.045764
11.250000	-0.232803
11.252000	0.003531
11.254000	-0.120123
11.256000	-0.555598
11.258000	-0.096982
11.260000	-0.048996
11.262000	0.343622
11.264000	0.001961
11.266000	-0.216300
11.268000	-0.237890
11.270000	-0.087215
11.272000	-0.143244
11.274000	-0.300955
11.276000	-0.279984
11.278000	-0.226654
11.280000	-0.001853
11.282000	-0.278611
11.284000	-0.195849
11.286000	-0.281315
11.288000	-0.188119
11.290000	-0.304145
11.292000	-0.164172
11.294000	0.047112
11.296000	-0.257766
11.298000	-0.216809
11.300000	-0.121212
11.302000	-0.188698
11.304000	-0.384695
11.306000	-0.124908
11.308000	-0.115369
11.310000	-0.211638
11.312000	-0.242216
11.314000	-0.095342
11.316000	-0.105142
11.318000	-0.038549
11.320000	-0.154910
11.322000	-0.279082
11.324000	-0.085795
11.326000	-0.245769
11.328000	-0.038599
11.330000	-0.279608
11.332000	-0.129054
11.334000	-0.162083
11.336000	-0.223545
11.338000	-0.282447
11.340000	-0.198946
11.342000	-0.240364
11.344000	-0.066756
11.346000	-0.222726
11.348000	-0.013807
11.350000	0.084853
11.352000	-0.166201
11.354000	-0.153624
11.356000	-0.297099
11.358000	-0.268106
11.360000	-0.090359
11.362000	-0.051924
11.364000	-0.262114
11.366000	-0.101859
11.368000	-0.343830
11.370000	-0.184408
11.372000	-0.121445
11.374000	-0.111915
11.376000	-0.066118
11.378000	-0.135432
11.380000	-0.152957
11.382000	-0.059434
11.384000	-0.330472
11.386000	-0.169789
11.388000	-0.065932
11.390000	-0.110811
11.392000	-0.137914
11.394000	-0.263344
11.396000	-0.356921
11.398000	-0.128088
11.400000	-0.260826
11.402000	-0.277362
11.404000	-0.226375
11.406000	-0.148802
11.408000	-0.042360
11.410000	0.006750
11.412000	-0.223419
11.414000	-0.142251
11.416000	-0.211175
11.418000	-0.295807
11.420000	-0.348744
11.422000	-0.179386
11.424000	-0.255822
11.426000	-0.080938
11.428000	-0.236460
11.430000	-0.214346
11.432000	-0.180706
11.434000	0.049274
11.436000	-0.138930
11.438000	-0.202052
11.440000	-0.209042
11.442000	-0.221077
11.444000	-0.293204
11.446000	-0.129507
11.448000	-0.033908
11.450000	-0.136540
11.452000	-0.179184
11.454000	-0.187210
11.456000	-0.275975
11.458000	-0.136597
11.460000	0.011114
11.462000	-0.313148
11.464000	-0.106761
11.466000	0.016956
11.468000	-0.208563
11.470000	-0.240499
11.472000	-0.136419
11.474000	0.046403
11.476000	-0.294507
11.478000	-0.105678
11.480000	-0.215443
11.482000	-0.128070
11.484000	-0.158487
11.486000	-0.165747
11.488000	-0.144019
11.490000	-0.179943
11.492000	-0.082153
11.494000	-0.131999
11.496000	-0.196739
11.498000	-0.117821
11.500000	-0.109505
11.502000	-0.248729
11.504000	0.043738
11.506000	-0.252274
11.508000	0.169093
11.510000	-0.267449
11.512000	-0.252807
11.514000	-0.089340
11.516000	-0.131354
11.518000	0.053560
11.520000	-0.210850
11.522000	-0.108559
11.524000	-0.320600
11.526000	-0.270518
11.528000	-0.216679
11.530000	-0.047564
11.532000	-0.214361
11.534000	-0.001649
11.536000	-0.057082
11.538000	-0.003672
11.540000	-0.304908
11.542000	-0.071522
11.544000	-0.160480
11.546000	0.032284
11.548000	-0.093637
11.550000	0.019617
11.552000	-0.140338
11.554000	-0.209138
11.556000	-0.000243
11.558000	-0.052363
11.560000	0.088369
11.562000	-0.259694
11.564000	-0.168002
11.566000	-0.070042
11.568000	-0.012268
11.570000	0.049725
11.572000	-0.107410
11.574000	-0.134017
11.576000	0.032018
11.578000	-0.148194
11.580000	-0.122507
11.582000	-0.015670
11.584000	-0.234783
11.586000	-0.048138
11.588000	-0.239421
11.590000	-0.264451
11.592000	-0.234560
11.594000	-0.207173
11.596000	-0.055102
11.598000	-0.184807
11.600000	-0.271149
11.602000	0.023323
11.604000	-0.008949
11.606000	0.026752
11.608000	-0.148628
11.610000	0.051861
11.612000	-0.201807
11.614000	0.002183
11.616000	0.092658
11.618000	-0.106502
11.620000	0.048542
11.622000	0.060191
11.624000	-0.181023
11.626000	-0.104224
11.628000	-0.146629
11.630000	-0.177805
11.632000	-0.134090
11.634000	-0.020856
11.636000	-0.053520
11.638000	-0.010807
11.640000	0.006546
11.642000	0.012725
11.644000	-0.152235
11.646000	-0.013033
11.648000	-0.067026
11.650000	-0.089600
11.652000	0.144495
11.654000	-0.182760
11.656000	-0.200481
11.658000	-0.170733
11.660000	-0.196757
11.662000	-0.184811
11.664000	-0.085336
11.666000	-0.003096
11.668000	-0.013141
11.670000	-0.057247
11.672000	0.004325
11.674000	-0.053403
11.676000	0.102984
11.678000	-0.024606
11.680000	-0.159658
11.682000	-0.054347
11.684000	-0.016033
11.686000	0.021543
11.688000	0.095087
11.690000	-0.006532
11.692000	0.005579
11.694000	-0.112469
11.696000	0.065060
11.698000	-0.022990
11.700000	0.016856
11.702000	-0.000964
11.704000	0.209110
11.706000	-0.143545
11.708000	-0.012972
11.710000	0.088665
11.712000	-0.104973
11.714000	-0.034735
11.716000	0.018083
11.718000	-0.038719
11.720000	-0.014920
11.722000	0.272012
11.724000	-0.230529
11.726000	0.108794
11.728000	0.073097
11.730000	0.005052
11.732000	-0.121132
11.734000	-0.043137
11.736000	-0.176708
11.738000	-0.015002
11.740000	-0.008226
11.742000	0.062570
11.744000	-0.040658
11.746000	0.086852
11.748000	0.103019
11.750000	0.083424
11.752000	-0.202839
11.754000	-0.049976
11.756000	0.038751
11.758000	0.107805
11.760000	0.003424
11.762000	0.009907
11.764000	0.187916
11.766000	-0.044376
11.768000	0.155244
11.770000	0.093409
11.772000	-0.048633
11.774000	0.109114
11.776000	-0.473990
11.778000	-0.078779
11.780000	-0.142110
11.782000	0.320585
11.784000	0.172924
11.786000	-0.479924
11.788000	-0.083958
11.790000	0.245110
11.792000	-0.051982
11.794000	-0.287027
11.796000	-0.038906
11.798000	0.127562
11.800000	-0.200190
11.802000	-0.130336
11.804000	-0.203148
11.806000	-0.407657
11.808000	0.392255
11.810000	0.338670
11.812000	0.157696
11.814000	0.084892
11.816000	0.041800
11.818000	0.795134
11.820000	0.206778
11.822000	0.212418
11.824000	0.040044
11.826000	-0.085340
11.828000	-0.535250
11.830000	0.383830
11.832000	0.174804
11.834000	-0.145507
11.836000	-0.044632
11.838000	-0.076576
11.840000	0.235720
11.842000	0.012369
11.844000	-0.042570
11.846000	0.162621
11.848000	0.131093
11.850000	-0.142904
11.852000	-0.200791
11.854000	0.215880
11.856000	0.112003
11.858000	0.336280
11.860000	-0.281693
11.862000	0.071881
11.864000	0.241116
11.866000	0.260913
11.868000	-0.120104
11.870000	-0.432574
11.872000	-0.170108
11.874000	-0.113553
11.876000	-0.175935
11.878000	0.432668
11.880000	0.210492
11.882000	-0.072517
11.884000	-0.963816
11.886000	-0.339659
11.888000	-0.394028
11.890000	-0.061456
11.892000	-0.020323
11.894000	0.062080
11.896000	-0.257314
11.898000	-0.348892
11.900000	-0.429375
11.902000	0.371684
11.904000	0.300852
11.906000	0.137895
11.908000	-0.018521
11.910000	0.014686
11.912000	0.122694
11.914000	0.180237
11.916000	0.000879
11.918000	0.414303
11.920000	-0.131148
11.922000	0.084611
11.924000	-0.626975
11.926000	-0.258934
11.928000	0.050900
11.930000	-0.240423
11.932000	-0.015858
11.934000	0.155919
11.936000	0.372263
11.938000	-0.608634
11.940000	0.313248
11.942000	-0.204073
11.944000	0.159899
11.946000	0.129546
11.948000	0.157017
11.950000	-0.271669
11.952000	-0.247063
11.954000	-0.311991
11.956000	0.224076
11.958000	0.303590
11.960000	0.307924
11.962000	0.081868
11.964000	-0.030881
11.966000	-0.179272
11.968000	0.318601
11.970000	0.147225
11.972000	-0.036931
11.974000	-0.057492
11.976000	0.111030
11.978000	-0.518892
11.980000	0.439537
11.982000	0.068829
11.984000	0.044731
11.986000	0.180440
11.988000	-0.181091
11.990000	-0.209133
11.992000	0.062520
11.994000	-0.427814
11.996000	0.293834
11.998000	0.756163
12.000000	-0.350173
12.002000	0.185684
12.004000	0.245321
12.006000	0.095379
12.008000	-0.049878
12.010000	-0.043085
12.012000	0.527493
12.014000	-0.068000
12.016000	0.000095
12.018000	0.277777
12.020000	-0.262641
12.022000	0.184590
12.024000	-0.328734
12.026000	-0.038896
12.028000	-0.247947
12.030000	0.295036
12.032000	-0.015017
12.034000	-0.357557
12.036000	0.133571
12.038000	0.195253
12.040000	0.077322
12.042000	-0.311758
12.044000	0.126334
12.046000	-0.424436
12.048000	0.088255
12.050000	-0.354010
12.052000	0.180118
12.054000	-0.274182
12.056000	0.166706
12.058000	0.135818
12.060000	0.503983
12.062000	0.295620
12.064000	0.170995
12.066000	0.388162
12.068000	0.427299
12.070000	0.235623
12.072000	0.394543
12.074000	0.366653
12.076000	-0.055490
12.078000	0.362577
12.080000	-0.061012
12.082000	0.199135
12.084000	-0.310848
12.086000	0.072231
12.088000	0.109344
12.090000	0.265632
12.092000	0.629742
12.094000	0.523202
12.096000	0.351964
12.098000	0.001352
12.100000	0.098058
12.102000	-0.155732
12.104000	0.482256
12.106000	-0.021123
12.108000	-0.136673
12.110000	0.280230
12.112000	-0.111640
12.114000	0.158897
12.116000	0.136457
12.118000	0.288697
12.120000	0.287720
12.122000	-0.452100
12.124000	-0.029091
12.126000	0.117817
12.128000	0.050795
12.130000	-0.108252
12.132000	0.063455
12.134000	-0.227987
12.136000	-0.124073
12.138000	0.330642
12.140000	0.631781
12.142000	0.994608
12.144000	0.773026
12.146000	0.662626
12.148000	0.461130
12.150000	1.056855
12.152000	1.172535
12.154000	1.793621
12.156000	1.545068
12.158000	1.319674
12.160000	1.097140
12.162000	1.696824
12.164000	0.852246
12.166000	0.719330
12.168000	0.618772
12.170000	-0.030164
12.172000	-0.905785
12.174000	-0.128439
12.176000	-1.308149
12.178000	-1.200611
12.180000	-1.167249
12.182000	-0.657308
12.184000	-0.971546
12.186000	-0.943114
12.188000	-0.689231
12.190000	-0.831243
12.192000	-0.779066
12.194000	-0.312806
12.196000	-0.572692
12.198000	-0.507933
12.200000	-0.506456
12.202000	-0.538764
12.204000	-0.186787
12.206000	-0.090267
12.208000	-0.190374
12.210000	-0.224790
12.212000	-0.466436
12.214000	-0.176100
12.216000	-0.486358
12.218000	0.184135
12.220000	-0.121961
12.222000	-0.222643
12.224000	-0.252072
12.226000	0.381609
12.228000	0.345379
12.230000	-0.179065
12.232000	-0.462299
12.234000	-0.130118
12.236000	-0.031739
12.238000	0.005614
12.240000	0.091198
12.242000	0.348389
12.244000	-0.229136
12.246000	0.219349
12.248000	-0.015005
12.250000	0.570477
12.252000	-0.235941
12.254000	-0.366202
12.256000	0.285247
12.258000	-0.226221
12.260000	0.074683
12.262000	0.276320
12.264000	-0.146047
12.266000	0.072333
12.268000	0.083626
12.270000	0.622945
12.272000	0.028326
12.274000	-0.150043
12.276000	0.257886
12.278000	-0.113023
12.280000	-0.142957
12.282000	-0.386761
12.284000	0.038546
12.286000	0.217367
12.288000	-0.065969
12.290000	0.054113
12.292000	-0.084584
12.294000	-0.111656
12.296000	-0.109671
12.298000	0.082304
12.300000	0.298002
12.302000	-0.005736
12.304000	-0.040071
12.306000	0.157353
12.308000	0.153779
12.310000	0.048083
12.312000	0.228970
12.314000	0.177650
12.316000	-0.014408
12.318000	0.096733
12.320000	-0.186031
12.322000	0.029435
12.324000	-0.081690
12.326000	-0.131296
12.328000	0.124514
12.330000	0.005529
12.332000	0.068078
12.334000	0.181657
12.336000	0.091440
12.338000	0.133556
12.340000	0.175152
12.342000	-0.054784
12.344000	0.035773
12.346000	0.103741
12.348000	0.070851
12.350000	0.006670
12.352000	0.077877
12.354000	0.057602
12.356000	0.123970
12.358000	0.094344
12.360000	0.122342
12.362000	0.188853
12.364000	0.331948
12.366000	0.099610
12.368000	0.187339
12.370000	0.108438
12.372000	0.017071
12.374000	0.206766
12.376000	0.161083
12.378000	0.017874
12.380000	0.168558
12.382000	0.286094
12.384000	0.059339
12.386000	0.103277
12.388000	0.316691
12.390000	0.160061
12.392000	0.083145
12.394000	0.253590
12.396000	0.113120
12.398000	0.254847
12.400000	0.144626
12.402000	0.325763
12.404000	0.118982
12.406000	0.153745
12.408000	0.157843
12.410000	0.359031
12.412000	0.204784
12.414000	0.342646
12.416000	0.262638
12.418000	0.251910
12.420000	0.121712
12.422000	0.369009
12.424000	0.303521
12.426000	0.312471
12.428000	0.086773
12.430000	0.235682
12.432000	0.288437
12.434000	0.179505
12.436000	0.307170
12.438000	0.175344
12.440000	0.306908
12.442000	0.314860
12.444000	0.241192
12.446000	0.170977
12.448000	0.309517
12.450000	0.129397
12.452000	0.218324
12.454000	0.233149
12.456000	0.417058
12.458000	0.027648
12.460000	0.214366
12.462000	0.190916
12.464000	0.195262
12.466000	0.212551
12.468000	0.289961
12.470000	0.130815
12.472000	0.101620
12.474000	0.111758
12.476000	0.092072
12.478000	0.164852
12.480000	0.079530
12.482000	0.137759
12.484000	0.004517
12.486000	0.195551
12.488000	0.087292
12.490000	-0.121242
12.492000	0.003710
12.494000	0.052868
12.496000	0.040554
12.498000	-0.247547
12.500000	-0.038380
12.502000	-0.092562
12.504000	-0.027330
12.506000	-0.203202
12.508000	-0.132634
12.510000	-0.274204
12.512000	-0.052314
12.514000	-0.148066
12.516000	-0.083218
12.518000	-0.062803
12.520000	-0.192842
12.522000	-0.133957
12.524000	-0.310128
12.526000	0.065159
12.528000	-0.289229
12.530000	-0.013541
12.532000	-0.284586
12.534000	0.090734
12.536000	-0.132257
12.538000	-0.098718
12.540000	-0.263433
12.542000	-0.179978
12.544000	-0.140613
12.546000	-0.204900
12.548000	0.043014
12.550000	-0.038095
12.552000	-0.383706
12.554000	-0.131986
12.556000	-0.067930
12.558000	-0.186217
12.560000	-0.070923
12.562000	-0.090458
12.564000	-0.067453
12.566000	-0.109072
12.568000	-0.033007
12.570000	-0.238071
12.572000	-0.099073
12.574000	-0.049290
12.576000	0.053483
12.578000	-0.264610
12.580000	-0.172989
12.582000	-0.295050
12.584000	-0.172603
12.586000	0.126069
12.588000	-0.137672
12.590000	-0.041435
12.592000	-0.123052
12.594000	-0.149109
12.596000	-0.057133
12.598000	0.136049
12.600000	0.055008
12.602000	-0.104752
12.604000	-0.116753
12.606000	-0.037055
12.608000	0.053141
12.610000	-0.170323
12.612000	0.054042
12.614000	-0.076436
12.616000	0.012618
12.618000	-0.262967
12.620000	-0.043209
12.622000	0.004357
12.624000	0.079977
12.626000	-0.087251
12.628000	-0.028831
12.630000	0.009833
12.632000	-0.030226
12.634000	0.067072
12.636000	-0.074963
12.638000	0.003913
12.640000	0.102590
12.642000	-0.084709
12.644000	-0.269766
12.646000	-0.089417
12.648000	-0.008467
12.650000	0.058610
12.652000	0.070882
12.654000	-0.073357
12.656000	0.211728
12.658000	-0.064086
12.660000	-0.126075
12.662000	-0.192643
12.664000	-0.196835
12.666000	0.051634
12.668000	-0.065644
12.670000	-0.020226
12.672000	-0.057001
12.674000	-0.125455
12.676000	-0.066932
12.678000	0.016832
12.680000	-0.064312
12.682000	-0.135871
12.684000	0.101221
12.686000	-0.072805
12.688000	-0.118504
12.690000	-0.068097
12.692000	-0.046351
12.694000	0.071699
12.696000	0.080005
12.698000	0.012793
12.700000	-0.125391
12.702000	-0.271808
12.704000	0.120313
12.706000	0.054302
12.708000	-0.006553
12.710000	0.122738
12.712000	-0.083104
12.714000	-0.211402
12.716000	-0.209623
12.718000	0.089940
12.720000	-0.111387
12.722000	-0.166205
12.724000	-0.023127
12.726000	-0.048063
12.728000	-0.083710
12.730000	0.037383
12.732000	0.168449
12.734000	0.111331
12.736000	0.099959
12.738000	-0.101428
12.740000	-0.091430
12.742000	0.168074
12.744000	-0.112405
12.746000	-0.102065
12.748000	0.146232
12.750000	-0.204854
12.752000	0.163703
12.754000	-0.157760
12.756000	0.263041
12.758000	-0.127158
12.760000	-0.039989
12.762000	-0.092721
12.764000	0.135328
12.766000	0.043210
12.768000	-0.148782
12.770000	-0.035615
12.772000	-0.085072
12.774000	-0.018219
12.776000	-0.004057
12.778000	0.000415
12.780000	-0.076991
12.782000	-0.069730
12.784000	0.003084
12.786000	0.044071
12.788000	-0.094345
12.790000	-0.026979
12.792000	0.150427
12.794000	-0.069704
12.796000	0.208176
12.798000	0.012228
12.800000	0.016736
12.802000	-0.164115
12.804000	-0.166060
12.806000	-0.054827
12.808000	-0.084574
12.810000	-0.220364
12.812000	-0.209940
12.814000	-0.151699
12.816000	0.014545
12.818000	-0.191165
12.820000	-0.145131
12.822000	-0.192182
12.824000	-0.140485
12.826000	-0.224809
12.828000	-0.104048
12.830000	0.038714
12.832000	-0.161059
12.834000	-0.156821
12.836000	-0.080408
12.838000	-0.120346
12.840000	-0.287144
12.842000	-0.082817
12.844000	-0.087205
12.846000	-0.161265
12.848000	-0.179873
12.850000	-0.072354
12.852000	-0.088567
12.854000	-0.039536
12.856000	-0.116614
12.858000	-0.217418
12.860000	-0.077345
12.862000	-0.188808
12.864000	-0.039875
12.866000	-0.218765
12.868000	-0.110227
12.870000	-0.128652
12.872000	-0.177053
12.874000	-0.221821
12.876000	-0.184048
12.878000	-0.193925
12.880000	-0.070002
12.882000	-0.180680
12.884000	-0.021669
12.886000	0.036625
12.888000	-0.134648
12.890000	-0.119270
12.892000	-0.237469
12.894000	-0.226891
12.896000	-0.079579
12.898000	-0.051278
12.900000	-0.220507
12.902000	-0.082751
12.904000	-0.262686
12.906000	-0.161420
12.908000	-0.105780
12.910000	-0.104531
12.912000	-0.070040
12.914000	-0.124489
12.916000	-0.131702
12.918000	-0.064548
12.920000	-0.259944
12.922000	-0.142249
12.924000	-0.074771
12.926000	-0.107861
12.928000	-0.128620
12.930000	-0.201048
12.932000	-0.266861
12.934000	-0.120163
12.936000	-0.208752
12.938000	-0.215676
12.940000	-0.166618
12.942000	-0.125573
12.944000	-0.037047
12.946000	0.002979
12.948000	-0.170128
12.950000	-0.101272
12.952000	-0.173080
12.954000	-0.227112
12.956000	-0.261603
12.958000	-0.133121
12.960000	-0.189677
12.962000	-0.057814
12.964000	-0.180350
12.966000	-0.165130
12.968000	-0.159322
12.970000	0.042151
12.972000	-0.116256
12.974000	-0.157570
12.976000	-0.160238
12.978000	-0.171256
12.980000	-0.228335
12.982000	-0.095826
12.984000	-0.030470
12.986000	-0.104386
12.988000	-0.143014
12.990000	-0.150374
12.992000	-0.213617
12.994000	-0.107952
12.996000	0.012326
12.998000	-0.238164
13.000000	-0.084660
13.002000	0.017889
13.004000	-0.155721
13.006000	-0.183099
13.008000	-0.106016
13.010000	0.045245
13.012000	-0.214690
13.014000	-0.069460
13.016000	-0.159350
13.018000	-0.080339
13.020000	-0.107084
13.022000	-0.109476
13.024000	-0.107855
13.026000	-0.129549
13.028000	-0.056165
13.030000	-0.099862
13.032000	-0.142301
13.034000	-0.088116
13.036000	-0.070242
13.038000	-0.193507
13.040000	0.035082
13.042000	-0.195285
13.044000	0.139774
13.046000	-0.206224
13.048000	-0.176010
13.050000	-0.067909
13.052000	-0.091171
13.054000	0.046306
13.056000	-0.155389
13.058000	-0.069952
13.060000	-0.240220
13.062000	-0.204857
13.064000	-0.135239
13.066000	-0.035008
13.068000	-0.158747
13.070000	-0.000759
13.072000	-0.040600
13.074000	-0.003968
13.076000	-0.224036
13.078000	-0.045110
13.080000	-0.113735
13.082000	0.039763
13.084000	-0.058542
13.086000	0.019222
13.088000	-0.110314
13.090000	-0.141216
13.092000	0.006690
13.094000	-0.028830
13.096000	0.070412
13.098000	-0.194045
13.100000	-0.114756
13.102000	-0.048431
13.104000	0.007431
13.106000	0.048680
13.108000	-0.072379
13.110000	-0.099225
13.112000	0.025654
13.114000	-0.102471
13.116000	-0.086983
13.118000	-0.006825
13.120000	-0.178631
13.122000	-0.026129
13.124000	-0.171558
13.126000	-0.192156
13.128000	-0.177438
13.130000	-0.139677
13.132000	-0.039966
13.134000	-0.136605
13.136000	-0.194862
13.138000	0.025590
13.140000	-0.002456
13.142000	0.022706
13.144000	-0.104694
13.146000	0.042867
13.148000	-0.148757
13.150000	0.002755
13.152000	0.069818
13.154000	-0.073856
13.156000	0.050512
13.158000	0.049670
13.160000	-0.121390
13.162000	-0.079852
13.164000	-0.106609
13.166000	-0.121652
13.168000	-0.101195
13.170000	-0.011936
13.172000	-0.034516
13.174000	-0.002513
13.176000	0.016695
13.178000	0.009190
13.180000	-0.099660
13.182000	-0.008471
13.184000	-0.040284
13.186000	-0.061611
13.188000	0.109538
13.190000	-0.134801
13.192000	-0.147833
13.194000	-0.119495
13.196000	-0.157586
13.198000	-0.130547
13.200000	-0.066329
13.202000	0.004494
13.204000	-0.002619
13.206000	-0.044028
13.208000	0.003692
13.210000	-0.040010
13.212000	0.088231
13.214000	0.001230
13.216000	-0.119545
13.218000	-0.036486
13.220000	-0.007305
13.222000	0.023116
13.224000	0.074089
13.226000	0.004192
13.228000	0.011653
13.230000	-0.086431
13.232000	0.049263
13.234000	-0.009682
13.236000	0.011618
13.238000	0.007519
13.240000	0.157280
13.242000	-0.112533
13.244000	-0.020221
13.246000	0.059173
13.248000	-0.080584
13.250000	-0.013249
13.252000	0.005354
13.254000	-0.037086
13.256000	-0.012483
13.258000	0.200059
13.260000	-0.178710
13.262000	0.084889
13.264000	0.030933
13.266000	-0.004042
13.268000	-0.106264
13.270000	-0.033137
13.272000	-0.134112
13.274000	-0.006725
13.276000	-0.000735
13.278000	0.051639
13.280000	-0.006870
13.282000	0.071707
13.284000	0.094356
13.286000	0.070608
13.288000	-0.153660
13.290000	-0.031637
13.292000	0.040052
13.294000	0.087512
13.296000	0.006612
13.298000	0.007480
13.300000	0.139409
13.302000	-0.031145
13.304000	0.108772
13.306000	0.075204
13.308000	-0.054115
13.310000	0.072560
13.312000	0.180991
13.314000	-0.337231
13.316000	-0.078648
13.318000	0.072816
13.320000	0.087631
13.322000	-0.058747
13.324000	0.638019
13.326000	0.075439
13.328000	0.142100
13.330000	0.384230
13.332000	0.074725
13.334000	-0.051356
13.336000	-0.025364
13.338000	0.220607
13.340000	-0.165841
13.342000	0.144901
13.344000	-0.048146
13.346000	0.577054
13.348000	-0.799198
13.350000	0.320691
13.352000	0.897911
13.354000	0.352151
13.356000	-0.013348
13.358000	1.120320
13.360000	0.168641
13.362000	-0.239496
13.364000	-0.104656
13.366000	0.616519
13.368000	-0.441096
13.370000	0.339974
13.372000	0.286904
13.374000	-0.006895
13.376000	-0.176306
13.378000	0.178963
13.380000	-0.083225
13.382000	-0.108090
13.384000	-0.099663
13.386000	0.032587
13.388000	0.006913
13.390000	0.086963
13.392000	0.193159
13.394000	-0.593576
13.396000	-0.000463
13.398000	0.004857
13.400000	0.457447
13.402000	0.067357
13.404000	0.532342
13.406000	-0.266213
13.408000	0.025949
13.410000	0.018106
13.412000	-0.071482
13.414000	0.039011
13.416000	0.130852
13.418000	0.460757
13.420000	-0.144455
13.422000	0.167125
13.424000	-0.157646
13.426000	0.431388
13.428000	-0.115912
13.430000	-0.212812
13.432000	-0.107086
13.434000	0.467184
13.436000	0.424736
13.438000	0.285511
13.440000	0.350269
13.442000	0.037624
13.444000	0.323406
13.446000	0.148641
13.448000	0.187175
13.450000	0.077214
13.452000	-0.350746
13.454000	-0.325853
13.456000	-0.033526
13.458000	-0.472053
13.460000	0.341714
13.462000	0.347474
13.464000	-0.080796
13.466000	0.205980
13.468000	0.479344
13.470000	0.514387
13.472000	0.674184
13.474000	1.006251
13.476000	1.441143
13.478000	1.337622
13.480000	1.955308
13.482000	1.580141
13.484000	1.856459
13.486000	1.583840
13.488000	1.664201
13.490000	1.708788
13.492000	1.277519
13.494000	0.998462
13.496000	0.748639
13.498000	0.562794
13.500000	0.004650
13.502000	-0.215941
13.504000	-0.525358
13.506000	-0.336332
13.508000	-0.611368
13.510000	-0.108304
13.512000	-0.216909
13.514000	-1.099958
13.516000	-0.653920
13.518000	0.555700
13.520000	-0.264602
13.522000	0.091154
13.524000	-0.364383
13.526000	-0.030907
13.528000	0.366920
13.530000	-0.072661
13.532000	0.236601
13.534000	0.206183
13.536000	-0.306368
13.538000	-0.008824
13.540000	0.016998
13.542000	0.105044
13.544000	-0.408154
13.546000	0.181932
13.548000	-0.526961
13.550000	0.357007
13.552000	-0.110639
13.554000	0.402992
13.556000	-0.380779
13.558000	0.703542
13.560000	0.354465
13.562000	-0.021666
13.564000	-0.419657
13.566000	-0.570103
13.568000	-0.016259
13.570000	0.149845
13.572000	0.105317
13.574000	0.230659
13.576000	0.488169
13.578000	0.093369
13.580000	-0.089069
13.582000	-0.535512
13.584000	0.123109
13.586000	-0.050588
13.588000	0.004383
13.590000	0.578125
13.592000	0.506446
13.594000	0.003170
13.596000	-0.208556
13.598000	0.542101
13.600000	0.117652
13.602000	-0.204159
13.604000	-0.213009
13.606000	-0.275642
13.608000	-0.348666
13.610000	0.399839
13.612000	-0.028912
13.614000	-0.318841
13.616000	0.095292
13.618000	-0.121786
13.620000	0.196743
13.622000	0.316408
13.624000	0.512890
13.626000	0.128182
13.628000	0.315049
13.630000	0.142274
13.632000	0.484116
13.634000	0.525424
13.636000	0.301988
13.638000	0.395956
13.640000	0.604469
13.642000	0.161139
13.644000	0.411092
13.646000	0.365331
13.648000	0.117160
13.650000	0.054306
13.652000	0.058659
13.654000	-0.549702
13.656000	0.088256
13.658000	-0.016667
13.660000	0.452075
13.662000	-0.076986
13.664000	0.075092
13.666000	-0.146929
13.668000	-0.347738
13.670000	-0.024820
13.672000	0.452093
13.674000	-0.093649
13.676000	0.048451
13.678000	0.201855
13.680000	0.303052
13.682000	0.455971
13.684000	0.488855
13.686000	0.341315
13.688000	-0.100557
13.690000	-0.079097
13.692000	0.512568
13.694000	0.057413
13.696000	0.514964
13.698000	-0.160351
13.700000	-0.270367
13.702000	0.725124
13.704000	0.060521
13.706000	0.212306
13.708000	0.670562
13.710000	0.169439
13.712000	0.242491
13.714000	0.184899
13.716000	-0.038910
13.718000	0.407892
13.720000	0.502979
13.722000	0.263503
13.724000	0.033474
13.726000	0.146407
13.728000	0.426807
13.730000	0.670871
13.732000	0.490131
13.734000	0.639350
13.736000	0.054275
13.738000	-0.232154
13.740000	0.054403
13.742000	0.295375
13.744000	-0.184966
13.746000	0.512404
13.748000	0.187241
13.750000	0.047206
13.752000	-0.079036
13.754000	0.370530
13.756000	-0.012383
13.758000	0.285770
13.760000	0.970947
13.762000	0.458503
13.764000	0.014748
13.766000	0.689249
13.768000	0.104049
13.770000	-0.275058
13.772000	0.392653
13.774000	0.168495
13.776000	0.309981
13.778000	0.200117
13.780000	0.270658
13.782000	-0.477073
13.784000	0.031998
13.786000	0.770202
13.788000	0.486141
13.790000	-0.221322
13.792000	0.163010
13.794000	-0.075845
13.796000	-0.044610
13.798000	-0.274844
13.800000	-0.023389
13.802000	-0.079849
13.804000	-0.300837
13.806000	-0.110357
13.808000	0.065281
13.810000	-0.171196
13.812000	-0.895947
13.814000	0.043292
13.816000	-0.425134
13.818000	-0.238007
13.820000	-0.471476
13.822000	-0.420875
13.824000	0.113169
13.826000	-0.018090
13.828000	-0.043726
13.830000	0.009365
13.832000	0.043649
13.834000	-0.104141
13.836000	-0.076683
13.838000	-0.027946
13.840000	0.046598
13.842000	-0.083575
13.844000	-0.065346
13.846000	-0.106411
13.848000	-0.103446
13.850000	-0.164064
13.852000	-0.059545
13.854000	0.080256
13.856000	-0.186791
13.858000	-0.136846
13.860000	-0.014893
13.862000	-0.130331
13.864000	-0.304540
13.866000	-0.109708
13.868000	-0.112538
13.870000	-0.143215
13.872000	-0.158444
13.874000	-0.018347
13.876000	-0.067207
13.878000	-0.131956
13.880000	-0.092726
13.882000	-0.195662
13.884000	-0.061377
13.886000	-0.190432
13.888000	-0.000663
13.890000	-0.222075
13.892000	-0.088304
13.894000	-0.122420
13.896000	-0.158308
13.898000	-0.212296
13.900000	-0.128833
13.902000	-0.254046
13.904000	-0.065302
13.906000	-0.189503
13.908000	-0.000512
13.910000	0.021389
13.912000	-0.104041
13.914000	-0.105391
13.916000	-0.200379
13.918000	-0.179269
13.920000	-0.047979
13.922000	-0.022441
13.924000	-0.205458
13.926000	-0.043838
13.928000	-0.251679
13.930000	-0.163831
13.932000	-0.095297
13.934000	-0.082459
13.936000	-0.071081
13.938000	-0.060943
13.940000	-0.166625
13.942000	-0.066837
13.944000	-0.256785
13.946000	-0.109078
13.948000	-0.108709
13.950000	-0.092269
13.952000	-0.181130
13.954000	-0.156071
13.956000	-0.286609
13.958000	-0.142034
13.960000	-0.183268
13.962000	-0.208527
13.964000	-0.195250
13.966000	-0.154294
13.968000	-0.042048
13.970000	0.058993
13.972000	-0.158440
13.974000	-0.126915
13.976000	-0.216440
13.978000	-0.186504
13.980000	-0.263773
13.982000	-0.104395
13.984000	-0.195834
13.986000	-0.073409
13.988000	-0.171430
13.990000	-0.161698
13.992000	-0.210072
13.994000	0.001843
13.996000	-0.187544
13.998000	-0.147641
14.000000	-0.163312
14.002000	-0.154880
14.004000	-0.195250
14.006000	-0.099641
14.008000	-0.041897
14.010000	-0.119850
14.012000	-0.225142
14.014000	-0.175800
14.016000	-0.256316
14.018000	-0.087240
14.020000	0.009697
14.022000	-0.235398
14.024000	-0.069192
14.026000	-0.007238
14.028000	-0.213036
14.030000	-0.252484
14.032000	-0.150316
14.034000	-0.000401
14.036000	-0.201459
14.038000	-0.102207
14.040000	-0.217922
14.042000	-0.108196
14.044000	-0.140744
14.046000	-0.238031
14.048000	-0.107585
14.050000	-0.198376
14.052000	-0.115804
14.054000	-0.139807
14.056000	-0.207507
14.058000	-0.128630
14.060000	-0.113494
14.062000	-0.204554
14.064000	0.003747
14.066000	-0.270860
14.068000	0.076044
14.070000	-0.243783
14.072000	-0.167919
14.074000	-0.100481
14.076000	-0.182192
14.078000	0.049922
14.080000	-0.223408
14.082000	-0.119090
14.084000	-0.265423
14.086000	-0.244783
14.088000	-0.247264
14.090000	-0.119057
14.092000	-0.195055
14.094000	-0.043536
14.096000	-0.050289
14.098000	-0.034284
14.100000	-0.267585
14.102000	-0.114924
14.104000	-0.124223
14.106000	0.010406
14.108000	-0.096360
14.110000	-0.039955
14.112000	-0.139210
14.114000	-0.220514
14.116000	-0.034029
14.118000	-0.107217
14.120000	0.031581
14.122000	-0.175532
14.124000	-0.167453
14.126000	-0.064629
14.128000	-0.023566
14.130000	0.027938
14.132000	-0.082366
14.134000	-0.065011
14.136000	-0.001868
14.138000	-0.169436
14.140000	-0.160432
14.142000	0.008428
14.144000	-0.229046
14.146000	-0.075067
14.148000	-0.157213
14.150000	-0.265757
14.152000	-0.249082
14.154000	-0.224695
14.156000	-0.082164
14.158000	-0.166105
14.160000	-0.245072
14.162000	-0.036593
14.164000	-0.005574
14.166000	0.050165
14.168000	-0.161087
14.170000	0.041297
14.172000	-0.275549
14.174000	-0.018482
14.176000	0.037372
14.178000	-0.134119
14.180000	-0.017722
14.182000	0.040277
14.184000	-0.118441
14.186000	-0.105959
14.188000	-0.084805
14.190000	-0.157893
14.192000	-0.070195
14.194000	-0.081989
14.196000	-0.108923
14.198000	-0.076932
14.200000	-0.044443
14.202000	0.008799
14.204000	-0.147163
14.206000	-0.056061
14.208000	-0.056971
14.210000	-0.097586
14.212000	0.109347
14.214000	-0.160583
14.216000	-0.142246
14.218000	-0.192108
14.220000	-0.189158
14.222000	-0.202406
14.224000	-0.159497
14.226000	0.004246
14.228000	0.001270
14.230000	-0.068095
14.232000	-0.014198
14.234000	-0.050327
14.236000	0.094028
14.238000	-0.030756
14.240000	-0.121821
14.242000	-0.051598
14.244000	-0.023935
14.246000	0.005912
14.248000	-0.000690
14.250000	-0.041319
14.252000	-0.028026
14.254000	-0.030279
14.256000	0.014204
14.258000	-0.091466
14.260000	-0.000077
14.262000	-0.001011
14.264000	0.158333
14.266000	-0.139146
14.268000	0.003299
14.270000	0.062618
14.272000	-0.101808
14.274000	-0.055907
14.276000	-0.012406
14.278000	0.026498
14.280000	-0.031904
14.282000	0.163635
14.284000	-0.135269
14.286000	0.067195
14.288000	0.050664
14.290000	-0.041883
14.292000	-0.093385
14.294000	-0.071194
14.296000	-0.183494
14.298000	-0.084113
14.300000	0.013097
14.302000	0.014124
14.304000	-0.097976
14.306000	0.091237
14.308000	0.042892
14.310000	0.045341
14.312000	-0.221269
14.314000	-0.070609
14.316000	0.062655
14.318000	0.061996
14.320000	0.015158
14.322000	0.044738
14.324000	0.132438
14.326000	-0.017418
14.328000	0.136717
14.330000	0.064197
14.332000	0.008772
14.334000	0.083646
14.336000	0.062265
14.338000	-0.159461
14.340000	-0.160829
14.342000	0.277227
14.344000	-0.096607
14.346000	-0.523081
14.348000	-0.134259
14.350000	-0.072226
14.352000	-0.157691
14.354000	-0.233606
14.356000	-0.080259
14.358000	0.268856
14.360000	-0.062665
14.362000	-0.373132
14.364000	-0.127684
14.366000	-0.384393
14.368000	0.370453
14.370000	0.277841
14.372000	-0.043991
14.374000	0.187204
14.376000	-0.103684
14.378000	0.018934
14.380000	0.055676
14.382000	0.274492
14.384000	0.072604
14.386000	-0.319772
14.388000	-0.261462
14.390000	0.304118
14.392000	0.362828
14.394000	-0.263994
14.396000	-0.207067
14.398000	0.194874
14.400000	0.020591
14.402000	0.082063
14.404000	-0.001633
14.406000	-0.158968
14.408000	-0.483782
14.410000	-0.220966
14.412000	-0.491234
14.414000	-0.009864
14.416000	-0.109784
14.418000	0.708294
14.420000	0.155770
14.422000	-0.020663
14.424000	0.457057
14.426000	0.083520
14.428000	-0.357168
14.430000	-0.203559
14.432000	0.325479
14.434000	-0.039139
14.436000	-0.273410
14.438000	0.405782
14.440000	-0.153890
14.442000	0.146882
14.444000	-0.554265
14.446000	-0.719462
14.448000	-0.139458
14.450000	0.230061
14.452000	-0.456535
14.454000	0.136081
14.456000	-0.147459
14.458000	-0.584294
14.460000	-0.110101
14.462000	0.205792
14.464000	0.304956
14.466000	0.017993
14.468000	-0.026286
14.470000	0.541369
14.472000	0.317981
14.474000	0.232596
14.476000	-0.678490
14.478000	0.266346
14.480000	-0.145392
14.482000	-0.103864
14.484000	-0.129993
14.486000	-0.093611
14.488000	0.497645
14.490000	-0.445709
14.492000	-0.087652
14.494000	-0.182601
14.496000	0.135239
14.498000	-0.106922
14.500000	-0.292554
14.502000	-0.093907
14.504000	0.240585
14.506000	0.070359
14.508000	0.007892
14.510000	-0.050180
14.512000	-0.599113
14.514000	-0.057077
14.516000	0.170787
14.518000	0.235697
14.520000	-0.239508
14.522000	0.032243
14.524000	0.047244
14.526000	0.098770
14.528000	0.127927
14.530000	0.314524
14.532000	-0.369473
14.534000	0.357514
14.536000	0.497818
14.538000	0.033447
14.540000	0.133931
14.542000	0.098163
14.544000	0.014679
14.546000	0.582258
14.548000	0.336163
14.550000	-0.426162
14.552000	-0.028210
14.554000	0.280410
14.556000	0.284391
14.558000	0.203067
14.560000	-0.144926
14.562000	0.354568
14.564000	0.405465
14.566000	0.208556
14.568000	0.111521
14.570000	-0.149692
14.572000	-0.127328
14.574000	0.447499
14.576000	0.234127
14.578000	0.009399
14.580000	0.218710
14.582000	0.130212
14.584000	-0.211814
14.586000	-0.156002
14.588000	-0.262754
14.590000	0.574513
14.592000	-0.190920
14.594000	0.002317
14.596000	-0.072489
14.598000	0.113661
14.600000	0.108641
14.602000	-0.066413
14.604000	-0.290336
14.606000	0.279543
14.608000	0.174411
14.610000	-0.056039
14.612000	0.224669
14.614000	0.112145
14.616000	-0.166632
14.618000	-0.471266
14.620000	0.337973
14.622000	-0.053321
14.624000	0.201727
14.626000	-0.013030
14.628000	0.081120
14.630000	0.094781
14.632000	0.084574
14.634000	-0.111219
14.636000	-0.394913
14.638000	0.080739
14.640000	0.036689
14.642000	0.109073
14.644000	-0.638424
14.646000	0.250257
14.648000	0.333144
14.650000	0.147254
14.652000	0.184413
14.654000	0.232674
14.656000	0.375720
14.658000	0.182368
14.660000	0.190988
14.662000	-0.109384
14.664000	0.289026
14.666000	0.087918
14.668000	-0.029237
14.670000	0.079166
14.672000	-0.079645
14.674000	0.190649
14.676000	0.064477
14.678000	0.415519
14.680000	0.481741
14.682000	-0.272063
14.684000	-0.130148
14.686000	-0.162634
14.688000	-0.011495
14.690000	0.411533
14.692000	0.350297
14.694000	0.134284
14.696000	0.018816
14.698000	0.028806
14.700000	0.264195
14.702000	-0.254502
14.704000	0.048114
14.706000	0.282454
14.708000	0.418453
14.710000	0.230787
14.712000	0.400921
14.714000	0.213824
14.716000	0.417593
14.718000	0.777519
14.720000	0.973192
14.722000	0.997279
14.724000	1.306982
14.726000	1.126312
14.728000	1.205856
14.730000	1.427097
14.732000	0.778091
14.734000	1.824462
14.736000	1.373965
14.738000	1.251246
14.740000	0.576300
14.742000	0.410085
14.744000	-0.530343
14.746000	-0.072488
14.748000	-0.450503
14.750000	-0.590782
14.752000	-0.944369
14.754000	-1.002435
14.756000	-0.936548
14.758000	-0.590644
14.760000	-0.911325
14.762000	-1.066719
14.764000	-0.452321
14.766000	-0.456788
14.768000	-0.502126
14.770000	-0.630037
14.772000	-0.049870
14.774000	0.082636
14.776000	-0.498115
14.778000	0.021362
14.780000	-0.459725
14.782000	-0.410995
14.784000	-0.159529
14.786000	0.548373
14.788000	0.339821
14.790000	-0.463047
14.792000	-0.127038
14.794000	-0.172029
14.796000	-0.363778
14.798000	-0.023555
14.800000	-0.028451
14.802000	0.080056
14.804000	-0.415470
14.806000	-0.035270
14.808000	0.136512
14.810000	0.534591
14.812000	-0.323162
14.814000	-0.153739
14.816000	-0.270542
14.818000	-0.107358
14.820000	0.230767
14.822000	0.013362
14.824000	-0.332615
14.826000	-0.328377
14.828000	-0.100127
14.830000	-0.092353
14.832000	0.001756
14.834000	-0.189375
14.836000	0.380407
14.838000	-0.000264
14.840000	-0.260296
14.842000	0.001332
14.844000	-0.396385
14.846000	-0.195355
14.848000	-0.076991
14.850000	0.068198
14.852000	-0.011030
14.854000	-0.106376
14.856000	-0.068861
14.858000	0.169825
14.860000	0.341991
14.862000	0.000435
14.864000	-0.055224
14.866000	0.222749
14.868000	0.176941
14.870000	0.150208
14.872000	0.215719
14.874000	0.251038
14.876000	0.031312
14.878000	0.015966
14.880000	-0.103426
14.882000	0.063491
14.884000	-0.098849
14.886000	-0.078613
14.888000	0.261134
14.890000	0.047562
14.892000	0.077352
14.894000	0.202374
14.896000	0.154063
14.898000	0.083536
14.900000	0.178724
14.902000	-0.067751
14.904000	0.012136
14.906000	0.152251
14.908000	0.109352
14.910000	0.055313
14.912000	0.005701
14.914000	0.146631
14.916000	0.104431
14.918000	0.135328
14.920000	0.184406
14.922000	0.272995
14.924000	0.358946
14.926000	0.216957
14.928000	0.248882
14.930000	0.183352
14.932000	0.015641
14.934000	0.170014
14.936000	0.180366
14.938000	0.104530
14.940000	0.213359
14.942000	0.312898
14.944000	0.065440
14.946000	0.097608
14.948000	0.412078
14.950000	0.195850
14.952000	0.242359
14.954000	0.299176
14.956000	0.089802
14.958000	0.293467
14.960000	0.190501
14.962000	0.333693
14.964000	0.245904
14.966000	0.139169
14.968000	0.318531
14.970000	0.367912
14.972000	0.250186
14.974000	0.357290
14.976000	0.306612
14.978000	0.302383
14.980000	0.286614
14.982000	0.376358
14.984000	0.385400
14.986000	0.429449
14.988000	0.205258
14.990000	0.316060
14.992000	0.290092
14.994000	0.136330
14.996000	0.417356
14.998000	0.234900
15.000000	0.472300
15.002000	0.493224
15.004000	0.439095
15.006000	0.224669
15.008000	0.482867
15.010000	0.164473
15.012000	0.354160
15.014000	0.351178
15.016000	0.563596
15.018000	0.042274
15.020000	0.355072
15.022000	0.337023
15.024000	0.325576
15.026000	0.391892
15.028000	0.514646
15.030000	0.238816
15.032000	0.258496
15.034000	0.291605
15.036000	0.333207
15.038000	0.394830
15.040000	0.310937
15.042000	0.296356
15.044000	0.164119
15.046000	0.438854
15.048000	0.256930
15.050000	-0.024908
15.052000	0.250723
15.054000	0.283894
15.056000	0.142284
15.058000	-0.116163
15.060000	0.179925
15.062000	0.069290
15.064000	0.144756
15.066000	-0.041407
15.068000	0.008543
15.070000	-0.059885
15.072000	0.081189
15.074000	0.032380
15.076000	0.069486
15.078000	0.057013
15.080000	-0.043360
15.082000	-0.040568
15.084000	-0.218107
15.086000	0.182707
15.088000	-0.298380
15.090000	0.123155
15.092000	-0.311959
15.094000	0.229308
15.096000	-0.014025
15.098000	-0.054735
15.100000	-0.134438
15.102000	-0.256198
15.104000	-0.029624
15.106000	-0.119733
15.108000	0.167423
15.110000	0.078817
15.112000	-0.210020
15.114000	-0.118446
15.116000	0.012762
15.118000	-0.231912
15.120000	-0.034714
15.122000	-0.068138
15.124000	0.097162
15.126000	-0.041648
15.128000	0.032680
15.130000	-0.207797
15.132000	-0.074462
15.134000	-0.015757
15.136000	0.099379
15.138000	-0.130560
15.140000	-0.159525
15.142000	-0.222643
15.144000	-0.171543
15.146000	0.216812
15.148000	-0.047486
15.150000	-0.013430
15.152000	-0.148513
15.154000	-0.195707
15.156000	-0.010212
15.158000	0.137653
15.160000	0.038373
15.162000	0.040326
15.164000	-0.002739
15.166000	-0.025580
15.168000	0.144563
15.170000	-0.137391
15.172000	0.148470
15.174000	0.059355
15.176000	0.156034
15.178000	-0.128039
15.180000	-0.009417
15.182000	0.116927
15.184000	0.223988
15.186000	-0.094520
15.188000	-0.027742
15.190000	-0.047956
15.192000	0.084694
15.194000	0.033932
15.196000	0.108426
15.198000	0.020234
15.200000	0.052218
15.202000	0.002148
15.204000	-0.247469
15.206000	-0.106305
15.208000	0.098258
15.210000	0.101215
15.212000	0.099407
15.214000	0.060163
15.216000	0.273398
15.218000	-0.027233
15.220000	-0.034316
15.222000	-0.111280
15.224000	-0.196921
15.226000	0.044589
15.228000	0.029675
15.230000	0.034914
15.232000	0.004028
15.234000	0.015393
15.236000	-0.113175
15.238000	0.134724
15.240000	0.027489
15.242000	0.048652
15.244000	0.206008
15.246000	0.104487
15.248000	-0.011578
15.250000	-0.052543
15.252000	-0.001892
15.254000	0.124339
15.256000	0.132892
15.258000	0.076154
15.260000	-0.153088
15.262000	-0.254463
15.264000	0.223144
15.266000	0.143560
15.268000	0.032352
15.270000	0.153250
15.272000	-0.088613
15.274000	-0.177886
15.276000	-0.166051
15.278000	0.105067
15.280000	-0.137761
15.282000	-0.108344
15.284000	0.028749
15.286000	-0.028930
15.288000	-0.181999
15.290000	0.142048
15.292000	0.186179
15.294000	0.047988
15.296000	0.183524
15.298000	-0.009670
15.300000	-0.075986
15.302000	0.209912
15.304000	-0.113985
15.306000	-0.222315
15.308000	0.213684
15.310000	-0.215101
15.312000	0.126858
15.314000	-0.119581
15.316000	0.339085
15.318000	-0.060150
15.320000	0.067104
15.322000	-0.015442
15.324000	0.141014
15.326000	0.092389
15.328000	-0.080547
15.330000	-0.097001
15.332000	-0.107655
15.334000	-0.066032
15.336000	0.090741
15.338000	0.038939
15.340000	-0.127828
15.342000	-0.116119
15.344000	-0.002530
15.346000	0.046275
15.348000	-0.164343
15.350000	-0.011591
15.352000	0.012267
15.354000	-0.077988
15.356000	0.178772
15.358000	-0.028752
15.360000	0.011536
15.362000	-0.009657
15.364000	-0.001158
15.366000	0.001408
15.368000	0.013703
15.370000	-0.008439
15.372000	-0.013102
15.374000	-0.015598
15.376000	-0.017235
15.378000	-0.010690
15.380000	-0.027656
15.382000	-0.009010
15.384000	-0.011898
15.386000	-0.006250
15.388000	-0.003340
15.390000	-0.003834
15.392000	0.026112
15.394000	-0.011272
15.396000	-0.013236
15.398000	0.007823
15.400000	-0.012407
15.402000	0.008702
15.404000	-0.006363
15.406000	-0.010362
15.408000	-0.018174
15.410000	-0.034227
15.412000	-0.016622
15.414000	-0.008786
15.416000	-0.008087
15.418000	-0.012214
15.420000	-0.006526
15.422000	-0.008159
15.424000	-0.017515
15.426000	0.014853
15.428000	-0.003421
15.430000	-0.008623
15.432000	-0.003462
15.434000	-0.001169
15.436000	-0.020735
15.438000	0.010778
15.440000	-0.011840
15.442000	-0.015680
15.444000	-0.016165
15.446000	-0.005874
15.448000	-0.009680
15.450000	-0.005135
15.452000	-0.007158
15.454000	-0.012845
15.456000	-0.003059
15.458000	-0.002728
15.460000	-0.016240
15.462000	-0.013579
15.464000	-0.005784
15.466000	-0.005569
15.468000	0.008522
15.470000	-0.014401
15.472000	-0.009003
15.474000	-0.015449
15.476000	-0.001942
15.478000	-0.010542
15.480000	-0.005422
15.482000	-0.004730
15.484000	0.002408
15.486000	-0.001134
15.488000	0.012836
15.490000	-0.019189
15.492000	0.004355
15.494000	0.006157
15.496000	-0.005541
15.498000	0.000020
15.500000	0.011423
15.502000	0.001287
15.504000	-0.004459
15.506000	-0.020198
15.508000	-0.014375
15.510000	0.015446
15.512000	0.003128
15.514000	-0.004856
15.516000	0.001217
15.518000	-0.010672
15.520000	-0.005132
15.522000	0.005034
15.524000	-0.010483
15.526000	-0.014987
15.528000	0.008771
15.530000	0.015959
15.532000	-0.001592
15.534000	-0.016784
15.536000	-0.003535
15.538000	-0.003915
15.540000	-0.006867
15.542000	0.002836
15.544000	-0.008099
15.546000	-0.011815
15.548000	0.011634
15.550000	-0.008378
15.552000	-0.007075
15.554000	-0.009474
15.556000	-0.010131
15.558000	-0.005283
15.560000	-0.003827
15.562000	-0.007666
15.564000	-0.008630
15.566000	0.016735
15.568000	-0.008542
15.570000	0.010227
15.572000	-0.004432
15.574000	-0.004053
15.576000	0.001024
15.578000	0.006625
15.580000	0.009280
15.582000	0.022103
15.584000	-0.009420
15.586000	-0.004912
15.588000	0.015437
15.590000	-0.008011
15.592000	-0.000732
15.594000	-0.000627
15.596000	0.012355
15.598000	-0.001578
15.600000	-0.003368
15.602000	0.012960
15.604000	0.024400
15.606000	-0.000190
15.608000	0.005056
15.610000	0.010430
15.612000	0.016300
15.614000	0.000284
15.616000	0.015586
15.618000	0.007480
15.620000	-0.004523
15.622000	0.007283
15.624000	0.033255
15.626000	0.027685
15.628000	0.008672
15.630000	-0.000019
15.632000	0.004233
15.634000	0.006656
15.636000	-0.001414
15.638000	0.016205
15.640000	-0.016101
15.642000	0.007641
15.644000	0.009775
15.646000	0.013138
15.648000	-0.009123
15.650000	0.017829
15.652000	0.006090
15.654000	0.023106
15.656000	-0.004964
15.658000	-0.017910
15.660000	0.009169
15.662000	0.005524
15.664000	0.011366
15.666000	0.008670
15.668000	0.007152
15.670000	-0.008871
15.672000	0.022730
15.674000	0.015707
15.676000	0.031973
15.678000	0.020565
15.680000	-0.001799
15.682000	0.024321
15.684000	0.008011
15.686000	0.025828
15.688000	0.028270
15.690000	0.019889
15.692000	0.012193
15.694000	0.003903
15.696000	0.021695
15.698000	0.016748
15.700000	-0.001963
15.702000	-0.000556
15.704000	0.019182
15.706000	0.016060
15.708000	0.029257
15.710000	-0.002702
15.712000	0.002092
15.714000	0.025840
15.716000	0.026733
15.718000	0.017513
15.720000	0.012233
15.722000	-0.006502
15.724000	-0.008453
15.726000	0.015640
15.728000	-0.006556
15.730000	0.015471
15.732000	0.021839
15.734000	0.016156
15.736000	0.017996
15.738000	0.004496
15.740000	0.016743
15.742000	0.004288
15.744000	0.013979
15.746000	0.007495
15.748000	0.011086
15.750000	0.011828
15.752000	-0.003614
15.754000	0.021258
15.756000	0.008642
15.758000	0.008888
15.760000	0.014452
15.762000	0.002666
15.764000	0.014794
15.766000	0.005193
15.768000	0.007660
15.770000	0.000690
15.772000	0.015236
15.774000	0.023514
15.776000	0.001406
15.778000	0.000724
15.780000	0.018496
15.782000	0.013226
15.784000	0.021088
15.786000	0.022661
15.788000	0.013118
15.790000	-0.002804
15.792000	0.009930
15.794000	0.014079
15.796000	0.013148
15.798000	0.003496
15.800000	-0.004260
15.802000	0.007828
15.804000	-0.008302
15.806000	0.008909
15.808000	0.029649
15.810000	0.026659
15.812000	0.019186
15.814000	0.007354
15.816000	0.017112
15.818000	0.028049
15.820000	0.019435
15.822000	0.040963
15.824000	0.003409
15.826000	0.019021
15.828000	0.002393
15.830000	0.022029
15.832000	0.039282
15.834000	0.038714
15.836000	0.011397
15.838000	0.026227
15.840000	0.047450
15.842000	0.017054
15.844000	0.040819
15.846000	0.042440
15.848000	0.043067
15.850000	0.034482
15.852000	0.026270
15.854000	0.037675
15.856000	0.018690
15.858000	-0.015151
15.860000	0.009016
15.862000	-0.015969
15.864000	-0.002896
15.866000	0.003749
15.868000	-0.027607
15.870000	0.000118
15.872000	0.243014
15.874000	0.416110
15.876000	0.027433
15.878000	0.259900
15.880000	-0.328949
15.882000	0.285781
15.884000	0.695476
15.886000	0.008769
15.888000	-0.641732
15.890000	0.541830
15.892000	0.200640
15.894000	0.224664
15.896000	1.014128
15.898000	0.698536
15.900000	0.301475
15.902000	-0.380775
15.904000	0.711121
15.906000	0.047296
15.908000	-0.276572
15.910000	0.262771
15.912000	0.307048
15.914000	0.049586
15.916000	0.503618
15.918000	-0.235997
15.920000	0.082327
15.922000	-0.068890
15.924000	-0.138077
15.926000	-0.054629
15.928000	0.179323
15.930000	-0.045490
15.932000	0.048074
15.934000	0.080593
15.936000	0.440550
15.938000	0.294937
15.940000	0.128420
15.942000	0.484730
15.944000	0.494222
15.946000	0.719160
15.948000	0.245429
15.950000	0.270022
15.952000	-0.056142
15.954000	0.729766
15.956000	-0.244433
15.958000	-0.008155
15.960000	0.011918
15.962000	-0.023739
15.964000	0.030405
15.966000	0.269191
15.968000	-0.373068
15.970000	0.005405
15.972000	0.461979
15.974000	-0.064797
15.976000	-0.107743
15.978000	0.398390
15.980000	0.078104
15.982000	-0.135732
15.984000	-0.545435
15.986000	-0.322068
15.988000	-0.201422
15.990000	-0.383286
15.992000	0.279174
15.994000	-0.003933
15.996000	-0.339285
15.998000	-0.007667
16.000000	-0.256977
16.002000	0.532071
16.004000	0.761627
16.006000	1.011462
16.008000	0.936910
16.010000	1.864073
16.012000	1.895785
16.014000	2.306840
16.016000	1.698310
16.018000	1.385761
16.020000	2.023172
16.022000	1.829945
16.024000	1.934377
16.026000	1.481815
16.028000	1.418944
16.030000	0.332942
16.032000	1.039115
16.034000	-0.001165
16.036000	-0.426431
16.038000	-0.292253
16.040000	0.107216
16.042000	-0.414870
16.044000	-0.128504
16.046000	-0.179935
16.048000	-0.632316
16.050000	-0.505441
16.052000	-0.338666
16.054000	-0.341689
16.056000	-0.771215
16.058000	-0.084822
16.060000	0.240664
16.062000	0.306674
16.064000	0.603121
16.066000	-0.005250
16.068000	-0.321155
16.070000	0.930005
16.072000	-0.032372
16.074000	-0.420046
16.076000	0.506199
16.078000	0.389675
16.080000	0.458148
16.082000	-0.606408
16.084000	0.278830
16.086000	0.119245
16.088000	0.087745
16.090000	0.111949
16.092000	0.250705
16.094000	0.631849
16.096000	-0.007646
16.098000	0.132117
16.100000	0.153418
16.102000	0.457324
16.104000	0.451941
16.106000	-0.229413
16.108000	-0.098080
16.110000	0.192715
16.112000	-0.482476
16.114000	0.337944
16.116000	0.033457
16.118000	0.528400
16.120000	0.528917
16.122000	0.262521
16.124000	0.155024
16.126000	0.056255
16.128000	0.372625
16.130000	0.222902
16.132000	0.659067
16.134000	0.252249
16.136000	-0.392160
16.138000	0.367656
16.140000	0.586395
16.142000	0.084311
16.144000	-0.283218
16.146000	-0.263559
16.148000	0.338350
16.150000	0.032738
16.152000	0.453774
16.154000	0.198212
16.156000	0.355772
16.158000	0.018221
16.160000	0.056413
16.162000	0.218360
16.164000	0.165730
16.166000	0.271980
16.168000	-0.088395
16.170000	0.378342
16.172000	0.047680
16.174000	0.052585
16.176000	0.490656
16.178000	-0.065051
16.180000	-0.254229
16.182000	0.387132
16.184000	0.292837
16.186000	0.416033
16.188000	-0.107669
16.190000	0.252602
16.192000	0.683517
16.194000	-0.150849
16.196000	0.501335
16.198000	0.712278
16.200000	0.275463
16.202000	0.081451
16.204000	-0.004872
16.206000	0.155873
16.208000	0.969949
16.210000	-0.046853
16.212000	0.361912
16.214000	0.524085
16.216000	0.383665
16.218000	0.563712
16.220000	-0.114826
16.222000	0.289184
16.224000	0.313443
16.226000	0.615401
16.228000	-0.418958
16.230000	0.141634
16.232000	0.184868
16.234000	0.540779
16.236000	0.163873
16.238000	0.139531
16.240000	0.529951
16.242000	-0.271770
16.244000	0.087108
16.246000	-0.169464
16.248000	0.336393
16.250000	0.147119
16.252000	0.180917
16.254000	-0.058245
16.256000	0.202880
16.258000	0.444419
16.260000	-0.085183
16.262000	0.575178
16.264000	0.349911
16.266000	0.295172
16.268000	0.710774
16.270000	0.430390
16.272000	0.095408
16.274000	0.214847
16.276000	0.208971
16.278000	0.476151
16.280000	0.258260
16.282000	0.302710
16.284000	-0.097168
16.286000	0.241873
16.288000	0.301098
16.290000	-0.017476
16.292000	-0.091273
16.294000	0.263678
16.296000	0.731686
16.298000	-0.102514
16.300000	-0.100081
16.302000	-0.268455
16.304000	0.330075
16.306000	0.036860
16.308000	-0.291644
16.310000	0.134076
16.312000	-0.609022
16.314000	-0.281648
16.316000	-0.004445
16.318000	-0.030710
16.320000	0.103245
16.322000	-0.277622
16.324000	0.137014
16.326000	-0.439221
16.328000	-0.189974
16.330000	-0.201247
16.332000	0.246368
16.334000	-0.187821
16.336000	0.034511
16.338000	-0.413565
16.340000	0.174150
16.342000	-0.083316
16.344000	0.628105
16.346000	0.075447
16.348000	0.520240
16.350000	0.021707
16.352000	0.110485
16.354000	-0.593313
16.356000	0.267137
16.358000	0.374487
16.360000	0.028021
16.362000	-0.029874
16.364000	-0.178030
16.366000	-0.435676
16.368000	-0.565542
16.370000	-0.325322
16.372000	-0.152015
16.374000	-0.032084
16.376000	0.247522
16.378000	-0.332653
16.380000	0.049177
16.382000	0.052489
16.384000	0.025308
16.386000	-0.075389
16.388000	-0.105635
16.390000	-0.040967
16.392000	-0.048716
16.394000	-0.133259
16.396000	-0.109396
16.398000	-0.083514
16.400000	0.032226
16.402000	-0.118786
16.404000	-0.062959
16.406000	-0.128617
16.408000	-0.085703
16.410000	-0.158333
16.412000	-0.077107
16.414000	0.068621
16.416000	-0.190286
16.418000	-0.116583
16.420000	-0.021013
16.422000	-0.130429
16.424000	-0.238965
16.426000	-0.096685
16.428000	-0.069431
16.430000	-0.114718
16.432000	-0.122929
16.434000	-0.000764
16.436000	-0.029199
16.438000	-0.060632
16.440000	-0.062099
16.442000	-0.150217
16.444000	-0.052231
16.446000	-0.142052
16.448000	0.008971
16.450000	-0.186150
16.452000	-0.060493
16.454000	-0.088560
16.456000	-0.127759
16.458000	-0.165553
16.460000	-0.073486
16.462000	-0.182120
16.464000	-0.031430
16.466000	-0.132862
16.468000	0.009756
16.470000	0.049946
16.472000	-0.080559
16.474000	-0.090532
16.476000	-0.158097
16.478000	-0.126435
16.480000	-0.038150
16.482000	-0.016575
16.484000	-0.142574
16.486000	-0.028300
16.488000	-0.204142
16.490000	-0.112717
16.492000	-0.064874
16.494000	-0.041605
16.496000	-0.033976
16.498000	-0.034624
16.500000	-0.114326
16.502000	-0.021658
16.504000	-0.207905
16.506000	-0.077449
16.508000	-0.055543
16.510000	-0.054094
16.512000	-0.109768
16.514000	-0.127399
16.516000	-0.247054
16.518000	-0.089289
16.520000	-0.147016
16.522000	-0.175934
16.524000	-0.173610
16.526000	-0.114699
16.528000	-0.019532
16.530000	0.044760
16.532000	-0.125332
16.534000	-0.119225
16.536000	-0.166420
16.538000	-0.173295
16.540000	-0.229933
16.542000	-0.091480
16.544000	-0.175234
16.546000	-0.062686
16.548000	-0.142297
16.550000	-0.123219
16.552000	-0.158267
16.554000	-0.003099
16.556000	-0.130397
16.558000	-0.117628
16.560000	-0.130308
16.562000	-0.134710
16.564000	-0.169617
16.566000	-0.089193
16.568000	-0.032793
16.570000	-0.098626
16.572000	-0.175189
16.574000	-0.138751
16.576000	-0.203305
16.578000	-0.079656
16.580000	-0.001291
16.582000	-0.208664
16.584000	-0.066683
16.586000	0.002828
16.588000	-0.162575
16.590000	-0.203322
16.592000	-0.099875
16.594000	-0.014510
16.596000	-0.183349
16.598000	-0.094980
16.600000	-0.179870
16.602000	-0.109050
16.604000	-0.136798
16.606000	-0.203616
16.608000	-0.089891
16.610000	-0.146893
16.612000	-0.102863
16.614000	-0.111436
16.616000	-0.161531
16.618000	-0.091807
16.620000	-0.097610
16.622000	-0.160661
16.624000	0.005650
16.626000	-0.201575
16.628000	0.057831
16.630000	-0.191795
16.632000	-0.170844
16.634000	-0.084340
16.636000	-0.139932
16.638000	0.039153
16.640000	-0.179766
16.642000	-0.109263
16.644000	-0.214233
16.646000	-0.197031
16.648000	-0.223329
16.650000	-0.076465
16.652000	-0.161773
16.654000	-0.017191
16.656000	-0.044270
16.658000	-0.022029
16.660000	-0.219810
16.662000	-0.096165
16.664000	-0.106425
16.666000	-0.014511
16.668000	-0.078349
16.670000	-0.028750
16.672000	-0.090225
16.674000	-0.188621
16.676000	-0.032939
16.678000	-0.107368
16.680000	0.030078
16.682000	-0.142129
16.684000	-0.136935
16.686000	-0.052631
16.688000	-0.025811
16.690000	0.017091
16.692000	-0.070941
16.694000	-0.064009
16.696000	-0.007744
16.698000	-0.151014
16.700000	-0.143170
16.702000	-0.021803
16.704000	-0.175364
16.706000	-0.078154
16.708000	-0.153649
16.710000	-0.229199
16.712000	-0.211611
16.714000	-0.194401
16.716000	-0.065594
16.718000	-0.140074
16.720000	-0.212118
16.722000	-0.023639
16.724000	-0.015065
16.726000	0.032739
16.728000	-0.141595
16.730000	0.024354
16.732000	-0.202771
16.734000	-0.007829
16.736000	0.051354
16.738000	-0.124615
16.740000	-0.023826
16.742000	0.011070
16.744000	-0.134848
16.746000	-0.078262
16.748000	-0.076007
16.750000	-0.144651
16.752000	-0.067814
16.754000	-0.058702
16.756000	-0.092700
16.758000	-0.072584
16.760000	-0.044920
16.762000	0.005442
16.764000	-0.139237
16.766000	-0.033927
16.768000	-0.074705
16.770000	-0.102593
16.772000	0.077802
16.774000	-0.156905
16.776000	-0.139283
16.778000	-0.174711
16.780000	-0.160720
16.782000	-0.174959
16.784000	-0.120572
16.786000	-0.012977
16.788000	-0.015982
16.790000	-0.059268
16.792000	-0.013939
16.794000	-0.044945
16.796000	0.049993
16.798000	-0.066440
16.800000	-0.116521
16.802000	-0.059010
16.804000	-0.036947
16.806000	-0.006314
16.808000	0.010097
16.810000	-0.041570
16.812000	-0.033215
16.814000	-0.038969
16.816000	0.006164
16.818000	-0.074831
16.820000	-0.013501
16.822000	-0.011897
16.824000	0.137504
16.826000	-0.107958
16.828000	0.007648
16.830000	0.056408
16.832000	-0.103422
16.834000	-0.067047
16.836000	-0.018105
16.838000	0.003466
16.840000	-0.033255
16.842000	0.140095
16.844000	-0.141779
16.846000	0.018617
16.848000	0.047496
16.850000	-0.039006
16.852000	-0.071319
16.854000	-0.064495
16.856000	-0.168057
16.858000	-0.085021
16.860000	-0.005906
16.862000	0.020471
16.864000	-0.093884
16.866000	0.071609
16.868000	0.023983
16.870000	0.028402
16.872000	-0.168042
16.874000	-0.058387
16.876000	0.031732
16.878000	0.040244
16.880000	0.007317
16.882000	0.035289
16.884000	0.110460
16.886000	-0.017219
16.888000	0.121566
16.890000	0.048907
16.892000	0.027565
16.894000	0.069097
16.896000	-0.243593
16.898000	-0.243409
16.900000	-0.285790
16.902000	0.133010
16.904000	-0.192464
16.906000	-0.019217
16.908000	-0.310618
16.910000	-0.033216
16.912000	0.300701
16.914000	0.179129
16.916000	-0.153919
16.918000	0.166372
16.920000	0.076942
16.922000	-0.378796
16.924000	-0.023830
16.926000	-0.230011
16.928000	-0.310778
16.930000	0.018626
16.932000	-0.433814
16.934000	-0.254617
16.936000	0.020050
16.938000	-0.004381
16.940000	-0.009470
16.942000	0.016311
16.944000	0.022027
16.946000	0.323824
16.948000	-0.082634
16.950000	-0.020788
16.952000	-0.213386
16.954000	-0.023466
16.956000	-0.183034
16.958000	-0.159139
16.960000	-0.306214
16.962000	-0.191552
16.964000	-0.087042
16.966000	-0.244762
16.968000	0.104146
16.970000	0.000213
16.972000	-0.417475
16.974000	0.306707
16.976000	-0.116668
16.978000	-0.056992
16.980000	-0.221630
16.982000	0.669780
16.984000	-0.568481
16.986000	-0.296976
16.988000	-0.092586
16.990000	-0.445559
16.992000	-0.356018
16.994000	0.134392
16.996000	0.063332
16.998000	-0.094647
17.000000	-0.064546
17.002000	-0.234669
17.004000	0.168299
17.006000	-0.136881
17.008000	-0.143236
17.010000	-0.208561
17.012000	0.558190
17.014000	-0.343328
17.016000	-0.375392
17.018000	0.197413
17.020000	0.105387
17.022000	0.002878
17.024000	-0.643032
17.026000	0.128054
17.028000	0.008851
17.030000	-0.677558
17.032000	0.068255
17.034000	-0.288565
17.036000	0.529430
17.038000	0.215640
17.040000	-0.057402
17.042000	-0.181864
17.044000	-0.158503
17.046000	-0.440067
17.048000	-0.132897
17.050000	-0.332747
17.052000	-0.028276
17.054000	-0.038812
17.056000	-0.198190
17.058000	-0.366809
17.060000	0.134064
17.062000	0.540925
17.064000	-0.192685
17.066000	0.225149
17.068000	-0.549020
17.070000	-0.194353
17.072000	0.447961
17.074000	-0.416942
17.076000	-0.569246
17.078000	-0.139518
17.080000	-0.319431
17.082000	-0.408363
17.084000	-0.037025
17.086000	0.064108
17.088000	-0.121469
17.090000	0.259114
17.092000	0.096104
17.094000	-0.497489
17.096000	0.133742
17.098000	-0.013639
17.100000	-0.115607
17.102000	-0.371015
17.104000	-0.000134
17.106000	0.108792
17.108000	-0.518836
17.110000	0.071322
17.112000	0.172507
17.114000	-0.733816
17.116000	-0.412788
17.118000	-0.049432
17.120000	0.015092
17.122000	-0.085425
17.124000	-0.344753
17.126000	-0.164569
17.128000	-0.037949
17.130000	-0.091211
17.132000	-0.027820
17.134000	-0.152908
17.136000	-0.237427
17.138000	-0.060106
17.140000	0.773024
17.142000	-0.521817
17.144000	0.162775
17.146000	-0.551914
17.148000	0.038570
17.150000	-0.575646
17.152000	-0.128568
17.154000	-0.013203
17.156000	-0.243917
17.158000	0.199578
17.160000	0.103665
17.162000	-0.040052
17.164000	0.137104
17.166000	-0.398564
17.168000	0.024355
17.170000	0.072110
17.172000	-0.423135
17.174000	-0.062880
17.176000	-0.242892
17.178000	0.163781
17.180000	-0.205858
17.182000	-0.125949
17.184000	-0.204222
17.186000	0.299774
17.188000	0.181994
17.190000	-0.018039
17.192000	0.388109
17.194000	-0.408192
17.196000	-0.165840
17.198000	-0.221279
17.200000	0.184813
17.202000	0.258932
17.204000	0.090728
17.206000	0.250347
17.208000	-0.465006
17.210000	-0.141648
17.212000	0.375715
17.214000	0.013848
17.216000	0.437507
17.218000	-0.005976
17.220000	-0.377708
17.222000	0.178128
17.224000	0.336231
17.226000	0.435272
17.228000	-0.598897
17.230000	-0.262899
17.232000	0.055578
17.234000	-0.007828
17.236000	-0.064837
17.238000	-0.126346
17.240000	0.606470
17.242000	0.864987
17.244000	0.417303
17.246000	0.905175
17.248000	0.998238
17.250000	0.884920
17.252000	1.199614
17.254000	0.897325
17.256000	1.249478
17.258000	1.368256
17.260000	1.192118
17.262000	1.913478
17.264000	1.064523
17.266000	0.592427
17.268000	0.398239
17.270000	0.784437
17.272000	-0.460746
17.274000	0.007578
17.276000	-0.711566
17.278000	-0.659529
17.280000	-0.980373
17.282000	-0.949933
17.284000	-1.364434
17.286000	-0.818114
17.288000	-0.817393
17.290000	-1.019557
17.292000	-1.244373
17.294000	-0.980339
17.296000	-0.270540
17.298000	-0.462772
17.300000	-0.173244
17.302000	-0.505455
17.304000	-0.463503
17.306000	-0.494293
17.308000	-0.575899
17.310000	0.074006
17.312000	-0.082463
17.314000	-0.107255
17.316000	0.245125
17.318000	-0.390040
17.320000	-0.076448
17.322000	0.127554
17.324000	-0.272648
17.326000	-0.418805
17.328000	-0.068608
17.330000	-0.045044
17.332000	-0.445644
17.334000	-0.483020
17.336000	0.018851
17.338000	-0.226492
17.340000	0.039993
17.342000	-0.077231
17.344000	-0.314495
17.346000	-0.208976
17.348000	-0.058058
17.350000	-0.031438
17.352000	-0.030203
17.354000	0.128042
17.356000	-0.045095
17.358000	0.246399
17.360000	-0.386531
17.362000	-0.222876
17.364000	-0.398274
17.366000	-0.098451
17.368000	-0.418738
17.370000	0.245832
17.372000	0.450404
17.374000	0.449151
17.376000	-0.280770
17.378000	0.070964
17.380000	0.321179
17.382000	0.194047
17.384000	-0.141176
17.386000	0.403238
17.388000	-0.169194
17.390000	0.674275
17.392000	0.061900
17.394000	0.475678
17.396000	-0.682970
17.398000	0.226627
17.400000	0.371041
17.402000	-0.254711
17.404000	0.024781
17.406000	0.057487
17.408000	-0.054984
17.410000	-0.029185
17.412000	-0.247278
17.414000	-0.143508
17.416000	-0.231969
17.418000	-0.145737
17.420000	0.094871
17.422000	-0.101776
17.424000	-0.040835
17.426000	-0.060342
17.428000	0.036933
17.430000	-0.190014
17.432000	0.160494
17.434000	-0.047857
17.436000	-0.153866
17.438000	0.184023
17.440000	-0.396029
17.442000	-0.118894
17.444000	-0.087677
17.446000	-0.262828
17.448000	-0.236316
17.450000	-0.121343
17.452000	-0.011101
17.454000	0.004372
17.456000	-0.088664
17.458000	0.132350
17.460000	0.097448
17.462000	-0.075004
17.464000	0.009469
17.466000	-0.074065
17.468000	-0.031431
17.470000	-0.154958
17.472000	0.154444
17.474000	-0.142624
17.476000	0.103634
17.478000	-0.022163
17.480000	-0.039531
17.482000	-0.021837
17.484000	0.231622
17.486000	-0.097519
17.488000	0.086096
17.490000	-0.036667
17.492000	0.022100
17.494000	0.287124
17.496000	0.072963
17.498000	-0.135585
17.500000	-0.000761
17.502000	0.179748
17.504000	0.061090
17.506000	0.131591
17.508000	0.144361
17.510000	0.086362
17.512000	-0.212385
17.514000	0.159469
17.516000	0.160486
17.518000	0.199469
17.520000	0.118563
17.522000	0.265633
17.524000	-0.054394
17.526000	0.194401
17.528000	-0.124558
17.530000	0.249323
17.532000	0.113225
17.534000	0.281538
17.536000	0.185269
17.538000	0.078559
17.540000	-0.214789
17.542000	0.283050
17.544000	0.082586
17.546000	0.022226
17.548000	-0.141032
17.550000	0.063715
17.552000	0.212256
17.554000	0.211996
17.556000	0.040180
17.558000	-0.014542
17.560000	0.000778
17.562000	-0.062305
17.564000	-0.197107
17.566000	-0.010683
17.568000	-0.071345
17.570000	-0.016044
17.572000	-0.104297
17.574000	-0.066072
17.576000	0.079800
17.578000	-0.055270
17.580000	-0.083721
17.582000	-0.145340
17.584000	-0.103969
17.586000	-0.184798
17.588000	-0.163249
17.590000	-0.119187
17.592000	-0.130774
17.594000	-0.198177
17.596000	-0.266247
17.598000	-0.197236
17.600000	-0.300481
17.602000	-0.115024
17.604000	-0.179558
17.606000	-0.242121
17.608000	-0.157046
17.610000	-0.196307
17.612000	-0.339984
17.614000	-0.337501
17.616000	-0.103018
17.618000	-0.343032
17.620000	-0.363911
17.622000	-0.320568
17.624000	-0.301796
17.626000	-0.414993
17.628000	-0.336345
17.630000	-0.561558
17.632000	-0.220524
17.634000	-0.378766
17.636000	-0.294961
17.638000	-0.256982
17.640000	-0.404252
17.642000	-0.275945
17.644000	-0.399881
17.646000	-0.139545
17.648000	-0.216306
17.650000	-0.282811
17.652000	-0.161629
17.654000	-0.190125
17.656000	-0.380046
17.658000	-0.154417
17.660000	-0.430271
17.662000	-0.054054
17.664000	-0.339414
17.666000	-0.345550
17.668000	-0.238314
17.670000	-0.297051
17.672000	-0.666800
17.674000	-0.171723
17.676000	-0.234093
17.678000	-0.102758
17.680000	-0.150402
17.682000	-0.125699
17.684000	-0.369142
17.686000	-0.242293
17.688000	-0.181043
17.690000	-0.245651
17.692000	-0.144356
17.694000	-0.103336
17.696000	-0.070087
17.698000	-0.481295
17.700000	-0.180063
17.702000	-0.369338
17.704000	-0.106497
17.706000	-0.114078
17.708000	-0.293901
17.710000	-0.084136
17.712000	-0.099571
17.714000	-0.077877
17.716000	-0.160368
17.718000	0.047116
17.720000	0.050951
17.722000	-0.324284
17.724000	-0.305231
17.726000	-0.061991
17.728000	-0.162838
17.730000	-0.249961
17.732000	-0.163297
17.734000	-0.362321
17.736000	-0.257565
17.738000	-0.493602
17.740000	-0.129326
17.742000	-0.211078
17.744000	-0.208057
17.746000	-0.055275
17.748000	-0.039811
17.750000	0.113550
17.752000	-0.217349
17.754000	0.103318
17.756000	-0.364824
17.758000	-0.021120
17.760000	0.187137
17.762000	-0.215565
17.764000	-0.239635
17.766000	-0.061484
17.768000	-0.218489
17.770000	-0.023446
17.772000	-0.009663
17.774000	-0.305941
17.776000	0.051013
17.778000	-0.147566
17.780000	-0.257345
17.782000	-0.293943
17.784000	-0.153635
17.786000	0.055721
17.788000	-0.279788
17.790000	-0.080691
17.792000	-0.190302
17.794000	-0.286392
17.796000	0.052740
17.798000	-0.220712
17.800000	-0.216469
17.802000	-0.426374
17.804000	-0.113570
17.806000	-0.357719
17.808000	-0.268213
17.810000	-0.074009
17.812000	-0.070250
17.814000	-0.022316
17.816000	-0.024148
17.818000	-0.088793
17.820000	-0.059827
17.822000	-0.288229
17.824000	-0.069065
17.826000	-0.106471
17.828000	-0.079539
17.830000	0.040949
17.832000	-0.020038
17.834000	-0.234120
17.836000	-0.236242
17.838000	0.022715
17.840000	-0.027485
17.842000	-0.242197
17.844000	-0.074490
17.846000	-0.077225
17.848000	0.134670
17.850000	-0.139249
17.852000	0.145723
17.854000	0.218953
17.856000	-0.082630
17.858000	-0.253550
17.860000	-0.077189
17.862000	0.054850
17.864000	-0.082327
17.866000	0.163396
17.868000	-0.025822
17.870000	-0.150688
17.872000	0.220839
17.874000	-0.197441
17.876000	0.106027
17.878000	-0.198872
17.880000	-0.232360
17.882000	-0.211901
17.884000	0.057840
17.886000	-0.010876
17.888000	-0.254311
17.890000	0.076090
17.892000	-0.029825
17.894000	0.060193
17.896000	-0.180745
17.898000	-0.067030
17.900000	0.003993
17.902000	0.033954
17.904000	0.020159
17.906000	0.043580
17.908000	0.119959
17.910000	-0.053399
17.912000	0.362007
17.914000	-0.023350
17.916000	0.233526
17.918000	0.110678
17.920000	-0.024550
17.922000	-0.359974
17.924000	-0.406753
17.926000	-0.114539
17.928000	-0.305291
17.930000	-0.519522
17.932000	-0.494262
17.934000	-0.327732
17.936000	0.090310
17.938000	-0.505323
17.940000	-0.306980
17.942000	-0.475343
17.944000	-0.362435
17.946000	-0.574710
17.948000	-0.257153
17.950000	0.081835
17.952000	-0.516165
17.954000	-0.359653
17.956000	-0.199665
17.958000	-0.342374
17.960000	-0.647718
17.962000	-0.195172
17.964000	-0.214089
17.966000	-0.369708
17.968000	-0.422695
17.970000	-0.087224
17.972000	-0.206478
17.974000	-0.000936
17.976000	-0.308351
17.978000	-0.545550
17.980000	-0.160172
17.982000	-0.458231
17.984000	-0.059562
17.986000	-0.595286
17.988000	-0.249524
17.990000	-0.329723
17.992000	-0.430630
17.994000	-0.603063
17.996000	-0.431471
17.998000	-0.532213
18.000000	-0.177690
18.002000	-0.380825
18.004000	0.010570
18.006000	0.136418
18.008000	-0.361472
18.010000	-0.297846
18.012000	-0.603678
18.014000	-0.561716
18.016000	-0.232337
18.018000	-0.169128
18.020000	-0.518549
18.022000	-0.168514
18.024000	-0.708772
18.026000	-0.355022
18.028000	-0.293979
18.030000	-0.301782
18.032000	-0.162318
18.034000	-0.272789
18.036000	-0.270530
18.038000	-0.112130
18.040000	-0.687070
18.042000	-0.351703
18.044000	-0.175998
18.046000	-0.249860
18.048000	-0.407650
18.050000	-0.419773
18.052000	-0.686699
18.054000	-0.359855
18.056000	-0.508629
18.058000	-0.539056
18.060000	-0.432410
18.062000	-0.326460
18.064000	-0.073039
18.066000	0.033883
18.068000	-0.401331
18.070000	-0.290156
18.072000	-0.444241
18.074000	-0.587864
18.076000	-0.667235
18.078000	-0.314724
18.080000	-0.473889
18.082000	-0.149283
18.084000	-0.426554
18.086000	-0.376239
18.088000	-0.412973
18.090000	0.135424
18.092000	-0.338640
18.094000	-0.332136
18.096000	-0.420141
18.098000	-0.453757
18.100000	-0.644350
18.102000	-0.235130
18.104000	-0.019684
18.106000	-0.257023
18.108000	-0.371400
18.110000	-0.365992
18.112000	-0.517000
18.114000	-0.242091
18.116000	0.050869
18.118000	-0.641438
18.120000	-0.220350
18.122000	-0.005254
18.124000	-0.367645
18.126000	-0.532191
18.128000	-0.225699
18.130000	0.097264
18.132000	-0.542530
18.134000	-0.176633
18.136000	-0.401020
18.138000	-0.213756
18.140000	-0.293369
18.142000	-0.365044
18.144000	-0.302798
18.146000	-0.275919
18.148000	-0.234088
18.150000	-0.254010
18.152000	-0.322602
18.154000	-0.235713
18.156000	-0.208228
18.158000	-0.464253
18.160000	0.129769
18.162000	-0.546757
18.164000	0.272332
18.166000	-0.564330
18.168000	-0.412464
18.170000	-0.188729
18.172000	-0.199894
18.174000	0.192965
18.176000	-0.420635
18.178000	-0.234230
18.180000	-0.646855
18.182000	-0.512052
18.184000	-0.432270
18.186000	-0.165352
18.188000	-0.393698
18.190000	0.023518
18.192000	-0.069805
18.194000	-0.031188
18.196000	-0.563370
18.198000	-0.136187
18.200000	-0.230680
18.202000	0.131800
18.204000	-0.151160
18.206000	0.018525
18.208000	-0.254874
18.210000	-0.376504
18.212000	0.043237
18.214000	-0.115017
18.216000	0.272315
18.218000	-0.381904
18.220000	-0.310193
18.222000	-0.144717
18.224000	0.016334
18.226000	0.108718
18.228000	-0.189885
18.230000	-0.177854
18.232000	-0.024773
18.234000	-0.295814
18.236000	-0.236750
18.238000	-0.025675
18.240000	-0.364057
18.242000	-0.065145
18.244000	-0.426416
18.246000	-0.545012
18.248000	-0.488462
18.250000	-0.342372
18.252000	-0.148862
18.254000	-0.351455
18.256000	-0.540374
18.258000	0.071026
18.260000	0.009583
18.262000	0.090052
18.264000	-0.275464
18.266000	0.097404
18.268000	-0.397121
18.270000	0.035157
18.272000	0.199503
18.274000	-0.211843
18.276000	0.109338
18.278000	0.135884
18.280000	-0.341588
18.282000	-0.173945
18.284000	-0.213969
18.286000	-0.300541
18.288000	-0.227987
18.290000	-0.011597
18.292000	-0.149186
18.294000	-0.025102
18.296000	-0.015028
18.298000	0.003496
18.300000	-0.346358
18.302000	0.004292
18.304000	-0.104782
18.306000	-0.180992
18.308000	0.199827
18.310000	-0.352080
18.312000	-0.339497
18.314000	-0.386843
18.316000	-0.479750
18.318000	-0.385394
18.320000	-0.247340
18.322000	0.052602
18.324000	-0.066121
18.326000	-0.154413
18.328000	-0.037021
18.330000	-0.086114
18.332000	0.148499
18.334000	-0.054781
18.336000	-0.349035
18.338000	-0.101122
18.340000	-0.104497
18.342000	0.004945
18.344000	0.103703
18.346000	-0.029776
18.348000	-0.021682
18.350000	-0.244634
18.352000	0.117453
18.354000	-0.052544
18.356000	-0.106005
18.358000	0.003489
18.360000	0.358055
18.362000	-0.317406
18.364000	-0.083520
18.366000	0.093429
18.368000	-0.316764
18.370000	-0.132705
18.372000	-0.007303
18.374000	-0.109068
18.376000	-0.053997
18.378000	0.411664
18.380000	-0.507153
18.382000	0.139998
18.384000	0.084364
18.386000	-0.024591
18.388000	-0.298849
18.390000	-0.166602
18.392000	-0.458410
18.394000	-0.129177
18.396000	-0.042893
18.398000	0.037117
18.400000	-0.211458
18.402000	0.045629
18.404000	0.134377
18.406000	0.038153
18.408000	-0.561898
18.410000	-0.216718
18.412000	-0.122421
18.414000	-0.036575
18.416000	-0.244773
18.418000	-0.140084
18.420000	0.093525
18.422000	-0.166384
18.424000	0.211845
18.426000	0.124770
18.428000	-0.056087
18.430000	0.297012
18.432000	-0.167313
18.434000	-0.387357
18.436000	0.010944
18.438000	-0.449837
18.440000	0.371800
18.442000	0.734387
18.444000	0.852290
18.446000	1.000838
18.448000	1.477112
18.450000	1.335530
18.452000	1.795437
18.454000	2.143350
18.456000	1.346324
18.458000	1.530379
18.460000	1.581092
18.462000	0.698168
18.464000	0.983064
18.466000	0.010976
18.468000	0.534759
18.470000	0.176808
18.472000	-0.233865
18.474000	-0.402012
18.476000	-0.680570
18.478000	-0.252417
18.480000	-0.611446
18.482000	-0.370252
18.484000	-0.409341
18.486000	-0.697408
18.488000	-0.039041
18.490000	0.070423
18.492000	-0.741909
18.494000	-0.327731
18.496000	-0.126498
18.498000	-0.046305
18.500000	-0.217004
18.502000	0.082310
18.504000	-0.170070
18.506000	0.413287
18.508000	-0.388725
18.510000	-0.329262
18.512000	-0.302131
18.514000	-0.546862
18.516000	0.079787
18.518000	-0.800236
18.520000	0.114323
18.522000	-0.047281
18.524000	0.100628
18.526000	0.121206
18.528000	-0.073734
18.530000	-0.362819
18.532000	-0.081387
18.534000	0.137284
18.536000	0.149264
18.538000	-0.179170
18.540000	0.020472
18.542000	-0.322255
18.544000	-0.278570
18.546000	0.129185
18.548000	-0.589400
18.550000	-0.078459
18.552000	0.352564
18.554000	0.118501
18.556000	-0.532749
18.558000	-0.145363
18.560000	-0.247259
18.562000	0.448355
18.564000	0.494840
18.566000	-0.220409
18.568000	0.021964
18.570000	0.235067
18.572000	0.117375
18.574000	-0.248737
18.576000	-0.049202
18.578000	0.204284
18.580000	0.252787
18.582000	0.520293
18.584000	0.043209
18.586000	0.167176
18.588000	0.310321
18.590000	0.168403
18.592000	-0.012767
18.594000	-0.021338
18.596000	0.188640
18.598000	0.105803
18.600000	-0.852955
18.602000	0.047221
18.604000	-0.560041
18.606000	0.541512
18.608000	-0.046648
18.610000	0.321374
18.612000	-0.050548
18.614000	0.377407
18.616000	-0.011832
18.618000	-0.126218
18.620000	-0.100749
18.622000	-0.196222
18.624000	0.042970
18.626000	0.012582
18.628000	0.092086
18.630000	0.011579
18.632000	0.010651
18.634000	0.100616
18.636000	-0.089533
18.638000	-0.003867
18.640000	-0.438952
18.642000	0.035481
18.644000	0.139833
18.646000	0.356277
18.648000	0.194898
18.650000	0.532857
18.652000	0.055764
18.654000	0.128533
18.656000	-0.089131
18.658000	0.519315
18.660000	0.138327
18.662000	-0.171736
18.664000	0.212010
18.666000	0.354646
18.668000	0.504339
18.670000	0.171609
18.672000	-0.073581
18.674000	-0.304549
18.676000	-0.351739
18.678000	-0.460572
18.680000	0.285012
18.682000	-0.158774
18.684000	0.206876
18.686000	0.484406
18.688000	0.559197
18.690000	0.160797
18.692000	0.365348
18.694000	0.176179
18.696000	0.620957
18.698000	-0.200834
18.700000	0.129227
18.702000	-0.191608
18.704000	-0.164292
18.706000	-0.069527
18.708000	0.106638
18.710000	0.006669
18.712000	0.493064
18.714000	0.509204
18.716000	0.047270
18.718000	-0.039712
18.720000	-0.077796
18.722000	0.448595
18.724000	0.240783
18.726000	0.063958
18.728000	0.238978
18.730000	0.708053
18.732000	0.257114
18.734000	0.056755
18.736000	0.646518
18.738000	-0.003455
18.740000	0.035197
18.742000	0.464983
18.744000	0.040411
18.746000	0.364454
18.748000	-0.177351
18.750000	-0.138564
18.752000	0.123473
18.754000	0.168648
18.756000	0.365491
18.758000	-0.145508
18.760000	-0.134911
18.762000	0.093529
18.764000	-0.177388
18.766000	-0.113057
18.768000	0.039965
18.770000	0.014511
18.772000	0.132044
18.774000	-0.224731
18.776000	0.075837
18.778000	-0.181419
18.780000	-0.385771
18.782000	-0.151213
18.784000	-0.555298
18.786000	-0.221851
18.788000	-0.212831
18.790000	-0.133849
18.792000	0.421168
18.794000	-0.624495
18.796000	0.253893
18.798000	0.139861
18.800000	-0.267804
18.802000	-0.233438
18.804000	-0.401215
18.806000	-0.550125
18.808000	0.044726
18.810000	-0.174565
18.812000	-0.159432
18.814000	-0.296343
18.816000	0.141329
18.818000	-0.583973
18.820000	0.077845
18.822000	-0.449280
18.824000	0.029924
18.826000	-0.054809
18.828000	-0.087236
18.830000	-0.369641
18.832000	-0.361323
18.834000	-0.087318
18.836000	-0.111627
18.838000	-0.079004
18.840000	-0.262973
18.842000	0.064736
18.844000	-0.031694
18.846000	0.412252
18.848000	0.084129
18.850000	-0.073544
18.852000	-0.453717
18.854000	-0.393701
18.856000	-0.594383
18.858000	0.144574
18.860000	-0.095465
18.862000	0.197621
18.864000	-0.119445
18.866000	0.065835
18.868000	-0.301337
18.870000	-0.073635
18.872000	-0.108079
18.874000	0.343726
18.876000	0.079411
18.878000	0.002114
18.880000	-0.025783
18.882000	0.104638
18.884000	-0.355567
18.886000	0.091380
18.888000	-0.214837
18.890000	-0.184029
18.892000	0.143658
18.894000	0.143329
18.896000	0.299835
18.898000	-0.352459
18.900000	-0.066074
18.902000	-0.188213
18.904000	-0.359182
18.906000	-0.418554
18.908000	-0.129944
18.910000	-0.125172
18.912000	0.270557
18.914000	-0.339555
18.916000	-0.140540
18.918000	-0.144004
18.920000	0.051794
18.922000	0.018146
18.924000	0.218772
18.926000	0.198902
18.928000	0.026473
18.930000	0.539804
18.932000	-0.374967
18.934000	0.265526
18.936000	-0.157727
18.938000	0.221684
18.940000	-0.114920
18.942000	-0.381348
18.944000	0.022105
18.946000	-0.141625
18.948000	-0.146492
18.950000	-0.051784
18.952000	-0.064372
18.954000	-0.200355
18.956000	-0.196323
18.958000	-0.122697
18.960000	0.013131
18.962000	-0.174060
18.964000	-0.135937
18.966000	-0.186002
18.968000	-0.127669
18.970000	-0.199884
18.972000	-0.086601
18.974000	0.045936
18.976000	-0.144344
18.978000	-0.125151
18.980000	-0.073814
18.982000	-0.106933
18.984000	-0.268485
18.986000	-0.074858
18.988000	-0.083555
18.990000	-0.137430
18.992000	-0.159311
18.994000	-0.054439
18.996000	-0.084344
18.998000	-0.035296
19.000000	-0.101860
19.002000	-0.202902
19.004000	-0.062516
19.006000	-0.179671
19.008000	-0.030229
19.010000	-0.197119
19.012000	-0.097259
19.014000	-0.127122
19.016000	-0.166170
19.018000	-0.215388
19.020000	-0.178044
19.022000	-0.191707
19.024000	-0.071846
19.026000	-0.165589
19.028000	-0.014226
19.030000	0.021055
19.032000	-0.121463
19.034000	-0.111523
19.036000	-0.224697
19.038000	-0.222181
19.040000	-0.075887
19.042000	-0.047885
19.044000	-0.218613
19.046000	-0.079847
19.048000	-0.254738
19.050000	-0.156083
19.052000	-0.107149
19.054000	-0.109042
19.056000	-0.079094
19.058000	-0.118791
19.060000	-0.128754
19.062000	-0.064916
19.064000	-0.257959
19.066000	-0.141443
19.068000	-0.082269
19.070000	-0.116522
19.072000	-0.138359
19.074000	-0.202655
19.076000	-0.256653
19.078000	-0.124781
19.080000	-0.220373
19.082000	-0.217181
19.084000	-0.164600
19.086000	-0.136588
19.088000	-0.044750
19.090000	-0.001136
19.092000	-0.174085
19.094000	-0.104830
19.096000	-0.182556
19.098000	-0.229392
19.100000	-0.266533
19.102000	-0.130560
19.104000	-0.183809
19.106000	-0.066909
19.108000	-0.178340
19.110000	-0.154986
19.112000	-0.155543
19.114000	0.039988
19.116000	-0.116894
19.118000	-0.145393
19.120000	-0.148320
19.122000	-0.169369
19.124000	-0.216382
19.126000	-0.090269
19.128000	-0.026718
19.130000	-0.105236
19.132000	-0.134683
19.134000	-0.145703
19.136000	-0.200486
19.138000	-0.095558
19.140000	0.011722
19.142000	-0.227113
19.144000	-0.081440
19.146000	0.013680
19.148000	-0.166227
19.150000	-0.176962
19.152000	-0.108495
19.154000	0.050561
19.156000	-0.204142
19.158000	-0.075535
19.160000	-0.153081
19.162000	-0.078333
19.164000	-0.105182
19.166000	-0.115522
19.168000	-0.102417
19.170000	-0.144867
19.172000	-0.062222
19.174000	-0.104088
19.176000	-0.144284
19.178000	-0.090970
19.180000	-0.079637
19.182000	-0.188628
19.184000	0.033542
19.186000	-0.190286
19.188000	0.122750
19.190000	-0.206146
19.192000	-0.166660
19.194000	-0.066118
19.196000	-0.093121
19.198000	0.037516
19.200000	-0.165899
19.202000	-0.080965
19.204000	-0.241799
19.206000	-0.206654
19.208000	-0.134963
19.210000	-0.045118
19.212000	-0.153537
19.214000	-0.002070
19.216000	-0.042427
19.218000	-0.016185
19.220000	-0.215518
19.222000	-0.049757
19.224000	-0.116912
19.226000	0.039894
19.228000	-0.064723
19.230000	0.008159
19.232000	-0.108414
19.234000	-0.136070
19.236000	-0.003540
19.238000	-0.025417
19.240000	0.056353
19.242000	-0.192551
19.244000	-0.119963
19.246000	-0.052108
19.248000	0.001740
19.250000	0.048804
19.252000	-0.070322
19.254000	-0.102647
19.256000	0.024966
19.258000	-0.100526
19.260000	-0.087196
19.262000	-0.006481
19.264000	-0.182510
19.266000	-0.018407
19.268000	-0.172945
19.270000	-0.187755
19.272000	-0.174584
19.274000	-0.131990
19.276000	-0.044843
19.278000	-0.137208
19.280000	-0.186747
19.282000	0.018046
19.284000	-0.003275
19.286000	0.031612
19.288000	-0.099708
19.290000	0.037768
19.292000	-0.151079
19.294000	-0.000385
19.296000	0.061912
19.298000	-0.070259
19.300000	0.049717
19.302000	0.051228
19.304000	-0.109357
19.306000	-0.069241
19.308000	-0.092341
19.310000	-0.109890
19.312000	-0.083678
19.314000	-0.002716
19.316000	-0.027956
19.318000	0.009237
19.320000	0.024010
19.322000	0.010273
19.324000	-0.092660
19.326000	-0.011307
19.328000	-0.020047
19.330000	-0.046519
19.332000	0.111806
19.334000	-0.112797
19.336000	-0.135868
19.338000	-0.102651
19.340000	-0.147094
19.342000	-0.107928
19.344000	-0.048945
19.346000	0.019703
19.348000	0.013558
19.350000	-0.033455
19.352000	0.002678
19.354000	-0.026233
19.356000	0.097135
19.358000	0.012974
19.360000	-0.107591
19.362000	-0.029439
19.364000	-0.008665
19.366000	0.021274
19.368000	0.070604
19.370000	0.011030
19.372000	0.020491
19.374000	-0.071231
19.376000	0.056224
19.378000	-0.007237
19.380000	0.019605
19.382000	0.014792
19.384000	0.152346
19.386000	-0.112761
19.388000	-0.018546
19.390000	0.058730
19.392000	-0.066360
19.394000	-0.004539
19.396000	0.014039
19.398000	-0.033198
19.400000	-0.004767
19.402000	0.189218
19.404000	-0.166066
19.406000	0.093135
19.408000	0.029522
19.410000	0.002128
19.412000	-0.105626
19.414000	-0.040869
19.416000	-0.131020
19.418000	-0.013979
19.420000	-0.005656
19.422000	0.021340
19.424000	-0.027859
19.426000	0.059776
19.428000	0.078904
19.430000	0.050688
19.432000	-0.166556
19.434000	-0.037877
19.436000	0.038804
19.438000	0.072774
19.440000	0.012089
19.442000	0.009926
19.444000	0.122897
19.446000	-0.038474
19.448000	0.093038
19.450000	0.064412
19.452000	-0.059682
19.454000	0.069875
19.456000	0.264759
19.458000	-0.166198
19.460000	-0.289599
19.462000	-0.198240
19.464000	0.078556
19.466000	0.252087
19.468000	0.004186
19.470000	0.031738
19.472000	0.486317
19.474000	0.018880
19.476000	-0.030537
19.478000	0.402825
19.480000	0.239868
19.482000	-0.189228
19.484000	-0.071366
19.486000	-0.536389
19.488000	0.062201
19.490000	0.145273
19.492000	-0.162634
19.494000	-0.220229
19.496000	-0.060079
19.498000	-0.017179
19.500000	-0.071194
19.502000	-0.819188
19.504000	-0.035473
19.506000	-0.176804
19.508000	-0.073685
19.510000	-0.465657
19.512000	0.060267
19.514000	0.022103
19.516000	0.252257
19.518000	-0.027997
19.520000	-0.134003
19.522000	-0.170663
19.524000	-0.700572
19.526000	-0.218095
19.528000	-0.107008
19.530000	0.083165
19.532000	-0.104770
19.534000	0.552073
19.536000	0.308717
19.538000	0.393252
19.540000	-0.471733
19.542000	-0.467791
19.544000	0.173488
19.546000	0.109311
19.548000	-0.074233
19.550000	-0.251337
19.552000	0.228617
19.554000	0.263136
19.556000	0.271131
19.558000	0.127990
19.560000	0.238891
19.562000	-0.124123
19.564000	-0.135729
19.566000	0.547352
19.568000	0.483208
19.570000	-0.103235
19.572000	0.301139
19.574000	0.083023
19.576000	0.202443
19.578000	0.066147
19.580000	-0.246395
19.582000	-0.248862
19.584000	0.336746
19.586000	-0.079611
19.588000	0.490252
19.590000	0.039256
19.592000	-0.000675
19.594000	-0.048989
19.596000	0.777934
19.598000	0.367753
19.600000	0.049239
19.602000	-0.147197
19.604000	0.440451
19.606000	-0.007783
19.608000	0.053788
19.610000	0.363479
19.612000	0.101892
19.614000	0.471384
19.616000	0.541044
19.618000	-0.114595
19.620000	0.353052
19.622000	0.370080
19.624000	0.043472
19.626000	0.123519
19.628000	0.353092
19.630000	-0.094946
19.632000	0.287329
19.634000	0.293031
19.636000	0.751390
19.638000	-0.058487
19.640000	0.299104
19.642000	0.117053
19.644000	0.361700
19.646000	0.501810
19.648000	0.082718
19.650000	-0.079346
19.652000	0.224969
19.654000	0.380961
19.656000	0.309073
19.658000	0.087289
19.660000	0.777749
19.662000	0.520471
19.664000	0.779965
19.666000	1.029739
19.668000	1.259284
19.670000	1.176400
19.672000	1.405344
19.674000	1.825606
19.676000	1.293063
19.678000	1.786928
19.680000	2.023212
19.682000	1.754823
19.684000	1.173034
19.686000	0.978468
19.688000	0.971098
19.690000	0.489854
19.692000	-0.140212
19.694000	-0.003322
19.696000	-0.682602
19.698000	-0.882947
19.700000	-0.683080
19.702000	0.062796
19.704000	-0.358064
19.706000	-0.142633
19.708000	-0.225327
19.710000	-0.751177
19.712000	-0.398723
19.714000	-0.082644
19.716000	-0.233468
19.718000	-0.239737
19.720000	0.535964
19.722000	0.027640
19.724000	0.342169
19.726000	-0.324272
19.728000	0.251579
19.730000	-0.470230
19.732000	0.462206
19.734000	0.487090
19.736000	-0.324968
19.738000	-0.133660
19.740000	-0.126077
19.742000	0.283154
19.744000	-0.587324
19.746000	0.238378
19.748000	0.024595
19.750000	-0.058021
19.752000	-0.400703
19.754000	-0.275630
19.756000	0.549605
19.758000	0.327571
19.760000	0.168050
19.762000	0.028092
19.764000	0.269796
19.766000	-0.290659
19.768000	-0.148880
19.770000	0.941076
19.772000	0.083553
19.774000	0.220050
19.776000	0.265311
19.778000	0.168503
19.780000	0.337092
19.782000	0.331330
19.784000	0.535601
19.786000	0.647150
19.788000	-0.127417
19.790000	0.330326
19.792000	0.106603
19.794000	-0.185351
19.796000	-0.088688
19.798000	-0.096052
19.800000	0.237999
19.802000	-0.107252
19.804000	0.023211
19.806000	0.010546
19.808000	-0.251790
19.810000	-0.172069
19.812000	0.104017
19.814000	-0.252252
19.816000	0.670302
19.818000	0.315251
19.820000	-0.648479
19.822000	0.230548
19.824000	-0.141540
19.826000	0.113746
19.828000	0.225557
19.830000	0.085670
19.832000	0.536772
19.834000	0.364315
19.836000	0.201846
19.838000	-0.032110
19.840000	-0.028953
19.842000	0.798844
19.844000	-0.382331
19.846000	0.391484
19.848000	-0.024283
19.850000	0.750941
19.852000	0.397269
19.854000	0.740759
19.856000	-0.099867
19.858000	0.235111
19.860000	0.767786
19.862000	0.127403
19.864000	-0.147170
19.866000	0.419149
19.868000	0.258870
19.870000	-0.394150
19.872000	0.256917
19.874000	0.326556
19.876000	-0.040356
19.878000	-0.007432
19.880000	0.747199
19.882000	-0.302572
19.884000	0.305010
19.886000	0.232154
19.888000	-0.098187
19.890000	-0.046497
19.892000	0.448038
19.894000	0.152922
19.896000	0.197791
19.898000	0.514521
19.900000	0.329962
19.902000	-0.097991
19.904000	0.331030
19.906000	0.298760
19.908000	0.209175
19.910000	0.177451
19.912000	0.874826
19.914000	-0.255077
19.916000	0.216969
19.918000	0.041199
19.920000	0.399371
19.922000	0.208746
19.924000	0.548994
19.926000	0.006371
19.928000	0.156019
19.930000	0.565089
19.932000	0.308314
19.934000	0.237500
19.936000	-0.007960
19.938000	0.002947
19.940000	-0.301189
19.942000	-0.007537
19.944000	0.219289
19.946000	0.035289
19.948000	0.097214
19.950000	0.192795
19.952000	-0.087643
19.954000	0.390057
19.956000	0.237441
19.958000	-0.238840
19.960000	-0.573013
19.962000	-0.119757
19.964000	-0.058449
19.966000	-0.299516
19.968000	0.211000
19.970000	0.316669
19.972000	0.350060
19.974000	0.165642
19.976000	0.434738
19.978000	0.355384
19.980000	0.323182
19.982000	0.453559
19.984000	0.192047
19.986000	0.384621
19.988000	0.259833
19.990000	0.348267
19.992000	0.167248
19.994000	0.266519
19.996000	0.290079
19.998000	0.136688
20.000000	0.272996
20.002000	0.220009
20.004000	0.304392
20.006000	0.195751
20.008000	0.142502
20.010000	0.067675
20.012000	-0.003557
20.014000	0.145290
20.016000	0.135686
20.018000	0.171704
20.020000	0.054851
20.022000	-0.190461
20.024000	0.141568
20.026000	0.107604
20.028000	-0.021541
20.030000	0.068406
20.032000	0.050834
20.034000	0.054709
20.036000	0.025862
20.038000	0.002101
20.040000	0.062607
20.042000	0.054241
20.044000	-0.018971
20.046000	-0.147266
20.048000	-0.127474
20.050000	-0.020175
20.052000	0.005312
20.054000	-0.233202
20.056000	0.079446
20.058000	0.041775
20.060000	0.084676
20.062000	0.027530
20.064000	0.007756
20.066000	-0.037411
20.068000	-0.080186
20.070000	0.027267
20.072000	0.069496
20.074000	-0.120231
20.076000	-0.048184
20.078000	-0.106417
20.080000	-0.162478
20.082000	0.020439
20.084000	-0.167624
20.086000	-0.104478
20.088000	-0.009817
20.090000	0.038752
20.092000	-0.195390
20.094000	-0.106983
20.096000	-0.229734
20.098000	0.131265
20.100000	0.064406
20.102000	-0.145742
20.104000	-0.026667
20.106000	0.003516
20.108000	-0.018999
20.110000	-0.171013
20.112000	-0.060443
20.114000	0.063582
20.116000	-0.001004
20.118000	0.011365
20.120000	-0.167851
20.122000	0.059577
20.124000	0.028832
20.126000	0.086022
20.128000	0.020778
20.130000	-0.006456
20.132000	0.003562
20.134000	0.015309
20.136000	-0.246299
20.138000	-0.056507
20.140000	-0.208235
20.142000	0.062507
20.144000	0.030637
20.146000	0.042705
20.148000	0.072845
20.150000	0.060512
20.152000	-0.063220
20.154000	-0.059983
20.156000	-0.182508
20.158000	-0.114187
20.160000	-0.046411
20.162000	0.030175
20.164000	-0.040454
20.166000	0.024656
20.168000	-0.007830
20.170000	-0.017896
20.172000	-0.137348
20.174000	-0.095034
20.176000	-0.108895
20.178000	-0.082851
20.180000	0.076845
20.182000	-0.031109
20.184000	-0.079588
20.186000	0.019260
20.188000	-0.016923
20.190000	-0.175787
20.192000	0.002838
20.194000	-0.132685
20.196000	-0.081478
20.198000	-0.078316
20.200000	-0.051882
20.202000	-0.043788
20.204000	0.004720
20.206000	-0.019378
20.208000	-0.047277
20.210000	-0.107336
20.212000	-0.136768
20.214000	-0.082886
20.216000	0.152120
20.218000	-0.041734
20.220000	-0.074958
20.222000	0.067483
20.224000	-0.054250
20.226000	-0.029585
20.228000	0.041845
20.230000	-0.005851
20.232000	0.003782
20.234000	-0.131509
20.236000	0.010839
20.238000	-0.046731
20.240000	0.019437
20.242000	-0.071107
20.244000	0.015879
20.246000	-0.075175
20.248000	0.020726
20.250000	0.024949
20.252000	0.008420
20.254000	-0.108930
20.256000	-0.034748
20.258000	0.018489
20.260000	-0.037866
20.262000	-0.046264
20.264000	-0.083180
20.266000	0.099434
20.268000	0.006479
20.270000	0.010571
20.272000	0.030667
20.274000	0.032485
20.276000	0.053796
20.278000	0.093917
20.280000	-0.049469
20.282000	-0.042436
20.284000	-0.084616
20.286000	0.045115
20.288000	-0.075607
20.290000	0.025447
20.292000	0.124292
20.294000	-0.011137
20.296000	-0.083771
20.298000	0.018933
20.300000	-0.035384
20.302000	-0.020330
20.304000	0.011642
20.306000	-0.089136
20.308000	-0.007535
20.310000	0.061159
20.312000	-0.052988
20.314000	-0.023748
20.316000	-0.199674
20.318000	-0.066575
20.320000	-0.125873
20.322000	-0.063112
20.324000	-0.057996
20.326000	-0.005737
20.328000	0.112203
20.330000	-0.037878
20.332000	0.109235
20.334000	0.046666
20.336000	0.081255
20.338000	-0.055858
20.340000	-0.101742
20.342000	-0.088134
20.344000	-0.032604
20.346000	0.005071
20.348000	0.041412
20.350000	-0.103420
20.352000	0.086710
20.354000	-0.053476
20.356000	-0.021820
20.358000	0.009209
20.360000	0.058741
20.362000	-0.032488
20.364000	-0.070067
20.366000	-0.034550
20.368000	-0.120526
20.370000	0.026894
20.372000	0.035012
20.374000	-0.052612
20.376000	-0.066446
20.378000	-0.005265
20.380000	0.067896
20.382000	0.087128
20.384000	0.008121
20.386000	-0.015457
20.388000	-0.014569
20.390000	-0.033503
20.392000	-0.180565
20.394000	-0.006410
20.396000	-0.031649
20.398000	0.144802
20.400000	-0.060981
20.402000	-0.117400
20.404000	-0.032235
20.406000	0.028162
20.408000	-0.033725
20.410000	-0.045560
20.412000	-0.009910
20.414000	-0.028951
20.416000	0.013540
20.418000	0.026723
20.420000	-0.058294
20.422000	0.100665
20.424000	0.006132
20.426000	-0.130598
20.428000	0.134042
20.430000	0.014286
20.432000	-0.094213
20.434000	-0.082734
20.436000	-0.046815
20.438000	-0.075008
20.440000	-0.047649
20.442000	-0.145371
20.444000	0.051993
20.446000	-0.115876
20.448000	-0.053018
20.450000	0.049681
20.452000	-0.053890
20.454000	-0.066501
20.456000	-0.106369
20.458000	-0.040630
20.460000	0.128083
20.462000	-0.048845
20.464000	0.036372
20.466000	0.097284
20.468000	-0.097444
20.470000	0.039557
20.472000	-0.025895
20.474000	-0.017204
20.476000	0.039024
20.478000	-0.039293
20.480000	-0.032926
20.482000	0.322711
20.484000	0.203635
20.486000	0.402010
20.488000	-0.071178
20.490000	-0.136096
20.492000	-0.293600
20.494000	0.429554
20.496000	-0.314877
20.498000	0.285982
20.500000	-0.362857
20.502000	-0.563979
20.504000	-0.023869
20.506000	0.232875
20.508000	-0.154774
20.510000	0.526344
20.512000	-0.048350
20.514000	-0.236533
20.516000	-0.586531
20.518000	0.158196
20.520000	-0.210950
20.522000	-0.130682
20.524000	0.118938
20.526000	0.000042
20.528000	0.226663
20.530000	0.052880
20.532000	-0.364348
20.534000	0.243161
20.536000	0.031900
20.538000	0.354557
20.540000	-0.226063
20.542000	-0.073714
20.544000	0.318676
20.546000	0.022529
20.548000	-0.043672
20.550000	0.000426
20.552000	0.068062
20.554000	-0.176087
20.556000	-0.368975
20.558000	0.358730
20.560000	-0.160520
20.562000	-0.214011
20.564000	0.207887
20.566000	-0.223858
20.568000	0.041421
20.570000	-0.168693
20.572000	-0.007221
20.574000	0.092702
20.576000	-0.190785
20.578000	-0.006475
20.580000	0.209428
20.582000	-0.498455
20.584000	-0.314969
20.586000	0.032458
20.588000	-0.205354
20.590000	0.150605
20.592000	0.255780
20.594000	-0.594825
20.596000	0.155954
20.598000	0.050928
20.600000	-0.122357
20.602000	0.146502
20.604000	-0.202275
20.606000	-0.431140
20.608000	-0.126116
20.610000	-0.204583
20.612000	0.024184
20.614000	-0.129902
20.616000	-0.268311
20.618000	0.189532
20.620000	0.349383
20.622000	-0.634030
20.624000	0.713894
20.626000	-0.149455
20.628000	0.135440
20.630000	0.316907
20.632000	-0.336533
20.634000	0.178217
20.636000	0.015685
20.638000	0.159794
20.640000	0.455158
20.642000	-0.245963
20.644000	0.123184
20.646000	0.499400
20.648000	-0.258734
20.650000	-0.228382
20.652000	0.183484
20.654000	-0.118920
20.656000	0.180475
20.658000	-0.222579
20.660000	-0.054706
20.662000	-0.140748
20.664000	0.094003
20.666000	0.162660
20.668000	0.345263
20.670000	0.330364
20.672000	-0.131876
20.674000	-0.394604
20.676000	0.445901
20.678000	0.030479
20.680000	-0.255880
20.682000	0.426159
20.684000	0.531526
20.686000	0.087443
20.688000	-0.162518
20.690000	0.017661
20.692000	-0.053218
20.694000	0.014668
20.696000	0.050243
20.698000	-0.041172
20.700000	0.396815
20.702000	0.276128
20.704000	0.087045
20.706000	0.137120
20.708000	-0.259489
20.710000	-0.158574
20.712000	-0.148470
20.714000	-0.116805
20.716000	-0.213623
20.718000	-0.063772
20.720000	0.034456
20.722000	0.298884
20.724000	0.067364
20.726000	0.385612
20.728000	0.311686
20.730000	0.274508
20.732000	0.507595
20.734000	-0.317728
20.736000	0.399007
20.738000	0.130648
20.740000	-0.039952
20.742000	-0.027384
20.744000	0.701931
20.746000	-0.130767
20.748000	0.179769
20.750000	-0.198983
20.752000	-0.338808
20.754000	-0.036263
20.756000	0.031871
20.758000	0.526646
20.760000	0.613677
20.762000	0.538216
20.764000	-0.462591
20.766000	-0.117532
20.768000	-0.221203
20.770000	0.014952
20.772000	-0.340020
20.774000	0.140883
20.776000	-0.356675
20.778000	0.219165
20.780000	0.239242
20.782000	-0.069933
20.784000	0.331864
20.786000	-0.313629
20.788000	0.538942
20.790000	-0.082170
20.792000	0.274344
20.794000	0.145822
20.796000	-0.454565
20.798000	-0.226312
20.800000	-0.095973
20.802000	-0.278414
20.804000	-0.200958
20.806000	0.059143
20.808000	0.018955
20.810000	0.245268
20.812000	0.534054
20.814000	0.523589
20.816000	0.550883
20.818000	-0.046315
20.820000	0.278434
20.822000	-0.018983
20.824000	0.027980
20.826000	-0.195008
20.828000	0.015909
20.830000	0.000450
20.832000	0.436123
20.834000	0.452713
20.836000	-0.177638
20.838000	0.021544
20.840000	0.289713
20.842000	0.078568
20.844000	0.068265
20.846000	-0.304593
20.848000	0.529920
20.850000	-0.009145
20.852000	0.268569
20.854000	0.456706
20.856000	0.325578
20.858000	-0.469019
20.860000	-0.147096
20.862000	-0.023057
20.864000	0.005030
20.866000	0.186512
20.868000	-0.162816
20.870000	0.529429
20.872000	0.246387
20.874000	0.188540
20.876000	0.141426
20.878000	0.476171
20.880000	0.439254
20.882000	0.615478
20.884000	0.167800
20.886000	0.322726
20.888000	1.022806
20.890000	0.333925
20.892000	1.001180
20.894000	1.333787
20.896000	1.735480
20.898000	1.379954
20.900000	1.101548
20.902000	1.401442
20.904000	1.452520
20.906000	1.353721
20.908000	0.692472
20.910000	0.787243
20.912000	0.286608
20.914000	0.399051
20.916000	-0.656471
20.918000	-0.879838
20.920000	-0.875318
20.922000	-1.540005
20.924000	-1.144536
20.926000	-1.160645
20.928000	-0.984074
20.930000	-0.974487
20.932000	-1.048367
20.934000	-1.014569
20.936000	-0.721440
20.938000	-0.260113
20.940000	-0.688114
20.942000	-0.346258
20.944000	-0.238315
20.946000	-0.364622
20.948000	0.181562
20.950000	-0.016549
20.952000	-0.153502
20.954000	-0.163090
20.956000	-0.066652
20.958000	-0.487746
20.960000	0.116631
20.962000	0.106704
20.964000	0.265366
20.966000	0.203089
20.968000	-0.105635
20.970000	0.253536
20.972000	-0.018516
20.974000	-0.397852
20.976000	0.144627
20.978000	-0.654779
20.980000	-0.126851
20.982000	-0.345408
20.984000	-0.238717
20.986000	0.149897
20.988000	0.020290
20.990000	0.142806
20.992000	-0.096757
20.994000	-0.111995
20.996000	-0.124065
20.998000	-0.175485
21.000000	-0.118800
21.002000	0.045170
21.004000	0.096743
21.006000	-0.130102
21.008000	0.029212
21.010000	0.049789
21.012000	0.106820
21.014000	0.091326
21.016000	0.014403
21.018000	0.020760
21.020000	-0.055921
21.022000	0.029255
21.024000	-0.304590
21.026000	-0.040687
21.028000	-0.028121
21.030000	-0.231262
21.032000	0.031281
21.034000	-0.081505
21.036000	-0.020150
21.038000	-0.028237
21.040000	0.043285
21.042000	0.050362
21.044000	0.135645
21.046000	-0.171505
21.048000	-0.044933
21.050000	-0.034025
21.052000	0.060760
21.054000	-0.084734
21.056000	-0.034747
21.058000	-0.131859
21.060000	-0.078018
21.062000	0.033538
21.064000	0.006865
21.066000	0.044788
21.068000	0.255621
21.070000	0.011133
21.072000	0.239994
21.074000	0.091575
21.076000	0.048926
21.078000	0.093344
21.080000	0.021754
21.082000	0.073006
21.084000	-0.020251
21.086000	0.060100
21.088000	0.016093
21.090000	0.067081
21.092000	0.201783
21.094000	0.183416
21.096000	0.083607
21.098000	0.072179
21.100000	-0.129614
21.102000	0.254129
21.104000	0.174936
21.106000	0.239536
21.108000	0.157383
21.110000	0.121469
21.112000	0.129984
21.114000	0.138412
21.116000	0.121945
21.118000	0.151951
21.120000	0.085853
21.122000	0.050975
21.124000	0.009172
21.126000	0.109059
21.128000	0.091937
21.130000	0.164640
21.132000	-0.014022
21.134000	0.165775
21.136000	0.197135
21.138000	0.190241
21.140000	0.315799
21.142000	-0.004395
21.144000	0.277267
21.146000	0.323957
21.148000	0.254518
21.150000	0.110607
21.152000	0.287921
21.154000	0.036934
21.156000	0.234684
21.158000	0.272369
21.160000	0.274083
21.162000	0.005139
21.164000	0.234800
21.166000	0.282825
21.168000	0.200767
21.170000	0.347095
21.172000	0.438405
21.174000	0.087943
21.176000	0.303950
21.178000	0.297273
21.180000	0.251661
21.182000	0.368897
21.184000	0.171137
21.186000	0.301841
21.188000	0.328159
21.190000	0.324704
21.192000	0.326591
21.194000	0.176048
21.196000	0.307519
21.198000	0.214297
21.200000	0.116902
21.202000	0.113796
21.204000	0.220899
21.206000	0.169503
21.208000	0.035721
21.210000	0.083316
21.212000	-0.005939
21.214000	-0.041217
21.216000	0.205655
21.218000	0.120362
21.220000	0.145694
21.222000	0.078820
21.224000	-0.024044
21.226000	0.050139
21.228000	-0.130128
21.230000	0.079314
21.232000	-0.177278
21.234000	-0.007849
21.236000	-0.199038
21.238000	0.094600
21.240000	-0.101707
21.242000	-0.076931
21.244000	-0.127654
21.246000	-0.219443
21.248000	-0.164284
21.250000	-0.164692
21.252000	-0.027675
21.254000	-0.126910
21.256000	-0.341143
21.258000	-0.169768
21.260000	-0.188725
21.262000	-0.247720
21.264000	-0.039031
21.266000	-0.098637
21.268000	-0.106000
21.270000	-0.152491
21.272000	-0.084592
21.274000	-0.208929
21.276000	-0.215639
21.278000	-0.075280
21.280000	-0.051601
21.282000	-0.264877
21.284000	-0.180343
21.286000	-0.360112
21.288000	-0.152705
21.290000	0.022548
21.292000	-0.158505
21.294000	-0.081513
21.296000	-0.235322
21.298000	-0.254285
21.300000	-0.054255
21.302000	-0.046442
21.304000	-0.080532
21.306000	-0.049734
21.308000	-0.186066
21.310000	-0.095966
21.312000	-0.128540
21.314000	-0.243885
21.316000	-0.082514
21.318000	-0.232176
21.320000	-0.116603
21.322000	-0.251650
21.324000	-0.100412
21.326000	-0.034170
21.328000	-0.042296
21.330000	-0.181442
21.332000	-0.068690
21.334000	-0.072396
21.336000	-0.077963
21.338000	-0.028955
21.340000	-0.069946
21.342000	-0.003915
21.344000	0.047487
21.346000	-0.178134
21.348000	-0.254947
21.350000	-0.129688
21.352000	-0.057341
21.354000	0.011565
21.356000	-0.040612
21.358000	-0.038206
21.360000	0.162054
21.362000	-0.056862
21.364000	-0.093673
21.366000	-0.147612
21.368000	-0.258608
21.370000	0.043648
21.372000	-0.129168
21.374000	0.034025
21.376000	-0.074616
21.378000	0.048913
21.380000	-0.029898
21.382000	-0.066078
21.384000	-0.078042
21.386000	0.034294
21.388000	0.048440
21.390000	0.023864
21.392000	-0.085026
21.394000	-0.032239
21.396000	0.047265
21.398000	0.056512
21.400000	0.113692
21.402000	0.118811
21.404000	-0.029117
21.406000	-0.343507
21.408000	0.112943
21.410000	0.112031
21.412000	-0.038104
21.414000	0.091726
21.416000	-0.040942
21.418000	-0.208164
21.420000	-0.111856
21.422000	0.028792
21.424000	-0.158579
21.426000	-0.160265
21.428000	0.039904
21.430000	-0.026113
21.432000	-0.015558
21.434000	0.050023
21.436000	0.176676
21.438000	0.034490
21.440000	0.037337
21.442000	-0.040812
21.444000	-0.053381
21.446000	0.229575
21.448000	-0.122004
21.450000	-0.131716
21.452000	-0.027943
21.454000	-0.185254
21.456000	0.139055
21.458000	-0.144656
21.460000	0.251923
21.462000	-0.096333
21.464000	-0.125711
21.466000	-0.096101
21.468000	0.108761
21.470000	0.161326
21.472000	-0.203358
21.474000	-0.026514
21.476000	-0.165654
21.478000	-0.093532
21.480000	-0.106406
21.482000	-0.046219
21.484000	-0.100202
21.486000	-0.097118
21.488000	0.022205
21.490000	0.134678
21.492000	-0.053502
21.494000	0.007991
21.496000	0.006955
21.498000	0.021146
21.500000	0.193075
21.502000	0.021624
21.504000	0.036848
21.506000	-0.243472
21.508000	-0.274057
21.510000	-0.086568
21.512000	-0.133378
21.514000	-0.364920
21.516000	-0.339779
21.518000	-0.192733
21.520000	0.034239
21.522000	-0.292292
21.524000	-0.224757
21.526000	-0.329476
21.528000	-0.216028
21.530000	-0.368142
21.532000	-0.169581
21.534000	0.108132
21.536000	-0.279173
21.538000	-0.228153
21.540000	-0.138492
21.542000	-0.212202
21.544000	-0.490337
21.546000	-0.147714
21.548000	-0.143464
21.550000	-0.237112
21.552000	-0.270568
21.554000	-0.080591
21.556000	-0.159717
21.558000	-0.055880
21.560000	-0.173457
21.562000	-0.365052
21.564000	-0.125400
21.566000	-0.321789
21.568000	-0.037476
21.570000	-0.376389
21.572000	-0.182357
21.574000	-0.233142
21.576000	-0.297427
21.578000	-0.388442
21.580000	-0.305073
21.582000	-0.331547
21.584000	-0.118120
21.586000	-0.284367
21.588000	-0.005806
21.590000	0.065173
21.592000	-0.212557
21.594000	-0.213510
21.596000	-0.407492
21.598000	-0.380098
21.600000	-0.116207
21.602000	-0.072222
21.604000	-0.366058
21.606000	-0.144527
21.608000	-0.462707
21.610000	-0.266041
21.612000	-0.186048
21.614000	-0.189842
21.616000	-0.122244
21.618000	-0.201146
21.620000	-0.234604
21.622000	-0.090004
21.624000	-0.473247
21.626000	-0.234710
21.628000	-0.136248
21.630000	-0.186584
21.632000	-0.243468
21.634000	-0.343771
21.636000	-0.465892
21.638000	-0.214444
21.640000	-0.369255
21.642000	-0.379380
21.644000	-0.312648
21.646000	-0.256525
21.648000	-0.056643
21.650000	0.009748
21.652000	-0.305886
21.654000	-0.192531
21.656000	-0.333492
21.658000	-0.417546
21.660000	-0.488568
21.662000	-0.232752
21.664000	-0.316818
21.666000	-0.128700
21.668000	-0.317867
21.670000	-0.260056
21.672000	-0.286680
21.674000	0.052382
21.676000	-0.217746
21.678000	-0.268433
21.680000	-0.292102
21.682000	-0.318705
21.684000	-0.396509
21.686000	-0.172911
21.688000	-0.053064
21.690000	-0.208994
21.692000	-0.257404
21.694000	-0.265061
21.696000	-0.385617
21.698000	-0.186333
21.700000	0.014012
21.702000	-0.413841
21.704000	-0.142219
21.706000	0.038328
21.708000	-0.285785
21.710000	-0.346331
21.712000	-0.189618
21.714000	0.075962
21.716000	-0.369788
21.718000	-0.162298
21.720000	-0.292992
21.722000	-0.158019
21.724000	-0.197823
21.726000	-0.242467
21.728000	-0.206164
21.730000	-0.256750
21.732000	-0.142611
21.734000	-0.205705
21.736000	-0.285597
21.738000	-0.186605
21.740000	-0.174376
21.742000	-0.333614
21.744000	0.052598
21.746000	-0.355953
21.748000	0.200977
21.750000	-0.379066
21.752000	-0.321433
21.754000	-0.141275
21.756000	-0.180248
21.758000	0.069390
21.760000	-0.316791
21.762000	-0.164707
21.764000	-0.442886
21.766000	-0.384421
21.768000	-0.262109
21.770000	-0.114428
21.772000	-0.290902
21.774000	-0.009696
21.776000	-0.093906
21.778000	-0.046071
21.780000	-0.402468
21.782000	-0.107119
21.784000	-0.200110
21.786000	0.043200
21.788000	-0.134974
21.790000	-0.013023
21.792000	-0.181971
21.794000	-0.278065
21.796000	-0.012255
21.798000	-0.068571
21.800000	0.108160
21.802000	-0.329936
21.804000	-0.243232
21.806000	-0.098165
21.808000	0.004591
21.810000	0.075657
21.812000	-0.140281
21.814000	-0.155067
21.816000	0.043570
21.818000	-0.195448
21.820000	-0.192021
21.822000	-0.018509
21.824000	-0.309608
21.826000	-0.052412
21.828000	-0.310391
21.830000	-0.358570
21.832000	-0.317692
21.834000	-0.249484
21.836000	-0.070535
21.838000	-0.234132
21.840000	-0.342946
21.842000	0.037553
21.844000	0.016008
21.846000	0.076108
21.848000	-0.180271
21.850000	0.062150
21.852000	-0.302540
21.854000	-0.000209
21.856000	0.140338
21.858000	-0.122146
21.860000	0.074582
21.862000	0.081435
21.864000	-0.192880
21.866000	-0.109580
21.868000	-0.153060
21.870000	-0.235123
21.872000	-0.123037
21.874000	-0.021193
21.876000	-0.066593
21.878000	0.011192
21.880000	0.040950
21.882000	0.017592
21.884000	-0.182898
21.886000	-0.007869
21.888000	-0.055814
21.890000	-0.089117
21.892000	0.208343
21.894000	-0.199604
21.896000	-0.234645
21.898000	-0.194518
21.900000	-0.277159
21.902000	-0.200812
21.904000	-0.101585
21.906000	0.057735
21.908000	0.017536
21.910000	-0.052912
21.912000	0.021790
21.914000	-0.032262
21.916000	0.189634
21.918000	0.030584
21.920000	-0.157155
21.922000	-0.051557
21.924000	-0.036856
21.926000	0.032848
21.928000	0.097474
21.930000	-0.013045
21.932000	-0.010770
21.934000	-0.123518
21.936000	0.077360
21.938000	-0.050230
21.940000	-0.005553
21.942000	-0.007461
21.944000	0.239919
21.946000	-0.255263
21.948000	-0.071605
21.950000	0.060688
21.952000	-0.189790
21.954000	-0.070167
21.956000	-0.016866
21.958000	-0.098332
21.960000	-0.049619
21.962000	0.316302
21.964000	-0.325459
21.966000	0.119610
21.968000	0.041411
21.970000	-0.046083
21.972000	-0.197448
21.974000	-0.096638
21.976000	-0.275138
21.978000	-0.065772
21.980000	-0.021504
21.982000	0.004047
21.984000	-0.091251
21.986000	0.113246
21.988000	0.137166
21.990000	0.098596
21.992000	-0.328940
21.994000	-0.072868
21.996000	0.064943
21.998000	0.122335
22.000000	0.018660
22.002000	0.007709
22.004000	0.224129
22.006000	-0.067677
22.008000	0.184554
22.010000	0.110893
22.012000	-0.082520
22.014000	0.136237
22.016000	-0.047250
22.018000	0.000083
22.020000	-0.261449
22.022000	0.032768
22.024000	-0.562777
22.026000	0.820790
22.028000	0.384189
22.030000	-0.130782
22.032000	0.129749
22.034000	-0.177905
22.036000	0.048813
22.038000	0.050085
22.040000	-0.150619
22.042000	-0.258441
22.044000	-0.275788
22.046000	-0.149176
22.048000	-0.167365
22.050000	0.036356
22.052000	0.084876
22.054000	-0.317040
22.056000	0.289199
22.058000	-0.227225
22.060000	0.026413
22.062000	-0.244917
22.064000	-0.410424
22.066000	-0.033148
22.068000	-0.734232
22.070000	0.592159
22.072000	-0.536899
22.074000	0.069432
22.076000	-0.234385
22.078000	0.806570
22.080000	0.846556
22.082000	0.662872
22.084000	0.801240
22.086000	0.975213
22.088000	0.792346
22.090000	1.085737
22.092000	1.617267
22.094000	1.616456
22.096000	1.621557
22.098000	1.539083
22.100000	1.485916
22.102000	1.039403
22.104000	0.634511
22.106000	0.351798
22.108000	0.727327
22.110000	0.169573
22.112000	-0.162622
22.114000	-0.420677
22.116000	-0.078552
22.118000	-0.797730
22.120000	-0.103075
22.122000	-0.521902
22.124000	-0.278016
22.126000	-0.359595
22.128000	-0.494092
22.130000	-0.591096
22.132000	-0.344526
22.134000	-0.360475
22.136000	-0.331957
22.138000	-0.300961
22.140000	0.431626
22.142000	0.020556
22.144000	-0.039611
22.146000	0.324255
22.148000	-0.170537
22.150000	0.089127
22.152000	0.572231
22.154000	-0.250856
22.156000	0.378805
22.158000	0.186382
22.160000	0.098309
22.162000	-0.063532
22.164000	0.227522
22.166000	0.272570
22.168000	0.211007
22.170000	-0.605758
22.172000	0.112509
22.174000	0.618552
22.176000	-0.318384
22.178000	-0.153986
22.180000	-0.082915
22.182000	0.222285
22.184000	-0.121238
22.186000	-0.577753
22.188000	-0.304947
22.190000	-0.081323
22.192000	-0.160584
22.194000	-0.323427
22.196000	0.370340
22.198000	0.356955
22.200000	-0.122298
22.202000	-0.002403
22.204000	0.332375
22.206000	0.215180
22.208000	0.726616
22.210000	0.238306
22.212000	0.054022
22.214000	-0.112522
22.216000	0.091934
22.218000	-0.507317
22.220000	0.002145
22.222000	0.059308
22.224000	0.020936
22.226000	0.221773
22.228000	0.131370
22.230000	-0.012126
22.232000	-0.023512
22.234000	-0.315260
22.236000	-0.229102
22.238000	0.493262
22.240000	0.073864
22.242000	0.338079
22.244000	-0.444997
22.246000	-0.211258
22.248000	-0.009986
22.250000	0.290296
22.252000	-0.126994
22.254000	0.190105
22.256000	-0.366555
22.258000	0.645297
22.260000	0.013690
22.262000	-0.070456
22.264000	-0.187282
22.266000	-0.316006
22.268000	0.233150
22.270000	0.237613
22.272000	0.375318
22.274000	0.281211
22.276000	0.651249
22.278000	0.438283
22.280000	-0.135395
22.282000	-0.218423
22.284000	0.419501
22.286000	0.374962
22.288000	0.210480
22.290000	0.179654
22.292000	0.295696
22.294000	-0.192089
22.296000	0.274887
22.298000	-0.263167
22.300000	-0.148543
22.302000	-0.513795
22.304000	0.146986
22.306000	0.476173
22.308000	0.143318
22.310000	0.295315
22.312000	0.144503
22.314000	0.303150
22.316000	0.083815
22.318000	0.113342
22.320000	0.205427
22.322000	-0.064564
22.324000	0.097877
22.326000	0.069263
22.328000	0.067054
22.330000	0.060830
22.332000	0.169921
22.334000	-0.105888
22.336000	0.475543
22.338000	0.010588
22.340000	0.366505
22.342000	0.828723
22.344000	0.571748
22.346000	0.643934
22.348000	0.441703
22.350000	0.480219
22.352000	-0.130809
22.354000	0.195488
22.356000	0.201856
22.358000	0.388027
22.360000	0.170552
22.362000	-0.112307
22.364000	0.680965
22.366000	0.352687
22.368000	0.139764
22.370000	0.251568
22.372000	-0.084557
22.374000	0.082889
22.376000	0.183529
22.378000	0.153787
22.380000	-0.125418
22.382000	0.569986
22.384000	-0.128770
22.386000	0.229134
22.388000	0.425973
22.390000	0.416370
22.392000	0.321313
22.394000	0.140633
22.396000	0.016157
22.398000	-0.030465
22.400000	-0.398377
22.402000	0.178420
22.404000	0.082938
22.406000	0.307186
22.408000	-0.157010
22.410000	0.085747
22.412000	-0.139024
22.414000	-0.244750
22.416000	0.184679
22.418000	-0.669724
22.420000	-0.125837
22.422000	-0.334307
22.424000	-0.124296
22.426000	-0.233476
22.428000	-0.437095
22.430000	-0.019461
22.432000	-0.312375
22.434000	-0.017638
22.436000	-0.539814
22.438000	-0.531905
22.440000	-0.252288
22.442000	0.119686
22.444000	0.252639
22.446000	-0.025124
22.448000	-0.254098
22.450000	-0.318384
22.452000	-0.264670
22.454000	-0.507535
22.456000	-0.200288
22.458000	0.195665
22.460000	-0.350026
22.462000	-0.474784
22.464000	-0.085229
22.466000	-0.335966
22.468000	0.384591
22.470000	-0.052890
22.472000	-0.223303
22.474000	-0.503177
22.476000	-0.075559
22.478000	0.029107
22.480000	-0.099218
22.482000	0.223453
22.484000	-0.768716
22.486000	0.464349
22.488000	0.177026
22.490000	-0.210482
22.492000	-0.354434
22.494000	-0.240068
22.496000	-0.295398
22.498000	0.564469
22.500000	-0.091584
22.502000	0.213039
22.504000	0.515262
22.506000	-0.150149
22.508000	0.187502
22.510000	-0.206917
22.512000	-0.260202
22.514000	-0.051660
22.516000	0.168411
22.518000	-0.219917
22.520000	-0.128434
22.522000	-0.576281
22.524000	0.104400
22.526000	-0.289389
22.528000	0.001155
22.530000	-0.112090
22.532000	-0.139135
22.534000	-0.065701
22.536000	-0.071918
22.538000	-0.160422
22.540000	-0.155784
22.542000	-0.101403
22.544000	0.018262
22.546000	-0.146584
22.548000	-0.088451
22.550000	-0.157520
22.552000	-0.085276
22.554000	-0.157148
22.556000	-0.075953
22.558000	0.068209
22.560000	-0.148570
22.562000	-0.099091
22.564000	-0.030549
22.566000	-0.105033
22.568000	-0.219006
22.570000	-0.068895
22.572000	-0.057838
22.574000	-0.103832
22.576000	-0.119839
22.578000	-0.008224
22.580000	-0.040091
22.582000	-0.034493
22.584000	-0.055664
22.586000	-0.146006
22.588000	-0.045440
22.590000	-0.135103
22.592000	0.003810
22.594000	-0.167799
22.596000	-0.059681
22.598000	-0.094061
22.600000	-0.127428
22.602000	-0.164219
22.604000	-0.093798
22.606000	-0.160276
22.608000	-0.041718
22.610000	-0.122776
22.612000	-0.000466
22.614000	0.031496
22.616000	-0.082400
22.618000	-0.094607
22.620000	-0.163590
22.622000	-0.148264
22.624000	-0.050351
22.626000	-0.023590
22.628000	-0.157929
22.630000	-0.049154
22.632000	-0.209655
22.634000	-0.119288
22.636000	-0.070590
22.638000	-0.061533
22.640000	-0.054905
22.642000	-0.069914
22.644000	-0.115448
22.646000	-0.028434
22.648000	-0.219298
22.650000	-0.094357
22.652000	-0.061167
22.654000	-0.080771
22.656000	-0.098756
22.658000	-0.154910
22.660000	-0.236118
22.662000	-0.084192
22.664000	-0.181817
22.666000	-0.191295
22.668000	-0.162512
22.670000	-0.122249
22.672000	-0.024266
22.674000	0.022828
22.676000	-0.137438
22.678000	-0.101765
22.680000	-0.168570
22.682000	-0.199172
22.684000	-0.236484
22.686000	-0.100814
22.688000	-0.174289
22.690000	-0.065288
22.692000	-0.161795
22.694000	-0.133340
22.696000	-0.152076
22.698000	0.006068
22.700000	-0.115599
22.702000	-0.125253
22.704000	-0.124257
22.706000	-0.151370
22.708000	-0.185420
22.710000	-0.093098
22.712000	-0.044650
22.714000	-0.109005
22.716000	-0.146989
22.718000	-0.145250
22.720000	-0.189224
22.722000	-0.088725
22.724000	-0.009281
22.726000	-0.210634
22.728000	-0.085776
22.730000	0.000067
22.732000	-0.173525
22.734000	-0.178676
22.736000	-0.095023
22.738000	0.001448
22.740000	-0.185896
22.742000	-0.091056
22.744000	-0.160041
22.746000	-0.102325
22.748000	-0.127248
22.750000	-0.157808
22.752000	-0.087847
22.754000	-0.154112
22.756000	-0.082832
22.758000	-0.108306
22.760000	-0.150549
22.762000	-0.085594
22.764000	-0.089303
22.766000	-0.161618
22.768000	0.012417
22.770000	-0.171654
22.772000	0.071936
22.774000	-0.184197
22.776000	-0.168505
22.778000	-0.063282
22.780000	-0.111740
22.782000	0.035025
22.784000	-0.161809
22.786000	-0.100045
22.788000	-0.207910
22.790000	-0.192105
22.792000	-0.184238
22.794000	-0.048064
22.796000	-0.148589
22.798000	-0.001857
22.800000	-0.044249
22.802000	-0.023712
22.804000	-0.205158
22.806000	-0.071745
22.808000	-0.117818
22.810000	-0.002588
22.812000	-0.064187
22.814000	-0.013027
22.816000	-0.088421
22.818000	-0.152477
22.820000	-0.025934
22.822000	-0.068568
22.824000	0.025595
22.826000	-0.162808
22.828000	-0.120698
22.830000	-0.046584
22.832000	-0.020344
22.834000	0.021512
22.836000	-0.067656
22.838000	-0.092043
22.840000	0.005251
22.842000	-0.124279
22.844000	-0.113256
22.846000	-0.027224
22.848000	-0.178982
22.850000	-0.044831
22.852000	-0.156809
22.854000	-0.192218
22.856000	-0.182096
22.858000	-0.156342
22.860000	-0.052185
22.862000	-0.143017
22.864000	-0.186091
22.866000	-0.000165
22.868000	-0.016126
22.870000	0.035144
22.872000	-0.122375
22.874000	0.022521
22.876000	-0.168579
22.878000	-0.016761
22.880000	0.052546
22.882000	-0.100193
22.884000	0.003527
22.886000	0.019018
22.888000	-0.128187
22.890000	-0.065831
22.892000	-0.081113
22.894000	-0.122377
22.896000	-0.074676
22.898000	-0.022872
22.900000	-0.057739
22.902000	-0.038234
22.904000	-0.002317
22.906000	0.012838
22.908000	-0.111062
22.910000	-0.025629
22.912000	-0.045819
22.914000	-0.077257
22.916000	0.091271
22.918000	-0.132915
22.920000	-0.137140
22.922000	-0.131789
22.924000	-0.135613
22.926000	-0.137160
22.928000	-0.076166
22.930000	-0.008864
22.932000	-0.000800
22.934000	-0.038980
22.936000	-0.012412
22.938000	-0.029040
22.940000	0.072225
22.942000	-0.034726
22.944000	-0.110304
22.946000	-0.045285
22.948000	-0.022725
22.950000	0.001419
22.952000	0.050773
22.954000	-0.014830
22.956000	0.001296
22.958000	-0.044102
22.960000	0.039793
22.962000	-0.034787
22.964000	0.007641
22.966000	0.002146
22.968000	0.145443
22.970000	-0.100683
22.972000	0.003169
22.974000	0.073485
22.976000	-0.067670
22.978000	-0.035858
22.980000	0.004714
22.982000	-0.010688
22.984000	-0.004114
22.986000	0.163713
22.988000	-0.140300
22.990000	0.050003
22.992000	0.038820
22.994000	-0.016423
22.996000	-0.073660
22.998000	-0.049753
23.000000	-0.133384
23.002000	-0.052176
23.004000	-0.004828
23.006000	0.015499
23.008000	-0.059549
23.010000	0.066753
23.012000	0.040021
23.014000	0.035069
23.016000	-0.147587
23.018000	-0.039363
23.020000	0.045433
23.022000	0.056895
23.024000	0.020015
23.026000	0.024001
23.028000	0.112671
23.030000	-0.028831
23.032000	0.113231
23.034000	0.054122
23.036000	-0.003599
23.038000	0.065128
23.040000	-0.003452
23.042000	-0.150355
23.044000	-0.216833
23.046000	0.339342
23.048000	-0.058404
23.050000	0.068049
23.052000	-0.189219
23.054000	-0.178685
23.056000	0.227753
23.058000	0.297083
23.060000	0.081131
23.062000	-0.092227
23.064000	-0.301489
23.066000	-0.333150
23.068000	0.093887
23.070000	-0.175202
23.072000	-0.147824
23.074000	-0.132428
23.076000	-0.302060
23.078000	-0.438039
23.080000	0.153391
23.082000	-0.095083
23.084000	-0.411968
23.086000	-0.027723
23.088000	-0.286331
23.090000	0.137325
23.092000	-0.284575
23.094000	0.103808
23.096000	-0.418386
23.098000	-0.344690
23.100000	-0.028769
23.102000	0.032074
23.104000	-0.534665
23.106000	0.135355
23.108000	0.365247
23.110000	0.076121
23.112000	0.113608
23.114000	-0.210395
23.116000	-0.223477
23.118000	0.232804
23.120000	-0.186412
23.122000	-0.169697
23.124000	-0.044749
23.126000	0.346137
23.128000	-0.469367
23.130000	-0.280861
23.132000	-0.230087
23.134000	-0.035638
23.136000	-0.141155
23.138000	-0.274649
23.140000	0.186310
23.142000	-0.114452
23.144000	-0.021266
23.146000	-0.104315
23.148000	0.610780
23.150000	0.198321
23.152000	0.326291
23.154000	0.155265
23.156000	0.545552
23.158000	0.063560
23.160000	-0.260893
23.162000	0.257578
23.164000	0.228987
23.166000	-0.409465
23.168000	-0.299635
23.170000	0.470076
23.172000	0.198734
23.174000	-0.276335
23.176000	0.536650
23.178000	0.366067
23.180000	0.609236
23.182000	-0.111779
23.184000	-0.076035
23.186000	0.006211
23.188000	0.278928
23.190000	0.090656
23.192000	0.121745
23.194000	-0.323634
23.196000	0.155797
23.198000	0.183610
23.200000	-0.205716
23.202000	0.163424
23.204000	-0.018597
23.206000	0.302331
23.208000	0.257616
23.210000	0.115917
23.212000	-0.283552
23.214000	-0.360137
23.216000	0.090511
23.218000	-0.469010
23.220000	-0.260477
23.222000	-0.187746
23.224000	-0.479053
23.226000	-0.355779
23.228000	-0.092519
23.230000	0.099607
23.232000	0.286156
23.234000	0.163591
23.236000	0.111439
23.238000	0.329691
23.240000	0.051593
23.242000	0.062351
23.244000	-0.056301
23.246000	-0.149310
23.248000	0.357903
23.250000	-0.066387
23.252000	0.002713
23.254000	0.233846
23.256000	0.023135
23.258000	0.296356
23.260000	-0.376479
23.262000	-0.445546
23.264000	-0.184757
23.266000	0.078405
23.268000	-0.271014
23.270000	-0.231693
23.272000	0.655955
23.274000	-0.239453
23.276000	-0.499974
23.278000	0.037219
23.280000	0.120875
23.282000	-0.015065
23.284000	0.515712
23.286000	-0.773081
23.288000	0.306904
23.290000	-0.140348
23.292000	0.432032
23.294000	-0.406905
23.296000	-0.116940
23.298000	0.323229
23.300000	-0.097243
23.302000	0.710767
23.304000	0.319000
23.306000	0.414526
23.308000	0.102435
23.310000	0.122095
23.312000	0.418086
23.314000	0.100700
23.316000	-0.147065
23.318000	0.030372
23.320000	0.194294
23.322000	0.063586
23.324000	0.178179
23.326000	-0.253028
23.328000	0.087665
23.330000	-0.059313
23.332000	0.282219
23.334000	0.143944
23.336000	0.129837
23.338000	-0.220187
23.340000	-0.181265
23.342000	-0.483541
23.344000	0.071176
23.346000	-0.235629
23.348000	0.146101
23.350000	-0.042431
23.352000	-0.355369
23.354000	0.225320
23.356000	0.603847
23.358000	0.187306
23.360000	0.528921
23.362000	-0.161293
23.364000	0.115247
23.366000	0.347681
23.368000	0.370957
23.370000	0.537105
23.372000	-0.017932
23.374000	0.187310
23.376000	0.492707
23.378000	0.936065
23.380000	0.581661
23.382000	0.404409
23.384000	0.901590
23.386000	1.457854
23.388000	1.640068
23.390000	1.634738
23.392000	1.286113
23.394000	1.325200
23.396000	1.124190
23.398000	0.941655
23.400000	1.423923
23.402000	-0.153527
23.404000	0.239566
23.406000	0.159228
23.408000	-0.632187
23.410000	-0.562805
23.412000	-1.033955
23.414000	-0.780164
23.416000	-1.160680
23.418000	-1.004585
23.420000	-0.590325
23.422000	-0.422906
23.424000	-0.611273
23.426000	-1.070300
23.428000	-0.890587
23.430000	-0.479163
23.432000	-0.470946
23.434000	-0.623555
23.436000	-0.371646
23.438000	-0.071254
23.440000	0.293460
23.442000	0.109889
23.444000	0.058949
23.446000	-0.202091
23.448000	-0.257904
23.450000	-0.097186
23.452000	-0.227445
23.454000	0.236035
23.456000	0.280771
23.458000	-0.522460
23.460000	-0.073429
23.462000	0.089995
23.464000	0.264641
23.466000	-0.212982
23.468000	-0.072536
23.470000	-0.624908
23.472000	-0.531588
23.474000	0.079415
23.476000	0.268860
23.478000	-0.028042
23.480000	-0.147087
23.482000	0.172417
23.484000	-0.031899
23.486000	-0.354599
23.488000	-0.260690
23.490000	-0.024825
23.492000	-0.319864
23.494000	-0.124302
23.496000	-0.014476
23.498000	-0.401710
23.500000	-0.038656
23.502000	0.014698
23.504000	-0.322585
23.506000	-0.036484
23.508000	-0.028596
23.510000	0.007562
23.512000	-0.214073
23.514000	-0.106990
23.516000	0.236993
23.518000	0.499983
23.520000	-0.083494
23.522000	0.380576
23.524000	0.390261
23.526000	-0.066818
23.528000	0.508930
23.530000	0.374509
23.532000	0.165399
23.534000	-0.267210
23.536000	-0.180944
23.538000	-0.022306
23.540000	-0.240935
23.542000	0.260653
23.544000	0.514754
23.546000	-0.183788
23.548000	-0.473098
23.550000	-0.466588
23.552000	-0.079528
23.554000	0.201732
23.556000	0.015914
23.558000	-0.028795
23.560000	-0.102626
23.562000	0.158053
23.564000	0.343042
23.566000	0.118668
23.568000	-0.092130
23.570000	0.174257
23.572000	0.185066
23.574000	0.057245
23.576000	0.330509
23.578000	0.244867
23.580000	-0.021454
23.582000	0.075369
23.584000	-0.096057
23.586000	0.083205
23.588000	0.020934
23.590000	-0.036213
23.592000	0.165677
23.594000	0.004451
23.596000	0.106581
23.598000	0.188122
23.600000	0.149161
23.602000	0.175474
23.604000	0.178439
23.606000	0.008225
23.608000	0.186883
23.610000	0.249439
23.612000	0.067820
23.614000	0.147879
23.616000	0.211130
23.618000	0.223852
23.620000	0.267801
23.622000	0.165464
23.624000	0.217066
23.626000	0.306340
23.628000	0.444408
23.630000	0.238096
23.632000	0.150339
23.634000	0.239658
23.636000	0.028725
23.638000	0.216642
23.640000	0.256566
23.642000	0.049646
23.644000	0.351342
23.646000	0.506812
23.648000	0.207065
23.650000	0.214482
23.652000	0.455923
23.654000	0.169823
23.656000	0.190010
23.658000	0.395826
23.660000	0.355463
23.662000	0.334093
23.664000	0.221648
23.666000	0.375300
23.668000	0.155998
23.670000	0.295842
23.672000	0.285733
23.674000	0.418997
23.676000	0.207909
23.678000	0.423425
23.680000	0.416645
23.682000	0.346219
23.684000	0.208553
23.686000	0.453318
23.688000	0.371789
23.690000	0.306772
23.692000	0.137057
23.694000	0.232452
23.696000	0.201629
23.698000	0.133866
23.700000	0.219978
23.702000	0.121343
23.704000	0.215539
23.706000	0.198461
23.708000	0.135167
23.710000	0.132376
23.712000	0.131798
23.714000	0.028808
23.716000	0.090066
23.718000	0.107752
23.720000	0.254762
23.722000	-0.136137
23.724000	0.053647
23.726000	0.002290
23.728000	0.093991
23.730000	-0.009755
23.732000	0.093338
23.734000	-0.017662
23.736000	-0.147642
23.738000	-0.083183
23.740000	-0.051586
23.742000	-0.025302
23.744000	0.001552
23.746000	-0.011360
23.748000	-0.234108
23.750000	0.066249
23.752000	-0.073583
23.754000	-0.225286
23.756000	-0.085659
23.758000	-0.049434
23.760000	0.072088
23.762000	-0.369487
23.764000	-0.029724
23.766000	-0.202306
23.768000	-0.018973
23.770000	-0.246731
23.772000	-0.118004
23.774000	-0.287782
23.776000	-0.039060
23.778000	-0.138111
23.780000	-0.190398
23.782000	-0.090911
23.784000	-0.121993
23.786000	-0.112368
23.788000	-0.203442
23.790000	0.163394
23.792000	-0.215180
23.794000	0.039507
23.796000	-0.291660
23.798000	0.135844
23.800000	-0.081555
23.802000	0.004443
23.804000	-0.217994
23.806000	-0.092897
23.808000	-0.029913
23.810000	-0.176808
23.812000	0.138346
23.814000	0.049675
23.816000	-0.325701
23.818000	-0.045407
23.820000	0.070512
23.822000	-0.038660
23.824000	-0.077612
23.826000	-0.099985
23.828000	0.012938
23.830000	-0.133479
23.832000	-0.014812
23.834000	-0.260617
23.836000	-0.007731
23.838000	-0.111742
23.840000	0.086222
23.842000	-0.163719
23.844000	-0.135766
23.846000	-0.217811
23.848000	-0.180928
23.850000	0.139340
23.852000	-0.054525
23.854000	0.019753
23.856000	-0.063711
23.858000	-0.104758
23.860000	-0.017133
23.862000	0.173319
23.864000	0.034749
23.866000	-0.109257
23.868000	-0.100183
23.870000	-0.018995
23.872000	0.131100
23.874000	-0.159988
23.876000	0.111687
23.878000	-0.003049
23.880000	0.064648
23.882000	-0.192767
23.884000	-0.043204
23.886000	0.010880
23.888000	0.116539
23.890000	-0.041950
23.892000	-0.043062
23.894000	0.073676
23.896000	-0.012329
23.898000	0.038646
23.900000	-0.059674
23.902000	-0.023812
23.904000	0.068083
23.906000	-0.043249
23.908000	-0.218991
23.910000	-0.108057
23.912000	-0.014711
23.914000	0.098844
23.916000	0.136265
23.918000	-0.098630
23.920000	0.148898
23.922000	-0.102768
23.924000	-0.136573
23.926000	-0.223266
23.928000	-0.093190
23.930000	0.033200
23.932000	-0.100201
23.934000	-0.056654
23.936000	-0.124154
23.938000	-0.151171
23.940000	-0.105022
23.942000	0.002343
23.944000	0.051319
23.946000	-0.194022
23.948000	0.137260
23.950000	-0.122025
23.952000	-0.112487
23.954000	-0.063673
23.956000	-0.048325
23.958000	0.036621
23.960000	-0.039860
23.962000	-0.048744
23.964000	-0.171212
23.966000	-0.205983
23.968000	0.111586
23.970000	-0.061765
23.972000	-0.042775
23.974000	-0.015341
23.976000	-0.069386
23.978000	-0.154410
23.980000	-0.193410
23.982000	0.140864
23.984000	-0.043134
23.986000	-0.163777
23.988000	-0.075668
23.990000	-0.088435
23.992000	-0.093279
23.994000	0.042223
23.996000	0.146428
23.998000	0.126998
24.000000	0.041361
24.002000	-0.204877
24.004000	-0.041144
24.006000	0.048192
24.008000	-0.011158
24.010000	-0.098015
24.012000	0.250758
24.014000	-0.229840
24.016000	0.138795
24.018000	-0.146338
24.020000	0.219793
24.022000	-0.082406
24.024000	0.050467
24.026000	-0.128470
24.028000	0.026012
24.030000	-0.075045
24.032000	-0.133881
24.034000	-0.010962
24.036000	-0.118424
24.038000	0.002813
24.040000	0.136935
24.042000	0.024719
24.044000	-0.035087
24.046000	-0.052703
24.048000	0.028475
24.050000	-0.011180
24.052000	-0.053660
24.054000	-0.013191
24.056000	0.159890
24.058000	-0.128175
24.060000	0.251993
24.062000	-0.006544
24.064000	0.012173
24.066000	-0.132161
24.068000	-0.140496
24.070000	-0.050661
24.072000	-0.074588
24.074000	-0.186764
24.076000	-0.178894
24.078000	-0.127650
24.080000	0.015954
24.082000	-0.171995
24.084000	-0.118158
24.086000	-0.181785
24.088000	-0.122489
24.090000	-0.188074
24.092000	-0.083082
24.094000	0.029028
24.096000	-0.156530
24.098000	-0.125864
24.100000	-0.069985
24.102000	-0.104405
24.104000	-0.245567
24.106000	-0.067106
24.108000	-0.081505
24.110000	-0.135207
24.112000	-0.158833
24.114000	-0.054748
24.116000	-0.067752
24.118000	-0.036872
24.120000	-0.112993
24.122000	-0.188061
24.124000	-0.054193
24.126000	-0.179801
24.128000	-0.032226
24.130000	-0.200219
24.132000	-0.088795
24.134000	-0.118355
24.136000	-0.154936
24.138000	-0.204674
24.140000	-0.161483
24.142000	-0.187310
24.144000	-0.064441
24.146000	-0.157668
24.148000	-0.016711
24.150000	0.017261
24.152000	-0.123295
24.154000	-0.098210
24.156000	-0.214359
24.158000	-0.202003
24.160000	-0.085354
24.162000	-0.056827
24.164000	-0.200061
24.166000	-0.068264
24.168000	-0.240233
24.170000	-0.138610
24.172000	-0.099059
24.174000	-0.098885
24.176000	-0.067228
24.178000	-0.105890
24.180000	-0.114537
24.182000	-0.061092
24.184000	-0.239960
24.186000	-0.125208
24.188000	-0.067322
24.190000	-0.104906
24.192000	-0.133022
24.194000	-0.177898
24.196000	-0.243660
24.198000	-0.116639
24.200000	-0.204332
24.202000	-0.192925
24.204000	-0.151572
24.206000	-0.123871
24.208000	-0.040725
24.210000	0.002175
24.212000	-0.162382
24.214000	-0.103257
24.216000	-0.165308
24.218000	-0.203579
24.220000	-0.240685
24.222000	-0.112426
24.224000	-0.176540
24.226000	-0.057162
24.228000	-0.171558
24.230000	-0.153265
24.232000	-0.139274
24.234000	0.050543
24.236000	-0.112156
24.238000	-0.133169
24.240000	-0.136525
24.242000	-0.154655
24.244000	-0.210023
24.246000	-0.081971
24.248000	-0.019858
24.250000	-0.096663
24.252000	-0.127982
24.254000	-0.139086
24.256000	-0.185536
24.258000	-0.086377
24.260000	0.012249
24.262000	-0.218679
24.264000	-0.083298
24.266000	-0.001032
24.268000	-0.159933
24.270000	-0.170766
24.272000	-0.106609
24.274000	0.039933
24.276000	-0.194106
24.278000	-0.061038
24.280000	-0.138360
24.282000	-0.074390
24.284000	-0.102811
24.286000	-0.114875
24.288000	-0.089624
24.290000	-0.133652
24.292000	-0.060201
24.294000	-0.090278
24.296000	-0.121044
24.298000	-0.072468
24.300000	-0.071673
24.302000	-0.183085
24.304000	0.037073
24.306000	-0.188630
24.308000	0.102747
24.310000	-0.190703
24.312000	-0.153853
24.314000	-0.058464
24.316000	-0.087324
24.318000	0.042464
24.320000	-0.152126
24.322000	-0.081253
24.324000	-0.228069
24.326000	-0.197080
24.328000	-0.144872
24.330000	-0.041192
24.332000	-0.137736
24.334000	0.002827
24.336000	-0.027536
24.338000	-0.004891
24.340000	-0.204250
24.342000	-0.038202
24.344000	-0.098220
24.346000	0.051511
24.348000	-0.054643
24.350000	0.016888
24.352000	-0.112221
24.354000	-0.130328
24.356000	-0.002267
24.358000	-0.025021
24.360000	0.061215
24.362000	-0.176657
24.364000	-0.103283
24.366000	-0.046686
24.368000	-0.002467
24.370000	0.032016
24.372000	-0.066481
24.374000	-0.093960
24.376000	0.016807
24.378000	-0.101002
24.380000	-0.080445
24.382000	-0.013839
24.384000	-0.172458
24.386000	-0.015884
24.388000	-0.168481
24.390000	-0.190157
24.392000	-0.166719
24.394000	-0.139794
24.396000	-0.056998
24.398000	-0.132370
24.400000	-0.186320
24.402000	0.012558
24.404000	-0.009267
24.406000	0.026032
24.408000	-0.109119
24.410000	0.030447
24.412000	-0.142658
24.414000	-0.002073
24.416000	0.043879
24.418000	-0.078939
24.420000	0.033809
24.422000	0.049729
24.424000	-0.118882
24.426000	-0.077638
24.428000	-0.089265
24.430000	-0.108306
24.432000	-0.103484
24.434000	-0.004967
24.436000	-0.041450
24.438000	-0.005928
24.440000	0.005743
24.442000	0.008124
24.444000	-0.100832
24.446000	-0.020409
24.448000	-0.025088
24.450000	-0.053025
24.452000	0.089051
24.454000	-0.128317
24.456000	-0.130053
24.458000	-0.117236
24.460000	-0.147094
24.462000	-0.122272
24.464000	-0.064599
24.466000	0.006038
24.468000	0.002436
24.470000	-0.044736
24.472000	-0.006730
24.474000	-0.034244
24.476000	0.070426
24.478000	-0.006842
24.480000	-0.126903
24.482000	-0.033583
24.484000	-0.009720
24.486000	0.017537
24.488000	0.076444
24.490000	0.019142
24.492000	0.029300
24.494000	-0.066071
24.496000	0.063458
24.498000	-0.001442
24.500000	0.018195
24.502000	0.023904
24.504000	0.161898
24.506000	-0.095436
24.508000	-0.003456
24.510000	0.063512
24.512000	-0.060267
24.514000	-0.013140
24.516000	0.015962
24.518000	-0.014850
24.520000	0.016475
24.522000	0.196099
24.524000	-0.137386
24.526000	0.110078
24.528000	0.064137
24.530000	0.028897
24.532000	-0.089441
24.534000	-0.044713
24.536000	-0.140603
24.538000	-0.028205
24.540000	-0.007679
24.542000	0.030116
24.544000	-0.026657
24.546000	0.041966
24.548000	0.066362
24.550000	0.019767
24.552000	-0.178393
24.554000	-0.066040
24.556000	0.007386
24.558000	0.035546
24.560000	-0.024982
24.562000	0.005437
24.564000	0.094539
24.566000	-0.040129
24.568000	0.088409
24.570000	0.053505
24.572000	-0.048306
24.574000	0.074245
24.576000	-0.460000
24.578000	0.192243
24.580000	-0.023979
24.582000	0.197388
24.584000	-0.252535
24.586000	-0.374457
24.588000	-0.012393
24.590000	0.266729
24.592000	-0.256026
24.594000	0.200351
24.596000	-0.020103
24.598000	-0.059105
24.600000	-0.085293
24.602000	-0.047100
24.604000	-0.040604
24.606000	-0.135982
24.608000	-0.183845
24.610000	0.200548
24.612000	-0.102770
24.614000	-0.055394
24.616000	-0.100126
24.618000	0.137177
24.620000	0.005890
24.622000	0.217303
24.624000	0.006126
24.626000	-0.108766
24.628000	0.021819
24.630000	0.108489
24.632000	0.376878
24.634000	0.125339
24.636000	-0.492620
24.638000	0.141113
24.640000	-0.329208
24.642000	0.505836
24.644000	0.380976
24.646000	-0.254161
24.648000	0.106449
24.650000	0.152576
24.652000	-0.154975
24.654000	0.495534
24.656000	-0.302420
24.658000	0.205960
24.660000	-0.718696
24.662000	-0.074842
24.664000	-0.172860
24.666000	-0.183123
24.668000	-0.015702
24.670000	0.275540
24.672000	0.546054
24.674000	-0.181758
24.676000	0.638073
24.678000	0.154418
24.680000	0.323386
24.682000	1.014345
24.684000	1.507554
24.686000	1.319000
24.688000	1.816892
24.690000	1.710353
24.692000	1.719433
24.694000	2.426536
24.696000	1.646761
24.698000	1.743404
24.700000	1.206124
24.702000	1.568564
24.704000	1.160353
24.706000	0.379060
24.708000	0.162263
24.710000	-0.124980
24.712000	0.179989
24.714000	-0.236255
24.716000	-0.570519
24.718000	-0.748195
24.720000	-0.827073
24.722000	-0.906212
24.724000	-0.908666
24.726000	-0.549770
24.728000	-0.244525
24.730000	-0.226397
24.732000	-0.532575
24.734000	-0.369812
24.736000	-0.078333
24.738000	-0.162083
24.740000	0.172347
24.742000	0.043749
24.744000	0.512337
24.746000	-0.217676
24.748000	0.114574
24.750000	-0.361907
24.752000	0.030844
24.754000	-0.216061
24.756000	-0.119039
24.758000	0.127566
24.760000	-0.086491
24.762000	-0.033119
24.764000	0.145385
24.766000	-0.017658
24.768000	-0.177934
24.770000	0.108341
24.772000	-0.070202
24.774000	0.052942
24.776000	-0.048339
24.778000	0.053703
24.780000	0.371968
24.782000	-0.340590
24.784000	0.275833
24.786000	-0.147523
24.788000	0.126416
24.790000	-0.083453
24.792000	0.716810
24.794000	0.032464
24.796000	0.442368
24.798000	-0.141916
24.800000	-0.223229
24.802000	0.315077
24.804000	0.077022
24.806000	-0.292959
24.808000	0.161910
24.810000	-0.102206
24.812000	0.084303
24.814000	0.771774
24.816000	0.659323
24.818000	0.024173
24.820000	-0.261124
24.822000	0.368984
24.824000	-0.162181
24.826000	0.476317
24.828000	0.194849
24.830000	-0.175280
24.832000	0.367804
24.834000	-0.297422
24.836000	0.027059
24.838000	0.359094
24.840000	0.632108
24.842000	-0.450062
24.844000	0.153042
24.846000	-0.223560
24.848000	0.095092
24.850000	-0.222253
24.852000	-0.215821
24.854000	-0.185232
24.856000	-0.181776
24.858000	-0.102952
24.860000	0.128275
24.862000	-0.012459
24.864000	0.215103
24.866000	0.030162
24.868000	-0.219542
24.870000	-0.151217
24.872000	-0.211983
24.874000	0.188806
24.876000	0.236307
24.878000	0.133481
24.880000	-0.449469
24.882000	0.424123
24.884000	0.016789
24.886000	0.388767
24.888000	-0.068873
24.890000	-0.024580
24.892000	0.067926
24.894000	0.064706
24.896000	0.800357
24.898000	-0.162461
24.900000	0.097906
24.902000	0.265269
24.904000	0.522477
24.906000	0.242115
24.908000	-0.028049
24.910000	0.548138
24.912000	0.505693
24.914000	0.374187
24.916000	-0.257043
24.918000	-0.130038
24.920000	0.434485
24.922000	-0.105751
24.924000	0.341244
24.926000	0.032807
24.928000	0.404132
24.930000	0.388065
24.932000	0.530767
24.934000	0.043363
24.936000	0.245941
24.938000	0.648699
24.940000	0.372535
24.942000	-0.360867
24.944000	0.169249
24.946000	0.212867
24.948000	-0.385669
24.950000	0.073127
24.952000	0.024259
24.954000	0.046913
24.956000	-0.089088
24.958000	0.511614
24.960000	-0.349537
24.962000	0.005520
24.964000	-0.356553
24.966000	0.042262
24.968000	0.696578
24.970000	-0.078650
24.972000	0.174325
24.974000	0.218486
24.976000	0.166834
24.978000	0.351802
24.980000	-0.231240
24.982000	0.146436
24.984000	-0.196705
24.986000	-0.203400
24.988000	-0.234660
24.990000	0.209071
24.992000	0.799762
24.994000	0.212616
24.996000	-0.097148
24.998000	-0.076698
25.000000	-0.715493
25.002000	0.175806
25.004000	-0.085252
25.006000	0.214389
25.008000	-0.114047
25.010000	-0.049971
25.012000	0.049932
25.014000	-0.073321
25.016000	-0.170270
25.018000	0.237749
25.020000	0.240077
25.022000	-0.313066
25.024000	-0.222293
25.026000	-0.163480
25.028000	-0.022964
25.030000	-0.628003
25.032000	0.152780
25.034000	0.034871
25.036000	0.428822
25.038000	-0.284070
25.040000	-0.118872
25.042000	-0.244642
25.044000	0.358007
25.046000	0.079070
25.048000	-0.231545
25.050000	0.080967
25.052000	-0.954124
25.054000	-0.304142
25.056000	-0.057530
25.058000	-0.479628
25.060000	-0.096104
25.062000	-0.218287
25.064000	0.208800
25.066000	0.215858
25.068000	-0.259725
25.070000	0.271786
25.072000	-0.000421
25.074000	-0.219311
25.076000	-0.213159
25.078000	-0.169110
25.080000	-0.743575
25.082000	-0.183680
25.084000	-0.004243
25.086000	0.180074
25.088000	0.008977
25.090000	-0.181250
25.092000	-0.215838
25.094000	-0.085868
25.096000	-0.115478
25.098000	-0.264779
25.100000	-0.242064
25.102000	-0.174768
25.104000	0.018497
25.106000	-0.233606
25.108000	-0.158027
25.110000	-0.246608
25.112000	-0.148396
25.114000	-0.255135
25.116000	-0.134129
25.118000	0.081426
25.120000	-0.236231
25.122000	-0.174575
25.124000	-0.083149
25.126000	-0.168550
25.128000	-0.351433
25.130000	-0.110204
25.132000	-0.098570
25.134000	-0.173424
25.136000	-0.200966
25.138000	-0.042998
25.140000	-0.083550
25.142000	-0.051339
25.144000	-0.119956
25.146000	-0.250591
25.148000	-0.078084
25.150000	-0.231726
25.152000	-0.020878
25.154000	-0.261358
25.156000	-0.105708
25.158000	-0.149440
25.160000	-0.204384
25.162000	-0.259946
25.164000	-0.163581
25.166000	-0.236449
25.168000	-0.060708
25.170000	-0.198372
25.172000	-0.006109
25.174000	0.063439
25.176000	-0.134369
25.178000	-0.145315
25.180000	-0.268108
25.182000	-0.238284
25.184000	-0.082806
25.186000	-0.038422
25.188000	-0.245217
25.190000	-0.081253
25.192000	-0.322319
25.194000	-0.175744
25.196000	-0.111255
25.198000	-0.105371
25.200000	-0.075696
25.202000	-0.112040
25.204000	-0.160322
25.206000	-0.052770
25.208000	-0.329392
25.210000	-0.147642
25.212000	-0.080432
25.214000	-0.112455
25.216000	-0.147767
25.218000	-0.244990
25.220000	-0.357935
25.222000	-0.130329
25.224000	-0.263111
25.226000	-0.275808
25.228000	-0.228487
25.230000	-0.171937
25.232000	-0.041308
25.234000	0.019716
25.236000	-0.214371
25.238000	-0.146676
25.240000	-0.231710
25.242000	-0.292518
25.244000	-0.350118
25.246000	-0.158181
25.248000	-0.243859
25.250000	-0.088677
25.252000	-0.231429
25.254000	-0.205547
25.256000	-0.199804
25.258000	0.025291
25.260000	-0.159235
25.262000	-0.193756
25.264000	-0.192924
25.266000	-0.226486
25.268000	-0.277514
25.270000	-0.127159
25.272000	-0.043529
25.274000	-0.148078
25.276000	-0.196500
25.278000	-0.196783
25.280000	-0.274505
25.282000	-0.128207
25.284000	-0.003185
25.286000	-0.311996
25.288000	-0.113402
25.290000	0.006466
25.292000	-0.235836
25.294000	-0.259604
25.296000	-0.141583
25.298000	0.025459
25.300000	-0.284007
25.302000	-0.125292
25.304000	-0.226746
25.306000	-0.149218
25.308000	-0.177159
25.310000	-0.211157
25.312000	-0.141567
25.314000	-0.215867
25.316000	-0.109773
25.318000	-0.155097
25.320000	-0.219436
25.322000	-0.131027
25.324000	-0.131746
25.326000	-0.245823
25.328000	0.017887
25.330000	-0.256997
25.332000	0.126547
25.334000	-0.277244
25.336000	-0.259550
25.338000	-0.096914
25.340000	-0.159751
25.342000	0.048848
25.344000	-0.232895
25.346000	-0.128439
25.348000	-0.314609
25.350000	-0.277753
25.352000	-0.249148
25.354000	-0.068703
25.356000	-0.218932
25.358000	-0.010868
25.360000	-0.068585
25.362000	-0.029267
25.364000	-0.310058
25.366000	-0.099147
25.368000	-0.168219
25.370000	0.009828
25.372000	-0.095973
25.374000	-0.006827
25.376000	-0.136080
25.378000	-0.222529
25.380000	-0.026859
25.382000	-0.081674
25.384000	0.056098
25.386000	-0.249426
25.388000	-0.176660
25.390000	-0.071787
25.392000	-0.020236
25.394000	0.038388
25.396000	-0.107539
25.398000	-0.131211
25.400000	0.026497
25.402000	-0.169144
25.404000	-0.148079
25.406000	-0.024949
25.408000	-0.250620
25.410000	-0.057137
25.412000	-0.232185
25.414000	-0.281035
25.416000	-0.252962
25.418000	-0.224034
25.420000	-0.065635
25.422000	-0.196803
25.424000	-0.268286
25.426000	0.009132
25.428000	-0.015894
25.430000	0.044216
25.432000	-0.161881
25.434000	0.043275
25.436000	-0.231060
25.438000	-0.008108
25.440000	0.087966
25.442000	-0.123791
25.444000	0.031982
25.446000	0.046398
25.448000	-0.174956
25.450000	-0.096303
25.452000	-0.123499
25.454000	-0.173532
25.456000	-0.106944
25.458000	-0.029211
25.460000	-0.067965
25.462000	-0.030400
25.464000	0.001361
25.466000	0.023542
25.468000	-0.154624
25.470000	-0.024281
25.472000	-0.062251
25.474000	-0.097967
25.476000	0.139286
25.478000	-0.184803
25.480000	-0.199442
25.482000	-0.184221
25.484000	-0.205701
25.486000	-0.192148
25.488000	-0.101294
25.490000	-0.004725
25.492000	-0.004384
25.494000	-0.055600
25.496000	-0.012796
25.498000	-0.050176
25.500000	0.104696
25.502000	-0.038686
25.504000	-0.155289
25.506000	-0.059729
25.508000	-0.022691
25.510000	0.016059
25.512000	0.080540
25.514000	-0.014356
25.516000	-0.003068
25.518000	-0.083143
25.520000	0.056926
25.522000	-0.045472
25.524000	0.012460
25.526000	0.007367
25.528000	0.210079
25.530000	-0.148537
25.532000	-0.003200
25.534000	0.098157
25.536000	-0.104714
25.538000	-0.043684
25.540000	0.009501
25.542000	-0.024230
25.544000	-0.020334
25.546000	0.251817
25.548000	-0.211235
25.550000	0.092026
25.552000	0.062431
25.554000	-0.018837
25.556000	-0.120969
25.558000	-0.064253
25.560000	-0.193457
25.562000	-0.051412
25.564000	-0.009411
25.566000	0.030104
25.568000	-0.070580
25.570000	0.094984
25.572000	0.081268
25.574000	0.072995
25.576000	-0.212137
25.578000	-0.051434
25.580000	0.058170
25.582000	0.098706
25.584000	0.025892
25.586000	0.027195
25.588000	0.174545
25.590000	-0.046983
25.592000	0.163790
25.594000	0.084066
25.596000	-0.025249
25.598000	0.098442
25.600000	0.100556
25.602000	0.066433
25.604000	0.183951
25.606000	0.152562
25.608000	-0.153802
25.610000	0.041354
25.612000	0.192764
25.614000	-0.338300
25.616000	0.104896
25.618000	-0.258675
25.620000	0.248178
25.622000	0.091637
25.624000	-0.086362
25.626000	-0.319785
25.628000	0.387982
25.630000	0.056081
25.632000	0.371368
25.634000	-0.187733
25.636000	0.158784
25.638000	-0.243567
25.640000	0.427726
25.642000	0.104447
25.644000	0.024063
25.646000	-0.374134
25.648000	-0.024406
25.650000	0.121488
25.652000	0.234267
25.654000	0.442911
25.656000	-0.220774
25.658000	-0.039443
25.660000	0.184379
25.662000	0.202092
25.664000	-0.352383
25.666000	0.054056
25.668000	0.097427
25.670000	-0.162718
25.672000	0.441534
25.674000	-0.377941
25.676000	0.514116
25.678000	0.035797
25.680000	0.095659
25.682000	-0.407787
25.684000	0.061243
25.686000	0.200364
25.688000	0.184121
25.690000	-0.058282
25.692000	-0.048968
25.694000	-0.068800
25.696000	-0.125181
25.698000	-0.052237
25.700000	0.291686
25.702000	-0.342054
25.704000	-0.072849
25.706000	0.034609
25.708000	0.092876
25.710000	-0.153785
25.712000	0.230137
25.714000	-0.232432
25.716000	-0.284219
25.718000	-0.181561
25.720000	0.346136
25.722000	0.223037
25.724000	0.271934
25.726000	-0.148510
25.728000	-0.013612
25.730000	-0.034085
25.732000	0.004390
25.734000	-0.024731
25.736000	0.155731
25.738000	0.002179
25.740000	-0.128307
25.742000	-0.256592
25.744000	0.200347
25.746000	-0.106479
25.748000	0.006313
25.750000	0.598419
25.752000	0.085152
25.754000	0.473313
25.756000	0.037422
25.758000	-0.023423
25.760000	-0.124964
25.762000	0.549679
25.764000	0.125224
25.766000	-0.455751
25.768000	0.249901
25.770000	0.472476
25.772000	0.194395
25.774000	0.013752
25.776000	-0.093141
25.778000	0.135565
25.780000	0.269722
25.782000	0.295542
25.784000	0.458224
25.786000	-0.243857
25.788000	-0.091561
25.790000	-0.021492
25.792000	-0.196446
25.794000	-0.473116
25.796000	-0.495364
25.798000	-0.031752
25.800000	-0.155764
25.802000	-0.065098
25.804000	0.134517
25.806000	0.088708
25.808000	0.467742
25.810000	-0.037567
25.812000	0.221143
25.814000	0.106667
25.816000	0.006590
25.818000	0.161781
25.820000	0.237621
25.822000	0.295348
25.824000	0.134519
25.826000	0.561971
25.828000	-0.112600
25.830000	0.111593
25.832000	-0.031429
25.834000	0.067094
25.836000	0.502829
25.838000	-0.151929
25.840000	-0.323410
25.842000	-0.330255
25.844000	-0.388951
25.846000	-0.171063
25.848000	-0.058532
25.850000	-0.068924
25.852000	0.493012
25.854000	0.616581
25.856000	0.311147
25.858000	0.007807
25.860000	0.100955
25.862000	0.176305
25.864000	0.319614
25.866000	0.024049
25.868000	0.073771
25.870000	0.076907
25.872000	-0.087110
25.874000	0.542900
25.876000	0.239066
25.878000	-0.246816
25.880000	-0.088423
25.882000	0.314145
25.884000	0.234170
25.886000	0.070787
25.888000	0.335272
25.890000	-0.053423
25.892000	-0.082811
25.894000	0.821486
25.896000	0.316035
25.898000	0.362740
25.900000	0.137377
25.902000	0.137922
25.904000	0.119740
25.906000	0.502916
25.908000	-0.375937
25.910000	0.218963
25.912000	0.044325
25.914000	0.439720
25.916000	0.769231
25.918000	0.331867
25.920000	0.958982
25.922000	0.959523
25.924000	1.769315
25.926000	1.458910
25.928000	1.465893
25.930000	1.685978
25.932000	1.754437
25.934000	1.447538
25.936000	0.968123
25.938000	1.197801
25.940000	1.145801
25.942000	0.277930
25.944000	0.049283
25.946000	-0.576242
25.948000	-0.035085
25.950000	-1.167478
25.952000	-0.932486
25.954000	-0.539784
25.956000	-0.538923
25.958000	-0.526479
25.960000	-0.595133
25.962000	-0.683451
25.964000	-1.026791
25.966000	-0.909743
25.968000	-0.284844
25.970000	0.244299
25.972000	-0.634622
25.974000	-0.268157
25.976000	0.189819
25.978000	-0.349335
25.980000	0.166544
25.982000	-0.216854
25.984000	-0.408812
25.986000	-0.170715
25.988000	0.213680
25.990000	0.155673
25.992000	0.111733
25.994000	0.432221
25.996000	0.367108
25.998000	-0.352503
26.000000	-0.389145
26.002000	-0.351255
26.004000	-0.290268
26.006000	0.029130
26.008000	0.508898
26.010000	-0.215679
26.012000	0.006114
26.014000	0.007093
26.016000	-0.324796
26.018000	-0.092104
26.020000	-0.481542
26.022000	0.494318
26.024000	-0.164438
26.026000	0.084269
26.028000	0.046971
26.030000	0.276578
26.032000	-0.225431
26.034000	0.058521
26.036000	0.596719
26.038000	0.123321
26.040000	0.235807
26.042000	-0.167939
26.044000	-0.421766
26.046000	-0.358342
26.048000	0.124595
26.050000	-0.331430
26.052000	-0.151789
26.054000	-0.249883
26.056000	-0.001993
26.058000	0.212687
26.060000	0.129894
26.062000	-0.052742
26.064000	0.103498
26.066000	-0.038250
26.068000	0.224040
26.070000	0.341323
26.072000	0.431450
26.074000	0.537290
26.076000	0.066050
26.078000	-0.019485
26.080000	0.323790
26.082000	-0.284634
26.084000	-0.122025
26.086000	-0.238764
26.088000	0.373710
26.090000	0.097910
26.092000	0.640641
26.094000	-0.202074
26.096000	-0.492818
26.098000	-0.097227
26.100000	0.198819
26.102000	0.068368
26.104000	-0.120721
26.106000	0.116974
26.108000	-0.475335
26.110000	-0.007795
26.112000	-0.106240
26.114000	0.331912
26.116000	0.162751
26.118000	0.019164
26.120000	-0.022111
26.122000	0.291884
26.124000	0.355868
26.126000	0.260705
26.128000	-0.095357
26.130000	0.217633
26.132000	0.225089
26.134000	0.121862
26.136000	0.347780
26.138000	0.325527
26.140000	0.015312
26.142000	0.033478
26.144000	0.030690
26.146000	0.187149
26.148000	0.133963
26.150000	0.080415
26.152000	0.310935
26.154000	0.046314
26.156000	0.145322
26.158000	0.243717
26.160000	0.273545
26.162000	0.236412
26.164000	0.207549
26.166000	0.082230
26.168000	0.320365
26.170000	0.416610
26.172000	0.117828
26.174000	0.314726
26.176000	0.280073
26.178000	0.419768
26.180000	0.375137
26.182000	0.231413
26.184000	0.314828
26.186000	0.413799
26.188000	0.533081
26.190000	0.390858
26.192000	0.174590
26.194000	0.393113
26.196000	0.085910
26.198000	0.156952
26.200000	0.344789
26.202000	0.144203
26.204000	0.512792
26.206000	0.647984
26.208000	0.309894
26.210000	0.289546
26.212000	0.556588
26.214000	0.190739
26.216000	0.382420
26.218000	0.456421
26.220000	0.456038
26.222000	0.372761
26.224000	0.259842
26.226000	0.374616
26.228000	0.240493
26.230000	0.358899
26.232000	0.414567
26.234000	0.401919
26.236000	0.196958
26.238000	0.405040
26.240000	0.473938
26.242000	0.375345
26.244000	0.302066
26.246000	0.410141
26.248000	0.368393
26.250000	0.246868
26.252000	0.153799
26.254000	0.146533
26.256000	0.052351
26.258000	0.024804
26.260000	0.146680
26.262000	0.048766
26.264000	0.124076
26.266000	0.138917
26.268000	0.111698
26.270000	0.123402
26.272000	0.055658
26.274000	-0.055468
26.276000	0.079233
26.278000	0.100741
26.280000	0.162424
26.282000	-0.253755
26.284000	0.008149
26.286000	-0.012082
26.288000	0.138508
26.290000	-0.040753
26.292000	0.119196
26.294000	-0.035396
26.296000	-0.193166
26.298000	-0.112858
26.300000	-0.015315
26.302000	-0.030388
26.304000	0.100779
26.306000	0.001743
26.308000	-0.269466
26.310000	0.100782
26.312000	-0.077119
26.314000	-0.207543
26.316000	-0.026867
26.318000	0.017498
26.320000	0.134759
26.322000	-0.330822
26.324000	0.126886
26.326000	-0.188784
26.328000	0.084355
26.330000	-0.181303
26.332000	-0.039687
26.334000	-0.185386
26.336000	0.064256
26.338000	-0.065785
26.340000	-0.198811
26.342000	-0.062476
26.344000	0.004017
26.346000	-0.027780
26.348000	-0.072157
26.350000	0.286051
26.352000	-0.147288
26.354000	0.180796
26.356000	-0.321674
26.358000	0.204110
26.360000	0.017550
26.362000	0.094300
26.364000	-0.099904
26.366000	-0.067349
26.368000	0.085951
26.370000	-0.101810
26.372000	0.255649
26.374000	0.180149
26.376000	-0.149728
26.378000	0.004069
26.380000	0.192322
26.382000	0.046558
26.384000	-0.044861
26.386000	-0.093523
26.388000	0.190735
26.390000	-0.115412
26.392000	0.004152
26.394000	-0.270018
26.396000	0.055502
26.398000	-0.160357
26.400000	0.155815
26.402000	0.015087
26.404000	-0.105434
26.406000	-0.096025
26.408000	-0.189511
26.410000	0.199395
26.412000	0.060929
26.414000	0.083557
26.416000	-0.059460
26.418000	-0.095991
26.420000	0.062247
26.422000	0.164733
26.424000	-0.017134
26.426000	-0.053684
26.428000	-0.013401
26.430000	-0.023829
26.432000	0.197864
26.434000	-0.106782
26.436000	0.181232
26.438000	0.123830
26.440000	0.151534
26.442000	-0.022568
26.444000	-0.015192
26.446000	0.072871
26.448000	0.182101
26.450000	-0.024863
26.452000	-0.064366
26.454000	0.074437
26.456000	0.044109
26.458000	-0.058584
26.460000	0.063082
26.462000	-0.056094
26.464000	-0.025786
26.466000	0.012793
26.468000	-0.135596
26.470000	-0.135325
26.472000	0.048314
26.474000	0.142395
26.476000	0.199877
26.478000	-0.004953
26.480000	0.126529
26.482000	-0.083101
26.484000	-0.061327
26.486000	-0.158644
26.488000	-0.018805
26.490000	0.013022
26.492000	-0.048646
26.494000	-0.058457
26.496000	-0.112389
26.498000	-0.076610
26.500000	-0.142558
26.502000	0.076784
26.504000	0.169047
26.506000	-0.102828
26.508000	0.184983
26.510000	-0.026193
26.512000	-0.013409
26.514000	-0.053878
26.516000	-0.017591
26.518000	0.016517
26.520000	-0.104977
26.522000	-0.046963
26.524000	-0.189080
26.526000	-0.132963
26.528000	0.150049
26.530000	-0.086500
26.532000	-0.044489
26.534000	-0.115420
26.536000	-0.086241
26.538000	-0.070331
26.540000	-0.130101
26.542000	0.205477
26.544000	-0.017180
26.546000	-0.128073
26.548000	-0.069268
26.550000	-0.092214
26.552000	-0.138395
26.554000	0.108233
26.556000	0.114961
26.558000	0.069229
26.560000	0.036489
26.562000	-0.209186
26.564000	0.002753
26.566000	0.003084
26.568000	0.061271
26.570000	-0.174154
26.572000	0.341508
26.574000	-0.244315
26.576000	0.050514
26.578000	-0.085217
26.580000	0.188457
26.582000	-0.013438
26.584000	0.152394
26.586000	-0.126967
26.588000	-0.082211
26.590000	-0.165403
26.592000	-0.105044
26.594000	0.006400
26.596000	-0.186497
26.598000	-0.046060
26.600000	0.265504
26.602000	0.050422
26.604000	-0.005861
26.606000	-0.083942
26.608000	0.074970
26.610000	-0.034340
26.612000	-0.091945
26.614000	-0.005142
26.616000	0.052542
26.618000	-0.160318
26.620000	0.249703
26.622000	-0.059018
26.624000	0.005783
26.626000	-0.028855
26.628000	-0.026898
26.630000	0.005601
26.632000	-0.019671
26.634000	-0.056698
26.636000	-0.048439
26.638000	-0.014340
26.640000	0.002403
26.642000	-0.030032
26.644000	-0.047635
26.646000	-0.050755
26.648000	-0.030509
26.650000	-0.036330
26.652000	-0.012718
26.654000	0.010070
26.656000	-0.016858
26.658000	-0.025859
26.660000	-0.038461
26.662000	-0.005588
26.664000	-0.050227
26.666000	-0.015059
26.668000	-0.016193
26.670000	-0.032310
26.672000	-0.032582
26.674000	-0.013848
26.676000	-0.035319
26.678000	0.014026
26.680000	-0.029673
26.682000	-0.042149
26.684000	-0.019062
26.686000	-0.036974
26.688000	-0.004442
26.690000	-0.041805
26.692000	-0.021656
26.694000	-0.027077
26.696000	-0.041112
26.698000	-0.056420
26.700000	-0.066167
26.702000	-0.039880
26.704000	-0.027467
26.706000	-0.036966
26.708000	0.005238
26.710000	-0.012236
26.712000	-0.025824
26.714000	-0.027892
26.716000	-0.061690
26.718000	-0.057670
26.720000	-0.013390
26.722000	-0.015013
26.724000	-0.054672
26.726000	-0.022935
26.728000	-0.064951
26.730000	-0.032118
26.732000	-0.034203
26.734000	-0.030235
26.736000	-0.018219
26.738000	-0.047910
26.740000	-0.024529
26.742000	-0.017201
26.744000	-0.053109
26.746000	-0.039485
26.748000	-0.025918
26.750000	-0.039949
26.752000	-0.039884
26.754000	-0.046745
26.756000	-0.051522
26.758000	-0.035012
26.760000	-0.060575
26.762000	-0.045093
26.764000	-0.028866
26.766000	-0.044508
26.768000	-0.006749
26.770000	-0.018166
26.772000	-0.036681
26.774000	-0.015628
26.776000	-0.043004
26.778000	-0.051583
26.780000	-0.062281
26.782000	-0.027959
26.784000	-0.020632
26.786000	-0.009007
26.788000	-0.027645
26.790000	-0.022315
26.792000	-0.027523
26.794000	0.004977
26.796000	-0.017163
26.798000	-0.037531
26.800000	-0.031416
26.802000	-0.040865
26.804000	-0.048773
26.806000	-0.015367
26.808000	0.001514
26.810000	-0.006776
26.812000	-0.019179
26.814000	-0.020054
26.816000	-0.037937
26.818000	-0.031146
26.820000	0.015410
26.822000	-0.041519
26.824000	-0.022921
26.826000	0.019579
26.828000	-0.018822
26.830000	-0.028499
26.832000	-0.018242
26.834000	0.020042
26.836000	-0.044325
26.838000	-0.003025
26.840000	-0.020372
26.842000	-0.005890
26.844000	-0.003803
26.846000	-0.005439
26.848000	-0.018884
26.850000	-0.025312
26.852000	-0.014848
26.854000	-0.021966
26.856000	-0.028394
26.858000	-0.028331
26.860000	-0.020086
26.862000	-0.034444
26.864000	0.018398
26.866000	-0.030046
26.868000	0.030397
26.870000	-0.038242
26.872000	-0.024400
26.874000	-0.009992
26.876000	-0.013088
26.878000	-0.001175
26.880000	-0.023919
26.882000	0.000526
26.884000	-0.048568
26.886000	-0.042539
26.888000	-0.001499
26.890000	-0.021047
26.892000	-0.022964
26.894000	0.007523
26.896000	-0.017264
26.898000	-0.002550
26.900000	-0.036001
26.902000	0.007957
26.904000	-0.000497
26.906000	0.030988
26.908000	-0.007080
26.910000	0.010028
26.912000	-0.021602
26.914000	-0.017703
26.916000	-0.006864
26.918000	0.002734
26.920000	0.020100
26.922000	-0.035764
26.924000	-0.011150
26.926000	-0.017317
26.928000	0.015208
26.930000	0.014139
26.932000	-0.006967
26.934000	-0.025668
26.936000	0.016839
26.938000	-0.010047
26.940000	-0.025109
26.942000	-0.003580
26.944000	-0.033668
26.946000	-0.001299
26.948000	-0.026191
26.950000	-0.026640
26.952000	-0.037318
26.954000	-0.006148
26.956000	0.002454
26.958000	-0.013838
26.960000	-0.020326
26.962000	0.016621
26.964000	0.006220
26.966000	0.002794
26.968000	-0.009460
26.970000	0.004645
26.972000	-0.024360
26.974000	0.001786
26.976000	0.023946
26.978000	0.000724
26.980000	0.019220
26.982000	0.010875
26.984000	-0.011142
26.986000	-0.010420
26.988000	-0.013292
26.990000	-0.030188
26.992000	-0.008883
26.994000	-0.003151
26.996000	-0.001001
26.998000	0.014096
27.000000	0.023358
27.002000	-0.021853
27.004000	-0.016087
27.006000	0.003717
27.008000	0.009811
27.010000	0.016734
27.012000	0.031784
27.014000	0.006281
27.016000	-0.006921
27.018000	0.003079
27.020000	-0.009490
27.022000	0.017986
27.024000	0.020822
27.026000	0.035120
27.028000	0.011818
27.030000	0.004771
27.032000	0.021676
27.034000	-0.001393
27.036000	0.042282
27.038000	0.035783
27.040000	0.005123
27.042000	0.024376
27.044000	0.020185
27.046000	0.046896
27.048000	0.047248
27.050000	0.032939
27.052000	0.030364
27.054000	-0.012616
27.056000	0.022315
27.058000	0.015085
27.060000	0.002317
27.062000	0.014274
27.064000	0.035297
27.066000	-0.027383
27.068000	-0.021127
27.070000	0.002841
27.072000	-0.027883
27.074000	-0.009590
27.076000	-0.024200
27.078000	-0.047641
27.080000	-0.028618
27.082000	0.011551
27.084000	-0.064775
27.086000	-0.001732
27.088000	-0.018453
27.090000	-0.013559
27.092000	-0.041150
27.094000	-0.019257
27.096000	-0.037963
27.098000	-0.000486
27.100000	-0.018923
27.102000	-0.028284
27.104000	-0.006789
27.106000	-0.000793
27.108000	0.021287
27.110000	0.003103
27.112000	-0.038059
27.114000	-0.005027
27.116000	0.009767
27.118000	-0.004812
27.120000	-0.002189
27.122000	-0.013913
27.124000	0.017096
27.126000	-0.014296
27.128000	-0.002479
27.130000	0.016251
27.132000	-0.029658
27.134000	0.007678
27.136000	-0.096514
27.138000	0.185268
27.140000	-0.120619
27.142000	0.128932
27.144000	-0.519606
27.146000	1.115935
27.148000	0.622981
27.150000	0.105270
27.152000	0.164140
27.154000	-0.011819
27.156000	0.166722
27.158000	0.254963
27.160000	-0.001246
27.162000	0.005914
27.164000	-0.343222
27.166000	-0.144218
27.168000	-0.085802
27.170000	0.190699
27.172000	0.193726
27.174000	-0.144237
27.176000	0.635440
27.178000	-0.110048
27.180000	0.154710
27.182000	0.036202
27.184000	-0.224696
27.186000	0.088558
27.188000	-0.690715
27.190000	0.538466
27.192000	-0.479932
27.194000	0.240052
27.196000	-0.204016
27.198000	0.854923
27.200000	0.783041
27.202000	0.639862
27.204000	0.656633
27.206000	0.961414
27.208000	0.746548
27.210000	1.141766
27.212000	1.863289
27.214000	1.875844
27.216000	1.737061
27.218000	1.886757
27.220000	1.776422
27.222000	1.399706
27.224000	1.117356
27.226000	0.676079
27.228000	1.084341
27.230000	0.533103
27.232000	-0.107879
27.234000	-0.293478
27.236000	0.148472
27.238000	-0.773285
27.240000	0.113186
27.242000	-0.394329
27.244000	-0.201832
27.246000	-0.336150
27.248000	-0.477185
27.250000	-0.520367
27.252000	-0.298513
27.254000	-0.404766
27.256000	-0.040436
27.258000	-0.266177
27.260000	0.396355
27.262000	0.100820
27.264000	0.140296
27.266000	0.586670
27.268000	0.119052
27.270000	0.243651
27.272000	0.785852
27.274000	-0.083962
27.276000	0.460310
27.278000	0.254022
27.280000	0.053412
27.282000	0.028731
27.284000	0.321916
27.286000	0.269068
27.288000	0.396232
27.290000	-0.336551
27.292000	0.308990
27.294000	0.705200
27.296000	-0.030003
27.298000	-0.105463
27.300000	0.071840
27.302000	0.390413
27.304000	0.042984
27.306000	-0.583660
27.308000	-0.190623
27.310000	0.060102
27.312000	-0.030875
27.314000	-0.117444
27.316000	0.579981
27.318000	0.401207
27.320000	-0.029421
27.322000	0.064666
27.324000	0.493743
27.326000	0.411822
27.328000	0.899360
27.330000	0.314841
27.332000	0.060333
27.334000	0.015576
27.336000	0.187163
27.338000	-0.488352
27.340000	0.173320
27.342000	0.231603
27.344000	0.134353
27.346000	0.285173
27.348000	0.397056
27.350000	-0.033688
27.352000	0.028114
27.354000	-0.294690
27.356000	-0.166634
27.358000	0.632500
27.360000	0.262759
27.362000	0.470326
27.364000	-0.463474
27.366000	-0.160409
27.368000	0.079394
27.370000	0.398561
27.372000	0.011873
27.374000	0.380409
27.376000	-0.456271
27.378000	0.739224
27.380000	-0.168963
27.382000	0.017899
27.384000	-0.039797
27.386000	-0.226122
27.388000	0.216515
27.390000	0.175288
27.392000	0.517199
27.394000	0.407610
27.396000	0.940322
27.398000	0.559289
27.400000	-0.024959
27.402000	-0.241200
27.404000	0.549027
27.406000	0.362659
27.408000	0.242965
27.410000	0.070459
27.412000	0.485142
27.414000	-0.150728
27.416000	0.424980
27.418000	-0.440767
27.420000	-0.144700
27.422000	-0.528657
27.424000	0.305887
27.426000	0.594016
27.428000	0.085643
27.430000	0.296262
27.432000	0.109548
27.434000	0.446310
27.436000	0.145587
27.438000	0.142683
27.440000	0.213995
27.442000	-0.167903
27.444000	0.109004
27.446000	0.198654
27.448000	-0.014710
27.450000	0.182950
27.452000	0.218604
27.454000	-0.065836
27.456000	0.569992
27.458000	-0.013995
27.460000	0.582647
27.462000	0.876115
27.464000	0.741602
27.466000	0.693245
27.468000	0.475297
27.470000	0.611317
27.472000	0.020387
27.474000	0.224631
27.476000	0.101200
27.478000	0.390389
27.480000	0.281906
27.482000	-0.201373
27.484000	0.736346
27.486000	0.357465
27.488000	0.059068
27.490000	0.329462
27.492000	-0.225138
27.494000	-0.044451
27.496000	0.361860
27.498000	0.167653
27.500000	0.074512
27.502000	0.735087
27.504000	0.030210
27.506000	0.184169
27.508000	0.544401
27.510000	0.431217
27.512000	0.340474
27.514000	0.107478
27.516000	0.089218
27.518000	-0.015382
27.520000	-0.285017
27.522000	0.225182
27.524000	0.020294
27.526000	0.440536
27.528000	0.073809
27.530000	0.148399
27.532000	0.025665
27.534000	-0.159219
27.536000	0.275669
27.538000	-0.635543
27.540000	-0.050446
27.542000	-0.289964
27.544000	-0.097865
27.546000	-0.231198
27.548000	-0.533246
27.550000	-0.013814
27.552000	-0.206796
27.554000	-0.107399
27.556000	-0.489823
27.558000	-0.609178
27.560000	-0.379159
27.562000	0.079214
27.564000	0.164741
27.566000	-0.026720
27.568000	-0.312713
27.570000	-0.475923
27.572000	-0.378211
27.574000	-0.605946
27.576000	-0.336777
27.578000	0.274076
27.580000	-0.368984
27.582000	-0.566385
27.584000	-0.025331
27.586000	-0.408085
27.588000	0.370100
27.590000	0.015324
27.592000	-0.210983
27.594000	-0.728656
27.596000	0.051597
27.598000	-0.047192
27.600000	-0.112775
27.602000	0.107646
27.604000	-0.724308
27.606000	0.508153
27.608000	0.326112
27.610000	-0.285101
27.612000	-0.281793
27.614000	-0.360535
27.616000	-0.289318
27.618000	0.564251
27.620000	-0.310442
27.622000	0.131708
27.624000	0.756649
27.626000	-0.149394
27.628000	0.141816
27.630000	-0.375400
27.632000	-0.318118
27.634000	-0.042761
27.636000	0.064721
27.638000	-0.184250
27.640000	-0.132586
27.642000	-0.658510
27.644000	0.188092
27.646000	-0.462674
27.648000	0.012319
27.650000	-0.123401
27.652000	-0.170243
27.654000	-0.079838
27.656000	-0.080816
27.658000	-0.200318
27.660000	-0.189304
27.662000	-0.110800
27.664000	0.038448
27.666000	-0.180891
27.668000	-0.104095
27.670000	-0.204697
27.672000	-0.102074
27.674000	-0.210731
27.676000	-0.094284
27.678000	0.113078
27.680000	-0.216163
27.682000	-0.128617
27.684000	-0.025525
27.686000	-0.154176
27.688000	-0.306000
27.690000	-0.099144
27.692000	-0.079005
27.694000	-0.130116
27.696000	-0.150274
27.698000	0.022545
27.700000	-0.043615
27.702000	-0.054911
27.704000	-0.056158
27.706000	-0.190572
27.708000	-0.057639
27.710000	-0.181344
27.712000	0.027190
27.714000	-0.229492
27.716000	-0.063634
27.718000	-0.128482
27.720000	-0.174395
27.722000	-0.229847
27.724000	-0.112549
27.726000	-0.235663
27.728000	-0.055202
27.730000	-0.158981
27.732000	0.009487
27.734000	0.047673
27.736000	-0.104963
27.738000	-0.131587
27.740000	-0.219490
27.742000	-0.187243
27.744000	-0.060243
27.746000	-0.022812
27.748000	-0.215917
27.750000	-0.060278
27.752000	-0.291048
27.754000	-0.169774
27.756000	-0.096690
27.758000	-0.087433
27.760000	-0.084989
27.762000	-0.084415
27.764000	-0.166886
27.766000	-0.029263
27.768000	-0.313882
27.770000	-0.111145
27.772000	-0.093334
27.774000	-0.105974
27.776000	-0.150427
27.778000	-0.201755
27.780000	-0.347053
27.782000	-0.124325
27.784000	-0.253222
27.786000	-0.275912
27.788000	-0.238546
27.790000	-0.190043
27.792000	-0.035579
27.794000	0.043810
27.796000	-0.200129
27.798000	-0.160233
27.800000	-0.267722
27.802000	-0.289228
27.804000	-0.350792
27.806000	-0.136033
27.808000	-0.260226
27.810000	-0.105326
27.812000	-0.237344
27.814000	-0.195293
27.816000	-0.239573
27.818000	-0.007519
27.820000	-0.190957
27.822000	-0.187169
27.824000	-0.171949
27.826000	-0.227185
27.828000	-0.259837
27.830000	-0.134410
27.832000	-0.075100
27.834000	-0.170778
27.836000	-0.238365
27.838000	-0.227854
27.840000	-0.283740
27.842000	-0.129579
27.844000	-0.034364
27.846000	-0.313900
27.848000	-0.128323
27.850000	-0.013706
27.852000	-0.272808
27.854000	-0.278863
27.856000	-0.140468
27.858000	-0.021797
27.860000	-0.266714
27.862000	-0.151609
27.864000	-0.247538
27.866000	-0.163480
27.868000	-0.199219
27.870000	-0.269250
27.872000	-0.130101
27.874000	-0.251117
27.876000	-0.155006
27.878000	-0.177594
27.880000	-0.233807
27.882000	-0.137791
27.884000	-0.144144
27.886000	-0.232157
27.888000	0.004362
27.890000	-0.260944
27.892000	0.076848
27.894000	-0.281610
27.896000	-0.246822
27.898000	-0.100747
27.900000	-0.185861
27.902000	0.050635
27.904000	-0.254544
27.906000	-0.164749
27.908000	-0.301434
27.910000	-0.285913
27.912000	-0.292690
27.914000	-0.090632
27.916000	-0.217233
27.918000	-0.007881
27.920000	-0.068152
27.922000	-0.051997
27.924000	-0.310284
27.926000	-0.136581
27.928000	-0.181277
27.930000	-0.025200
27.932000	-0.103286
27.934000	-0.043349
27.936000	-0.129012
27.938000	-0.238035
27.940000	-0.042648
27.942000	-0.114610
27.944000	0.029827
27.946000	-0.227112
27.948000	-0.179792
27.950000	-0.064806
27.952000	-0.030013
27.954000	0.033119
27.956000	-0.089572
27.958000	-0.114253
27.960000	0.008326
27.962000	-0.195856
27.964000	-0.176785
27.966000	-0.030121
27.968000	-0.255869
27.970000	-0.076570
27.972000	-0.220845
27.974000	-0.287866
27.976000	-0.275422
27.978000	-0.240064
27.980000	-0.080770
27.982000	-0.209771
27.984000	-0.273258
27.986000	-0.009985
27.988000	-0.026976
27.990000	0.063854
27.992000	-0.183439
27.994000	0.035995
27.996000	-0.263354
27.998000	-0.021472
28.000000	0.073224
28.002000	-0.161296
28.004000	-0.005353
28.006000	0.024655
28.008000	-0.179101
28.010000	-0.092626
28.012000	-0.102459
28.014000	-0.182666
28.016000	-0.093150
28.018000	-0.043775
28.020000	-0.101535
28.022000	-0.064484
28.024000	-0.017030
28.026000	0.025230
28.028000	-0.166537
28.030000	-0.047420
28.032000	-0.076501
28.034000	-0.128429
28.036000	0.123263
28.038000	-0.198802
28.040000	-0.204581
28.042000	-0.215835
28.044000	-0.217705
28.046000	-0.212505
28.048000	-0.130928
28.050000	-0.013641
28.052000	-0.005313
28.054000	-0.069711
28.056000	-0.034334
28.058000	-0.054675
28.060000	0.099421
28.062000	-0.065810
28.064000	-0.164432
28.066000	-0.076817
28.068000	-0.043265
28.070000	-0.003706
28.072000	0.052240
28.074000	-0.028314
28.076000	-0.015544
28.078000	-0.048159
28.080000	0.044885
28.082000	-0.081667
28.084000	0.002009
28.086000	0.005617
28.088000	0.212449
28.090000	-0.152319
28.092000	0.007193
28.094000	0.096062
28.096000	-0.110134
28.098000	-0.073176
28.100000	-0.004726
28.102000	-0.009818
28.104000	-0.014324
28.106000	0.223463
28.108000	-0.181304
28.110000	0.058875
28.112000	0.055255
28.114000	-0.037487
28.116000	-0.106024
28.118000	-0.085016
28.120000	-0.208687
28.122000	-0.097802
28.124000	-0.009796
28.126000	0.003522
28.128000	-0.100450
28.130000	0.104679
28.132000	0.046422
28.134000	0.046180
28.136000	-0.220293
28.138000	-0.064852
28.140000	0.070979
28.142000	0.070781
28.144000	0.031264
28.146000	0.039387
28.148000	0.150695
28.150000	-0.045914
28.152000	0.172008
28.154000	0.066759
28.156000	0.011856
28.158000	0.091914
28.160000	0.063511
28.162000	-0.074528
28.164000	-0.084750
28.166000	-0.427499
28.168000	-0.230195
28.170000	-0.082966
28.172000	-0.705181
28.174000	0.026266
28.176000	-0.137523
28.178000	0.033687
28.180000	-0.242139
28.182000	0.046098
28.184000	-0.104211
28.186000	0.232716
28.188000	-0.305555
28.190000	-0.334245
28.192000	-0.012565
28.194000	-0.444210
28.196000	0.103922
28.198000	0.326311
28.200000	-0.835023
28.202000	-0.436169
28.204000	0.195755
28.206000	0.050672
28.208000	-0.226590
28.210000	-0.156415
28.212000	0.450893
28.214000	-0.132396
28.216000	-0.273562
28.218000	0.075255
28.220000	-0.246253
28.222000	0.047971
28.224000	-0.152955
28.226000	-0.283165
28.228000	-0.283165
28.230000	-0.008814
28.232000	-0.390896
28.234000	0.106009
28.236000	-0.645962
28.238000	-0.340987
28.240000	0.220912
28.242000	-0.740058
28.244000	-0.022337
28.246000	-0.517531
28.248000	-0.189413
28.250000	0.005205
28.252000	0.190612
28.254000	-0.042534
28.256000	0.044520
28.258000	-0.120630
28.260000	-0.247061
28.262000	-0.004289
28.264000	-0.048231
28.266000	-0.358929
28.268000	0.136797
28.270000	-0.427830
28.272000	-0.267829
28.274000	-0.283381
28.276000	-0.118293
28.278000	-0.323287
28.280000	-0.082958
28.282000	-0.653688
28.284000	-0.039738
28.286000	-0.412945
28.288000	0.199977
28.290000	0.058090
28.292000	-0.294930
28.294000	0.117527
28.296000	-0.084071
28.298000	-0.175151
28.300000	-0.027827
28.302000	0.130489
28.304000	-0.517937
28.306000	-0.063671
28.308000	0.018818
28.310000	-0.132726
28.312000	-0.043386
28.314000	-0.205133
28.316000	-0.031598
28.318000	-0.289772
28.320000	-0.295366
28.322000	0.050794
28.324000	-0.557040
28.326000	-0.272324
28.328000	-0.362187
28.330000	-0.287330
28.332000	-0.063736
28.334000	0.036066
28.336000	-0.452196
28.338000	-0.064713
28.340000	-0.458311
28.342000	0.029085
28.344000	0.081572
28.346000	0.079699
28.348000	-0.262625
28.350000	-0.081172
28.352000	0.152549
28.354000	-0.169715
28.356000	0.405512
28.358000	-0.001765
28.360000	-0.009082
28.362000	0.033440
28.364000	-0.380713
28.366000	0.220132
28.368000	-0.125285
28.370000	-0.356147
28.372000	-0.258194
28.374000	0.169927
28.376000	0.240798
28.378000	-0.062949
28.380000	-0.347212
28.382000	0.048580
28.384000	-0.263167
28.386000	0.122438
28.388000	-0.120904
28.390000	0.221134
28.392000	0.104034
28.394000	-0.047168
28.396000	-0.218722
28.398000	0.101554
28.400000	0.366080
28.402000	-0.104599
28.404000	0.621416
28.406000	-0.160093
28.408000	0.051607
28.410000	0.110889
28.412000	0.011201
28.414000	0.072406
28.416000	0.074485
28.418000	0.249994
28.420000	-0.159192
28.422000	-0.119020
28.424000	-0.073098
28.426000	-0.145289
28.428000	-0.195606
28.430000	-0.156975
28.432000	-0.075035
28.434000	-0.052161
28.436000	0.153438
28.438000	0.578651
28.440000	0.404758
28.442000	0.409190
28.444000	0.716952
28.446000	1.200814
28.448000	0.802899
28.450000	1.069345
28.452000	1.335142
28.454000	1.170490
28.456000	1.608972
28.458000	1.301327
28.460000	1.353994
28.462000	0.719806
28.464000	0.348687
28.466000	0.296547
28.468000	0.106959
28.470000	-0.706668
28.472000	-0.744978
28.474000	-0.782395
28.476000	-0.854656
28.478000	-0.752900
28.480000	-0.451588
28.482000	-0.596458
28.484000	-0.907566
28.486000	-0.883011
28.488000	-0.651538
28.490000	-0.592701
28.492000	-0.507927
28.494000	0.093724
28.496000	-0.246223
28.498000	-0.449566
28.500000	-0.460949
28.502000	-0.559352
28.504000	-0.571466
28.506000	0.035232
28.508000	-0.339865
28.510000	-0.416407
28.512000	-0.155403
28.514000	-0.124423
28.516000	-0.213960
28.518000	-0.254177
28.520000	-0.518356
28.522000	0.054259
28.524000	0.095365
28.526000	-0.150572
28.528000	-0.664641
28.530000	-0.547022
28.532000	0.151868
28.534000	-0.017759
28.536000	0.446411
28.538000	-0.191825
28.540000	0.410550
28.542000	0.271813
28.544000	0.160226
28.546000	-0.301422
28.548000	-0.235775
28.550000	0.100924
28.552000	-0.294288
28.554000	-0.803914
28.556000	-0.414376
28.558000	-0.244018
28.560000	-0.106174
28.562000	-0.395183
28.564000	-0.074914
28.566000	-0.232954
28.568000	-0.343621
28.570000	0.293679
28.572000	-0.241095
28.574000	-0.088072
28.576000	-0.139531
28.578000	0.391761
28.580000	0.342433
28.582000	-0.445404
28.584000	0.018479
28.586000	-0.054850
28.588000	-0.189024
28.590000	-0.316883
28.592000	0.275662
28.594000	0.079331
28.596000	-0.439570
28.598000	-0.244030
28.600000	-0.074026
28.602000	0.499704
28.604000	-0.180389
28.606000	0.512487
28.608000	-0.029775
28.610000	0.018698
28.612000	-0.597143
28.614000	-0.338292
28.616000	0.077563
28.618000	0.389163
28.620000	-0.576847
28.622000	-0.122306
28.624000	0.110093
28.626000	0.697197
28.628000	-0.093304
28.630000	0.196375
28.632000	-0.243853
28.634000	-0.523077
28.636000	-0.628396
28.638000	0.159934
28.640000	0.353418
28.642000	-0.038418
28.644000	0.321526
28.646000	-0.131938
28.648000	0.000025
28.650000	-0.335968
28.652000	-0.501356
28.654000	0.042643
28.656000	-0.451699
28.658000	-0.389181
28.660000	0.365131
28.662000	0.187772
28.664000	0.151442
28.666000	0.048759
28.668000	0.030859
28.670000	-0.328812
28.672000	-0.051396
28.674000	0.185955
28.676000	0.048472
28.678000	-0.056547
28.680000	0.047523
28.682000	0.128220
28.684000	0.008228
28.686000	0.217748
28.688000	0.070950
28.690000	-0.002111
28.692000	0.106256
28.694000	-0.066269
28.696000	0.137162
28.698000	0.072264
28.700000	0.008696
28.702000	0.196155
28.704000	-0.040101
28.706000	0.157321
28.708000	0.246658
28.710000	0.006443
28.712000	0.066756
28.714000	0.013394
28.716000	0.095885
28.718000	0.130149
28.720000	0.174840
28.722000	0.344360
28.724000	0.122491
28.726000	0.098253
28.728000	0.300726
28.730000	0.228912
28.732000	0.103726
28.734000	0.206249
28.736000	0.331467
28.738000	0.182613
28.740000	0.282867
28.742000	0.076900
28.744000	0.103937
28.746000	0.094917
28.748000	0.319787
28.750000	0.064819
28.752000	0.081025
28.754000	0.209753
28.756000	0.196153
28.758000	0.035735
28.760000	0.209569
28.762000	0.024468
28.764000	0.228788
28.766000	0.258573
28.768000	0.142793
28.770000	0.182832
28.772000	0.066674
28.774000	0.031221
28.776000	0.031948
28.778000	-0.008051
28.780000	0.099061
28.782000	0.024642
28.784000	-0.095933
28.786000	0.000091
28.788000	-0.120043
28.790000	0.067030
28.792000	-0.168146
28.794000	-0.010576
28.796000	-0.108136
28.798000	-0.064468
28.800000	-0.021939
28.802000	-0.028155
28.804000	-0.213896
28.806000	-0.038237
28.808000	-0.186741
28.810000	-0.330065
28.812000	-0.228845
28.814000	-0.295351
28.816000	-0.112220
28.818000	0.015494
28.820000	-0.186934
28.822000	-0.202203
28.824000	-0.401622
28.826000	-0.338910
28.828000	-0.349072
28.830000	-0.029618
28.832000	-0.336305
28.834000	-0.214911
28.836000	-0.220439
28.838000	-0.121049
28.840000	-0.348321
28.842000	-0.273505
28.844000	-0.295334
28.846000	-0.171064
28.848000	-0.024066
28.850000	-0.297141
28.852000	-0.160503
28.854000	-0.148062
28.856000	-0.232713
28.858000	-0.292940
28.860000	-0.290875
28.862000	-0.301221
28.864000	-0.147496
28.866000	-0.117147
28.868000	-0.238922
28.870000	-0.288023
28.872000	-0.225685
28.874000	-0.138454
28.876000	-0.388766
28.878000	-0.279746
28.880000	-0.085479
28.882000	-0.212339
28.884000	-0.120462
28.886000	-0.319484
28.888000	-0.225246
28.890000	-0.288761
28.892000	-0.252404
28.894000	-0.398781
28.896000	-0.023159
28.898000	-0.374039
28.900000	-0.363552
28.902000	-0.253936
28.904000	-0.228812
28.906000	-0.108329
28.908000	-0.136712
28.910000	-0.056515
28.912000	-0.084985
28.914000	-0.052217
28.916000	-0.174913
28.918000	-0.222914
28.920000	-0.195757
28.922000	-0.049162
28.924000	-0.203282
28.926000	0.068873
28.928000	-0.205134
28.930000	-0.177756
28.932000	-0.092728
28.934000	-0.111883
28.936000	-0.304444
28.938000	-0.075388
28.940000	-0.071409
28.942000	0.110097
28.944000	-0.076445
28.946000	-0.119962
28.948000	-0.064400
28.950000	-0.213033
28.952000	-0.201763
28.954000	-0.217761
28.956000	-0.047470
28.958000	-0.229315
28.960000	0.021617
28.962000	-0.119985
28.964000	-0.123700
28.966000	-0.103726
28.968000	-0.137317
28.970000	-0.079248
28.972000	-0.110248
28.974000	0.015648
28.976000	-0.060478
28.978000	-0.020091
28.980000	0.006507
28.982000	-0.077232
28.984000	-0.060391
28.986000	-0.253825
28.988000	-0.159202
28.990000	-0.096766
28.992000	-0.182042
28.994000	-0.056537
28.996000	-0.065995
28.998000	-0.116278
29.000000	-0.201658
29.002000	-0.104661
29.004000	-0.057182
29.006000	-0.189556
29.008000	-0.205773
29.010000	-0.024338
29.012000	-0.061810
29.014000	0.161463
29.016000	-0.191652
29.018000	-0.108727
29.020000	-0.212626
29.022000	-0.108477
29.024000	-0.039834
29.026000	-0.184592
29.028000	-0.041773
29.030000	-0.090887
29.032000	-0.126600
29.034000	-0.003956
29.036000	0.050535
29.038000	-0.069372
29.040000	-0.016511
29.042000	-0.045043
29.044000	-0.070439
29.046000	-0.096913
29.048000	0.028609
29.050000	0.027297
29.052000	-0.138561
29.054000	-0.149010
29.056000	-0.099028
29.058000	-0.150495
29.060000	0.066035
29.062000	-0.095557
29.064000	-0.115133
29.066000	-0.221889
29.068000	-0.151999
29.070000	-0.177388
29.072000	-0.062794
29.074000	-0.073796
29.076000	0.012748
29.078000	-0.114439
29.080000	-0.168051
29.082000	-0.079661
29.084000	0.027565
29.086000	-0.093835
29.088000	-0.128263
29.090000	-0.167540
29.092000	-0.095003
29.094000	-0.153316
29.096000	-0.019638
29.098000	-0.017915
29.100000	-0.020031
29.102000	0.156727
29.104000	0.030818
29.106000	-0.169503
29.108000	-0.046226
29.110000	-0.037661
29.112000	0.130215
29.114000	-0.094304
29.116000	0.014098
29.118000	0.075797
29.120000	-0.099157
29.122000	-0.184912
29.124000	0.017638
29.126000	-0.000310
29.128000	0.056112
29.130000	0.046164
29.132000	0.029569
29.134000	-0.092758
29.136000	-0.057819
29.138000	-0.045822
29.140000	-0.122263
29.142000	-0.095642
29.144000	-0.100081
29.146000	-0.235224
29.148000	-0.114469
29.150000	-0.214393
29.152000	-0.214083
29.154000	0.206980
29.156000	-0.138627
29.158000	-0.029155
29.160000	-0.044591
29.162000	-0.048231
29.164000	0.193252
29.166000	-0.017019
29.168000	0.159777
29.170000	0.051601
29.172000	0.049303
29.174000	-0.055532
29.176000	0.167423
29.178000	-0.043762
29.180000	0.162121
29.182000	-0.005086
29.184000	-0.001558
29.186000	-0.167001
29.188000	-0.156793
29.190000	-0.027497
29.192000	-0.086352
29.194000	-0.219725
29.196000	-0.206224
29.198000	-0.147050
29.200000	-0.009031
29.202000	-0.177482
29.204000	-0.148933
29.206000	-0.163196
29.208000	-0.136881
29.210000	-0.209161
29.212000	-0.101111
29.214000	-0.009792
29.216000	-0.104337
29.218000	-0.119651
29.220000	-0.109868
29.222000	-0.091329
29.224000	-0.230902
29.226000	-0.050001
29.228000	-0.067662
29.230000	-0.120733
29.232000	-0.146311
29.234000	-0.100415
29.236000	-0.114327
29.238000	-0.001786
29.240000	-0.111013
29.242000	-0.204215
29.244000	-0.071074
29.246000	-0.158560
29.248000	-0.064612
29.250000	-0.173768
29.252000	-0.112621
29.254000	-0.116295
29.256000	-0.153168
29.258000	-0.188279
29.260000	-0.201414
29.262000	-0.130322
29.264000	-0.065984
29.266000	-0.128539
29.268000	-0.030196
29.270000	0.039509
29.272000	-0.116969
29.274000	-0.093173
29.276000	-0.215326
29.278000	-0.226393
29.280000	-0.069405
29.282000	-0.061805
29.284000	-0.190575
29.286000	-0.071779
29.288000	-0.205873
29.290000	-0.123191
29.292000	-0.112229
29.294000	-0.117028
29.296000	-0.052475
29.298000	-0.111171
29.300000	-0.086763
29.302000	-0.051510
29.304000	-0.200588
29.306000	-0.139792
29.308000	-0.043458
29.310000	-0.076782
29.312000	-0.085989
29.314000	-0.171887
29.316000	-0.177108
29.318000	-0.087763
29.320000	-0.147541
29.322000	-0.141662
29.324000	-0.117991
29.326000	-0.065815
29.328000	-0.038945
29.330000	-0.017438
29.332000	-0.142861
29.334000	-0.069214
29.336000	-0.090583
29.338000	-0.184684
29.340000	-0.188154
29.342000	-0.118223
29.344000	-0.113262
29.346000	-0.044674
29.348000	-0.125254
29.350000	-0.112945
29.352000	-0.077373
29.354000	0.064082
29.356000	-0.053425
29.358000	-0.122328
29.360000	-0.143174
29.362000	-0.127081
29.364000	-0.176822
29.366000	-0.061467
29.368000	-0.010087
29.370000	-0.058732
29.372000	-0.056983
29.374000	-0.077189
29.376000	-0.133672
29.378000	-0.063759
29.380000	0.025746
29.382000	-0.155373
29.384000	-0.036105
29.386000	0.027774
29.388000	-0.068016
29.390000	-0.108053
29.392000	-0.070641
29.394000	0.090934
29.396000	-0.153280
29.398000	-0.037955
29.400000	-0.090805
29.402000	-0.036218
29.404000	-0.041500
29.406000	-0.005505
29.408000	-0.095645
29.410000	-0.046228
29.412000	0.005865
29.414000	-0.046608
29.416000	-0.074197
29.418000	-0.059473
29.420000	-0.034439
29.422000	-0.132567
29.424000	0.060115
29.426000	-0.116985
29.428000	0.150857
29.430000	-0.133622
29.432000	-0.120320
29.434000	-0.043293
29.436000	-0.032424
29.438000	0.034611
29.440000	-0.091126
29.442000	-0.028049
29.444000	-0.179451
29.446000	-0.129876
29.448000	-0.038692
29.450000	-0.007208
29.452000	-0.104546
29.454000	0.007453
29.456000	-0.019193
29.458000	0.001918
29.460000	-0.150315
29.462000	-0.004862
29.464000	-0.069834
29.466000	0.045466
29.468000	-0.026786
29.470000	0.040133
29.472000	-0.072816
29.474000	-0.073901
29.476000	0.036433
29.478000	0.014258
29.480000	0.086912
29.482000	-0.150538
29.484000	-0.090014
29.486000	-0.033352
29.488000	0.013861
29.490000	0.045329
29.492000	-0.077157
29.494000	-0.072122
29.496000	0.029815
29.498000	-0.039366
29.500000	-0.022516
29.502000	0.012130
29.504000	-0.097437
29.506000	0.005681
29.508000	-0.136566
29.510000	-0.128739
29.512000	-0.082764
29.514000	-0.063635
29.516000	-0.024251
29.518000	-0.073640
29.520000	-0.124778
29.522000	0.044873
29.524000	0.014881
29.526000	0.017599
29.528000	-0.026369
29.530000	0.032904
29.532000	-0.070268
29.534000	0.028418
29.536000	0.083025
29.538000	0.010442
29.540000	0.089306
29.542000	0.062203
29.544000	-0.055413
29.546000	-0.027735
29.548000	-0.058438
29.550000	-0.051194
29.552000	-0.052475
29.554000	0.033684
29.556000	0.017548
29.558000	0.061765
29.560000	0.047027
29.562000	0.026165
29.564000	-0.033867
29.566000	0.049456
29.568000	0.018739
29.570000	0.030772
29.572000	0.117499
29.574000	-0.038272
29.576000	-0.057564
29.578000	-0.019803
29.580000	-0.101123
29.582000	-0.032190
29.584000	-0.005599
29.586000	0.023979
29.588000	-0.004412
29.590000	-0.014349
29.592000	0.001374
29.594000	-0.012760
29.596000	0.060386
29.598000	0.025744
29.600000	-0.083258
29.602000	-0.028688
29.604000	-0.017914
29.606000	-0.002206
29.608000	0.041316
29.610000	-0.016771
29.612000	-0.001839
29.614000	-0.111849
29.616000	0.029042
29.618000	0.010564
29.620000	-0.002284
29.622000	-0.003185
29.624000	0.073579
29.626000	-0.086178
29.628000	-0.047611
29.630000	0.008830
29.632000	-0.071672
29.634000	0.025333
29.636000	0.022239
29.638000	-0.066260
29.640000	-0.019439
29.642000	0.144697
29.644000	-0.156196
29.646000	0.087456
29.648000	0.018984
29.650000	0.018223
29.652000	-0.101629
29.654000	-0.007854
29.656000	-0.080897
29.658000	0.046341
29.660000	-0.012855
29.662000	0.033390
29.664000	0.004391
29.666000	0.026235
29.668000	0.096943
29.670000	0.069388
29.672000	-0.120830
29.674000	-0.014704
29.676000	0.004763
29.678000	0.084461
29.680000	-0.005512
29.682000	-0.018137
29.684000	0.111794
29.686000	-0.020482
29.688000	0.055641
29.690000	0.056191
29.692000	-0.083338
29.694000	0.058699
29.696000	-0.368713
29.698000	0.395968
29.700000	0.269200
29.702000	-0.032885
29.704000	0.045020
29.706000	-0.057267
29.708000	-0.775397
29.710000	-0.005951
29.712000	-0.394469
29.714000	-0.248230
29.716000	-0.073150
29.718000	-0.188609
29.720000	-0.015190
29.722000	-0.023949
29.724000	0.094691
29.726000	-0.227584
29.728000	0.828653
29.730000	0.727593
29.732000	0.309790
29.734000	0.312119
29.736000	1.731387
29.738000	1.229918
29.740000	1.679008
29.742000	1.662658
29.744000	2.375573
29.746000	1.934121
29.748000	2.059196
29.750000	1.372097
29.752000	1.549125
29.754000	1.172739
29.756000	0.720398
29.758000	1.080636
29.760000	-0.656537
29.762000	0.065459
29.764000	-0.138397
29.766000	-0.084224
29.768000	0.322378
29.770000	-0.247379
29.772000	-0.237298
29.774000	-0.197069
29.776000	-0.615955
29.778000	0.313320
29.780000	-0.649986
29.782000	-0.396367
29.784000	0.159277
29.786000	0.083146
29.788000	0.268036
29.790000	0.205693
29.792000	-0.275602
29.794000	-0.081271
29.796000	0.200978
29.798000	0.342510
29.800000	0.926477
29.802000	-0.026769
29.804000	-0.121975
29.806000	-0.285001
29.808000	-0.138456
29.810000	0.044843
29.812000	0.449228
29.814000	-0.031273
29.816000	0.106491
29.818000	0.204878
29.820000	-0.092291
29.822000	-0.396803
29.824000	-0.209223
29.826000	0.448046
29.828000	0.367651
29.830000	-0.211781
29.832000	0.149704
29.834000	0.363871
29.836000	0.068158
29.838000	0.208950
29.840000	0.052486
29.842000	0.106132
29.844000	0.072836
29.846000	-0.107810
29.848000	-0.320658
29.850000	0.477350
29.852000	0.467546
29.854000	0.264912
29.856000	0.280548
29.858000	0.538543
29.860000	0.342514
29.862000	0.258331
29.864000	0.008096
29.866000	0.270664
29.868000	0.526907
29.870000	0.320760
29.872000	0.723156
29.874000	0.605451
29.876000	0.280365
29.878000	0.010298
29.880000	-0.241747
29.882000	0.028962
29.884000	-0.375816
29.886000	0.187354
29.888000	0.295063
29.890000	-0.090984
29.892000	-0.480659
29.894000	0.505362
29.896000	-0.308764
29.898000	0.331179
29.900000	0.239472
29.902000	0.204433
29.904000	0.784043
29.906000	-0.711230
29.908000	0.422324
29.910000	-0.326355
29.912000	0.199946
29.914000	-0.032558
29.916000	0.016510
29.918000	0.164699
29.920000	0.455584
29.922000	-0.237400
29.924000	-0.000999
29.926000	0.469756
29.928000	0.453625
29.930000	-0.016364
29.932000	0.189090
29.934000	-0.020688
29.936000	0.300420
29.938000	0.412720
29.940000	-0.419256
29.942000	0.621206
29.944000	0.714075
29.946000	0.228091
29.948000	0.461613
29.950000	0.081760
29.952000	0.131652
29.954000	0.055333
29.956000	0.603177
29.958000	0.730423
29.960000	0.556301
29.962000	0.709666
29.964000	0.332974
29.966000	0.523578
29.968000	0.517651
29.970000	0.083949
29.972000	0.814191
29.974000	0.411869
29.976000	0.245669
29.978000	-0.241006
29.980000	0.796825
29.982000	0.437137
29.984000	0.949413
29.986000	0.465026
29.988000	0.165856
29.990000	0.357250
29.992000	0.004313
29.994000	0.522566
29.996000	0.617135
29.998000	0.432377
30.000000	-0.151317
30.002000	0.495225
30.004000	0.431454
30.006000	0.147090
30.008000	-0.218287
30.010000	0.028381
30.012000	0.570619
30.014000	-0.093717
30.016000	0.662441
30.018000	0.478617
30.020000	0.315516
30.022000	0.887636
30.024000	0.283657
30.026000	0.774209
30.028000	0.308932
30.030000	0.446036
30.032000	0.723144
30.034000	0.020807
30.036000	-0.030401
30.038000	-0.065862
30.040000	0.048602
30.042000	-0.221612
30.044000	0.413220
30.046000	-0.150486
30.048000	-0.242213
30.050000	-0.232072
30.052000	0.021196
30.054000	-0.101335
30.056000	-0.144197
30.058000	0.359994
30.060000	0.417867
30.062000	0.302946
30.064000	0.300974
30.066000	0.294220
30.068000	-0.118210
30.070000	0.208612
30.072000	-0.355082
30.074000	-0.086624
30.076000	0.697443
30.078000	0.112220
30.080000	-0.029783
30.082000	-0.247163
30.084000	-0.814951
30.086000	0.147365
30.088000	-0.027684
30.090000	0.039741
30.092000	0.064903
30.094000	0.457950
30.096000	0.164725
30.098000	-0.330005
30.100000	-0.629558
30.102000	-0.162106
30.104000	-0.271494
30.106000	-0.025384
30.108000	-0.308408
30.110000	-0.406076
30.112000	-0.339306
30.114000	-0.573474
30.116000	0.131670
30.118000	-0.054112
30.120000	-0.209398
30.122000	-0.195492
30.124000	-0.353662
30.126000	-0.051531
30.128000	-0.378976
30.130000	0.007920
30.132000	-0.069937
30.134000	0.287099
30.136000	-0.292650
30.138000	-0.185161
30.140000	-0.369745
30.142000	-0.726517
30.144000	-0.214432
30.146000	-0.198678
30.148000	-0.526171
30.150000	-0.306219
30.152000	0.319181
30.154000	-0.433834
30.156000	-0.003445
30.158000	-0.640614
30.160000	-0.855992
30.162000	0.158322
30.164000	0.350167
30.166000	0.057496
30.168000	0.314709
30.170000	-0.171114
30.172000	0.291409
30.174000	-0.061500
30.176000	0.175400
30.178000	-0.362968
30.180000	-0.371425
30.182000	-0.301601
30.184000	0.302160
30.186000	0.124165
30.188000	-0.320403
30.190000	-0.436222
30.192000	-0.220007
30.194000	-0.179446
30.196000	-0.532138
30.198000	0.055700
30.200000	-0.055934
30.202000	-0.037150
30.204000	0.331850
30.206000	-0.197740
30.208000	0.012520
30.210000	-0.004546
30.212000	-0.021374
30.214000	-0.017731
30.216000	0.007181
30.218000	-0.022555
30.220000	-0.019140
30.222000	0.014680
30.224000	0.017399
30.226000	-0.016966
30.228000	-0.004537
30.230000	-0.035713
30.232000	-0.002186
30.234000	-0.021533
30.236000	-0.007731
30.238000	0.047325
30.240000	-0.043891
30.242000	-0.003926
30.244000	0.024226
30.246000	-0.024762
30.248000	-0.062298
30.250000	-0.018810
30.252000	-0.012508
30.254000	-0.011385
30.256000	-0.016935
30.258000	0.031903
30.260000	0.001869
30.262000	-0.033379
30.264000	0.011818
30.266000	-0.026678
30.268000	-0.003560
30.270000	-0.030570
30.272000	0.030823
30.274000	-0.038988
30.276000	0.001186
30.278000	-0.027814
30.280000	-0.030635
30.282000	-0.037117
30.284000	-0.003094
30.286000	-0.060593
30.288000	-0.014212
30.290000	-0.020078
30.292000	0.007957
30.294000	-0.003321
30.296000	-0.007133
30.298000	-0.023333
30.300000	-0.036697
30.302000	-0.025664
30.304000	-0.002824
30.306000	0.004296
30.308000	-0.045413
30.310000	-0.005458
30.312000	-0.063449
30.314000	-0.037885
30.316000	-0.017729
30.318000	-0.010725
30.320000	-0.028324
30.322000	-0.006908
30.324000	-0.047233
30.326000	0.005344
30.328000	-0.076077
30.330000	-0.010347
30.332000	-0.032185
30.334000	-0.019889
30.336000	-0.033838
30.338000	-0.041624
30.340000	-0.080806
30.342000	-0.020959
30.344000	-0.070739
30.346000	-0.072437
30.348000	-0.068501
30.350000	-0.066329
30.352000	-0.009540
30.354000	0.020170
30.356000	-0.051331
30.358000	-0.045756
30.360000	-0.084472
30.362000	-0.074847
30.364000	-0.098878
30.366000	-0.031822
30.368000	-0.068454
30.370000	-0.037780
30.372000	-0.067296
30.374000	-0.045642
30.376000	-0.075863
30.378000	-0.023594
30.380000	-0.064130
30.382000	-0.046742
30.384000	-0.035888
30.386000	-0.062908
30.388000	-0.059009
30.390000	-0.038080
30.392000	-0.034378
30.394000	-0.052854
30.396000	-0.071320
30.398000	-0.069862
30.400000	-0.076577
30.402000	-0.026861
30.404000	-0.016464
30.406000	-0.076905
30.408000	-0.035747
30.410000	-0.006078
30.412000	-0.087621
30.414000	-0.079689
30.416000	-0.042862
30.418000	-0.022278
30.420000	-0.064183
30.422000	-0.055563
30.424000	-0.075463
30.426000	-0.051922
30.428000	-0.059667
30.430000	-0.098647
30.432000	-0.027145
30.434000	-0.093329
30.436000	-0.052968
30.438000	-0.064355
30.440000	-0.076507
30.442000	-0.045482
30.444000	-0.052997
30.446000	-0.056390
30.448000	-0.015983
30.450000	-0.072770
30.452000	-0.008994
30.454000	-0.071395
30.456000	-0.064337
30.458000	-0.024355
30.460000	-0.067550
30.462000	0.009043
30.464000	-0.078001
30.466000	-0.056262
30.468000	-0.075006
30.470000	-0.079664
30.472000	-0.097940
30.474000	-0.035356
30.476000	-0.056823
30.478000	-0.002483
30.480000	-0.021836
30.482000	-0.030417
30.484000	-0.084313
30.486000	-0.052806
30.488000	-0.062026
30.490000	-0.022784
30.492000	-0.031991
30.494000	-0.035906
30.496000	-0.040147
30.498000	-0.072945
30.500000	-0.032385
30.502000	-0.053596
30.504000	-0.025898
30.506000	-0.065739
30.508000	-0.058809
30.510000	-0.024767
30.512000	-0.025254
30.514000	-0.004088
30.516000	-0.021471
30.518000	-0.034498
30.520000	-0.004926
30.522000	-0.068277
30.524000	-0.068125
30.526000	-0.016052
30.528000	-0.090727
30.530000	-0.024448
30.532000	-0.053032
30.534000	-0.082367
30.536000	-0.086194
30.538000	-0.075820
30.540000	-0.032237
30.542000	-0.072288
30.544000	-0.071264
30.546000	-0.014128
30.548000	-0.019523
30.550000	0.028766
30.552000	-0.058635
30.554000	0.003248
30.556000	-0.090095
30.558000	-0.017123
30.560000	0.012886
30.562000	-0.053381
30.564000	-0.013270
30.566000	0.000787
30.568000	-0.041920
30.570000	-0.018421
30.572000	-0.015754
30.574000	-0.049299
30.576000	-0.009563
30.578000	-0.015783
30.580000	-0.035241
30.582000	-0.030918
30.584000	-0.002833
30.586000	0.011835
30.588000	-0.049351
30.590000	-0.027075
30.592000	-0.011925
30.594000	-0.028606
30.596000	0.035606
30.598000	-0.049264
30.600000	-0.045535
30.602000	-0.053289
30.604000	-0.046653
30.606000	-0.052136
30.608000	-0.033840
30.610000	0.005159
30.612000	0.014724
30.614000	-0.012142
30.616000	-0.013217
30.618000	-0.008604
30.620000	0.038430
30.622000	-0.016761
30.624000	-0.030429
30.626000	-0.017964
30.628000	-0.011502
30.630000	-0.003362
30.632000	0.007074
30.634000	-0.011416
30.636000	-0.006293
30.638000	0.010932
30.640000	0.016976
30.642000	-0.035087
30.644000	0.005263
30.646000	0.005756
30.648000	0.058875
30.650000	-0.040885
30.652000	0.016346
30.654000	0.040915
30.656000	-0.017721
30.658000	-0.018505
30.660000	0.007114
30.662000	0.012006
30.664000	0.004021
30.666000	0.047399
30.668000	-0.023692
30.670000	0.009285
30.672000	0.007240
30.674000	-0.025428
30.676000	-0.024866
30.678000	-0.033246
30.680000	-0.054727
30.682000	-0.046188
30.684000	-0.002244
30.686000	-0.018826
30.688000	-0.045450
30.690000	0.036743
30.692000	-0.001908
30.694000	0.007317
30.696000	-0.064882
30.698000	-0.018615
30.700000	0.033661
30.702000	0.012575
30.704000	0.027790
30.706000	0.021958
30.708000	0.033601
30.710000	-0.011185
30.712000	0.048313
30.714000	0.014295
30.716000	0.016354
30.718000	0.022114
30.720000	0.095964
30.722000	-0.295730
30.724000	-0.162968
30.726000	0.230898
30.728000	-0.004363
30.730000	0.110570
30.732000	-0.002648
30.734000	-0.293482
30.736000	0.086699
30.738000	0.146863
30.740000	0.127006
30.742000	-0.165302
30.744000	-0.404677
30.746000	-0.158332
30.748000	0.265558
30.750000	0.008839
30.752000	0.092193
30.754000	-0.174648
30.756000	-0.120518
30.758000	-0.374341
30.760000	0.305299
30.762000	-0.032111
30.764000	-0.272376
30.766000	-0.078349
30.768000	-0.314320
30.770000	0.038659
30.772000	-0.143720
30.774000	0.335146
30.776000	-0.488222
30.778000	-0.502257
30.780000	0.115461
30.782000	0.156122
30.784000	-0.424666
30.786000	0.252626
30.788000	0.431162
30.790000	0.139656
30.792000	0.284802
30.794000	-0.366123
30.796000	0.313148
30.798000	0.116433
30.800000	0.062399
30.802000	-0.410531
30.804000	-0.049845
30.806000	0.160096
30.808000	-0.093030
30.810000	-0.154987
30.812000	-0.126993
30.814000	0.162901
30.816000	-0.096409
30.818000	-0.250557
30.820000	0.183632
30.822000	-0.163628
30.824000	-0.049568
30.826000	-0.133575
30.828000	0.493776
30.830000	0.209152
30.832000	0.408314
30.834000	0.002737
30.836000	0.296331
30.838000	0.038649
30.840000	-0.078676
30.842000	0.218609
30.844000	0.127678
30.846000	-0.626816
30.848000	0.092499
30.850000	0.442735
30.852000	0.218801
30.854000	-0.079512
30.856000	0.415522
30.858000	0.594561
30.860000	0.404468
30.862000	-0.322076
30.864000	0.090909
30.866000	0.206182
30.868000	0.396872
30.870000	0.133369
30.872000	0.143037
30.874000	0.082158
30.876000	0.168785
30.878000	0.237049
30.880000	-0.278130
30.882000	0.452281
30.884000	0.009622
30.886000	-0.002333
30.888000	0.389639
30.890000	0.137094
30.892000	0.073381
30.894000	-0.259630
30.896000	-0.246778
30.898000	-0.415271
30.900000	0.077578
30.902000	-0.070330
30.904000	-0.023026
30.906000	-0.310957
30.908000	-0.138345
30.910000	0.049015
30.912000	0.318402
30.914000	0.085697
30.916000	-0.261156
30.918000	0.445758
30.920000	-0.010167
30.922000	-0.141233
30.924000	0.189930
30.926000	-0.002928
30.928000	0.392636
30.930000	-0.349998
30.932000	0.228346
30.934000	0.100250
30.936000	-0.034358
30.938000	0.643385
30.940000	-0.139395
30.942000	-0.365894
30.944000	-0.257091
30.946000	0.302692
30.948000	-0.288488
30.950000	-0.302971
30.952000	0.602040
30.954000	-0.195922
30.956000	-0.198351
30.958000	0.066673
30.960000	0.163344
30.962000	-0.174105
30.964000	0.072158
30.966000	-0.703286
30.968000	0.080780
30.970000	0.035231
30.972000	0.660495
30.974000	-0.002096
30.976000	-0.003680
30.978000	0.104232
30.980000	0.086226
30.982000	0.525979
30.984000	0.392921
30.986000	0.368047
30.988000	-0.112824
30.990000	0.280571
30.992000	0.555529
30.994000	0.124284
30.996000	0.072649
30.998000	-0.115963
31.000000	0.226919
31.002000	0.106492
31.004000	0.327039
31.006000	-0.363001
31.008000	0.283744
31.010000	-0.329750
31.012000	0.200602
31.014000	0.384253
31.016000	0.198213
31.018000	0.201679
31.020000	-0.109334
31.022000	-0.351961
31.024000	-0.090529
31.026000	-0.184784
31.028000	-0.034137
31.030000	-0.302041
31.032000	-0.380317
31.034000	0.191792
31.036000	0.639036
31.038000	0.317985
31.040000	0.627851
31.042000	0.057356
31.044000	0.742355
31.046000	0.489654
31.048000	0.726849
31.050000	0.795796
31.052000	0.718419
31.054000	0.701091
31.056000	0.691330
31.058000	1.391111
31.060000	1.421371
31.062000	1.247108
31.064000	1.048660
31.066000	1.354376
31.068000	1.520571
31.070000	0.972994
31.072000	0.693469
31.074000	0.396636
31.076000	0.013793
31.078000	-0.072058
31.080000	0.289605
31.082000	-1.098114
31.084000	-0.737315
31.086000	-0.820287
31.088000	-0.921286
31.090000	-0.249241
31.092000	-1.121124
31.094000	-0.833700
31.096000	-0.557366
31.098000	-0.928639
31.100000	-0.154405
31.102000	-0.321044
31.104000	-0.468808
31.106000	-0.793439
31.108000	-0.397876
31.110000	-0.202883
31.112000	-0.151696
31.114000	-0.407130
31.116000	0.089073
31.118000	-0.011734
31.120000	-0.010474
31.122000	-0.037348
31.124000	0.041149
31.126000	-0.044514
31.128000	0.045733
31.130000	-0.053668
31.132000	-0.022292
31.134000	0.038194
31.136000	0.030408
31.138000	-0.350760
31.140000	-0.481669
31.142000	0.528912
31.144000	0.073896
31.146000	-0.157846
31.148000	-0.208408
31.150000	-0.183159
31.152000	-0.598752
31.154000	0.118342
31.156000	0.585100
31.158000	0.122146
31.160000	-0.141279
31.162000	0.102545
31.164000	-0.156229
31.166000	-0.466424
31.168000	-0.064491
31.170000	-0.107313
31.172000	-0.274288
31.174000	-0.398004
31.176000	-0.013965
31.178000	-0.431928
31.180000	-0.142795
31.182000	-0.027477
31.184000	-0.246610
31.186000	-0.231490
31.188000	0.196619
31.190000	0.268138
31.192000	0.009105
31.194000	-0.100621
31.196000	-0.103939
31.198000	0.402731
31.200000	0.328273
31.202000	0.207170
31.204000	0.222122
31.206000	-0.309449
31.208000	0.534292
31.210000	0.415440
31.212000	0.421119
31.214000	-0.604223
31.216000	-0.281974
31.218000	-0.250740
31.220000	0.021673
31.222000	0.187246
31.224000	0.362082
31.226000	-0.180322
31.228000	-0.604558
31.230000	-0.601289
31.232000	-0.082205
31.234000	0.176031
31.236000	-0.043137
31.238000	-0.061735
31.240000	-0.122796
31.242000	0.093820
31.244000	0.256506
31.246000	0.114896
31.248000	-0.054511
31.250000	0.091347
31.252000	0.162106
31.254000	-0.032458
31.256000	0.289459
31.258000	0.145610
31.260000	-0.075440
31.262000	0.138397
31.264000	-0.219779
31.266000	0.034637
31.268000	0.066247
31.270000	-0.102171
31.272000	0.023574
31.274000	-0.057219
31.276000	0.078362
31.278000	0.130834
31.280000	0.107631
31.282000	0.234015
31.284000	0.179647
31.286000	-0.013513
31.288000	0.207204
31.290000	0.190853
31.292000	0.044222
31.294000	0.097228
31.296000	0.274035
31.298000	0.129114
31.300000	0.265338
31.302000	0.115887
31.304000	0.145369
31.306000	0.208228
31.308000	0.430797
31.310000	0.130220
31.312000	0.134457
31.314000	0.197448
31.316000	0.069374
31.318000	0.240531
31.320000	0.237254
31.322000	0.000743
31.324000	0.280135
31.326000	0.462218
31.328000	0.207162
31.330000	0.231348
31.332000	0.367235
31.334000	0.152066
31.336000	0.068222
31.338000	0.311741
31.340000	0.321962
31.342000	0.300203
31.344000	0.183171
31.346000	0.346620
31.348000	0.065601
31.350000	0.305390
31.352000	0.127666
31.354000	0.353585
31.356000	0.144677
31.358000	0.372880
31.360000	0.344909
31.362000	0.254198
31.364000	0.019894
31.366000	0.376624
31.368000	0.234814
31.370000	0.133698
31.372000	-0.014267
31.374000	0.105065
31.376000	0.149719
31.378000	0.154669
31.380000	0.082293
31.382000	-0.016644
31.384000	0.019039
31.386000	0.008351
31.388000	-0.090125
31.390000	0.054323
31.392000	-0.062040
31.394000	-0.069893
31.396000	-0.059262
31.398000	-0.008653
31.400000	0.059122
31.402000	-0.197312
31.404000	-0.096675
31.406000	-0.120641
31.408000	-0.011442
31.410000	-0.157700
31.412000	-0.053361
31.414000	-0.112889
31.416000	-0.214553
31.418000	-0.201152
31.420000	-0.217356
31.422000	-0.178267
31.424000	-0.155547
31.426000	-0.086913
31.428000	-0.273426
31.430000	-0.121534
31.432000	-0.154002
31.434000	-0.225414
31.436000	-0.241258
31.438000	-0.229867
31.440000	-0.005993
31.442000	-0.405449
31.444000	-0.165352
31.446000	-0.317503
31.448000	-0.173629
31.450000	-0.348695
31.452000	-0.233635
31.454000	-0.460014
31.456000	-0.085252
31.458000	-0.275690
31.460000	-0.305478
31.462000	-0.193642
31.464000	-0.239722
31.466000	-0.180499
31.468000	-0.263357
31.470000	0.056849
31.472000	-0.197306
31.474000	-0.094110
31.476000	-0.272634
31.478000	-0.018861
31.480000	-0.213936
31.482000	-0.041487
31.484000	-0.317632
31.486000	-0.043434
31.488000	-0.163251
31.490000	-0.270826
31.492000	-0.006595
31.494000	-0.091544
31.496000	-0.495968
31.498000	-0.097866
31.500000	-0.037956
31.502000	-0.017183
31.504000	-0.118634
31.506000	-0.142026
31.508000	-0.136476
31.510000	-0.232506
31.512000	-0.110962
31.514000	-0.297678
31.516000	-0.058380
31.518000	-0.168372
31.520000	0.031666
31.522000	-0.282266
31.524000	-0.160712
31.526000	-0.286674
31.528000	-0.178384
31.530000	0.025145
31.532000	-0.151063
31.534000	-0.003780
31.536000	-0.089222
31.538000	-0.095408
31.540000	-0.056090
31.542000	0.106188
31.544000	-0.000943
31.546000	-0.247661
31.548000	-0.222693
31.550000	-0.053948
31.552000	-0.019729
31.554000	-0.215763
31.556000	-0.014195
31.558000	-0.179392
31.560000	-0.114132
31.562000	-0.321736
31.564000	-0.098549
31.566000	-0.115708
31.568000	-0.053817
31.570000	-0.062442
31.572000	-0.068024
31.574000	0.119657
31.576000	-0.135216
31.578000	0.019551
31.580000	-0.228385
31.582000	-0.051307
31.584000	0.091808
31.586000	-0.150752
31.588000	-0.227310
31.590000	-0.113550
31.592000	-0.125973
31.594000	0.053278
31.596000	0.101495
31.598000	-0.204570
31.600000	0.092574
31.602000	-0.138930
31.604000	-0.199546
31.606000	-0.269318
31.608000	-0.099166
31.610000	0.046395
31.612000	-0.205832
31.614000	-0.090723
31.616000	-0.183623
31.618000	-0.226078
31.620000	-0.040748
31.622000	-0.116979
31.624000	-0.041322
31.626000	-0.336991
31.628000	0.004001
31.630000	-0.254608
31.632000	-0.189012
31.634000	-0.082090
31.636000	-0.061886
31.638000	-0.025402
31.640000	-0.089328
31.642000	-0.092672
31.644000	-0.129309
31.646000	-0.254810
31.648000	0.017467
31.650000	-0.132004
31.652000	-0.085636
31.654000	-0.062465
31.656000	-0.069504
31.658000	-0.174939
31.660000	-0.215381
31.662000	0.138825
31.664000	-0.029389
31.666000	-0.245419
31.668000	-0.100058
31.670000	-0.113650
31.672000	0.014275
31.674000	-0.051737
31.676000	0.147936
31.678000	0.169785
31.680000	-0.055453
31.682000	-0.284436
31.684000	-0.045963
31.686000	0.031740
31.688000	-0.011446
31.690000	0.002145
31.692000	0.157238
31.694000	-0.225445
31.696000	0.151618
31.698000	-0.174223
31.700000	0.141165
31.702000	-0.127784
31.704000	-0.072735
31.706000	-0.230245
31.708000	-0.011749
31.710000	-0.105847
31.712000	-0.225230
31.714000	0.066263
31.716000	-0.129988
31.718000	0.010429
31.720000	0.018435
31.722000	-0.022241
31.724000	0.015914
31.726000	-0.027892
31.728000	0.060231
31.730000	0.019511
31.732000	0.035215
31.734000	-0.025959
31.736000	0.253181
31.738000	-0.097977
31.740000	0.295514
31.742000	0.039159
31.744000	0.029965
31.746000	-0.303963
31.748000	-0.332770
31.750000	-0.121270
31.752000	-0.176270
31.754000	-0.430614
31.756000	-0.395315
31.758000	-0.269876
31.760000	0.042006
31.762000	-0.369807
31.764000	-0.269727
31.766000	-0.398808
31.768000	-0.268582
31.770000	-0.420736
31.772000	-0.192822
31.774000	0.113323
31.776000	-0.341526
31.778000	-0.267685
31.780000	-0.150988
31.782000	-0.239311
31.784000	-0.565928
31.786000	-0.169576
31.788000	-0.184119
31.790000	-0.306309
31.792000	-0.353538
31.794000	-0.093331
31.796000	-0.172953
31.798000	-0.066068
31.800000	-0.237672
31.802000	-0.436587
31.804000	-0.132332
31.806000	-0.388101
31.808000	-0.067093
31.810000	-0.444584
31.812000	-0.201848
31.814000	-0.259502
31.816000	-0.343369
31.818000	-0.448253
31.820000	-0.342654
31.822000	-0.416520
31.824000	-0.147874
31.826000	-0.358519
31.828000	-0.016660
31.830000	0.070211
31.832000	-0.261022
31.834000	-0.243073
31.836000	-0.474255
31.838000	-0.453048
31.840000	-0.155497
31.842000	-0.103865
31.844000	-0.452196
31.846000	-0.165282
31.848000	-0.547355
31.850000	-0.306208
31.852000	-0.198913
31.854000	-0.205304
31.856000	-0.147282
31.858000	-0.218448
31.860000	-0.264614
31.862000	-0.113930
31.864000	-0.527680
31.866000	-0.271531
31.868000	-0.150656
31.870000	-0.223285
31.872000	-0.289768
31.874000	-0.408457
31.876000	-0.548240
31.878000	-0.254931
31.880000	-0.449503
31.882000	-0.457942
31.884000	-0.350618
31.886000	-0.282288
31.888000	-0.097869
31.890000	0.002919
31.892000	-0.370812
31.894000	-0.240778
31.896000	-0.387382
31.898000	-0.487297
31.900000	-0.579946
31.902000	-0.264558
31.904000	-0.384971
31.906000	-0.131290
31.908000	-0.368925
31.910000	-0.337133
31.912000	-0.316107
31.914000	0.073272
31.916000	-0.254800
31.918000	-0.309004
31.920000	-0.329407
31.922000	-0.361905
31.924000	-0.482644
31.926000	-0.201782
31.928000	-0.052828
31.930000	-0.219222
31.932000	-0.299009
31.934000	-0.314577
31.936000	-0.432218
31.938000	-0.217466
31.940000	0.017507
31.942000	-0.507438
31.944000	-0.192270
31.946000	0.020072
31.948000	-0.364809
31.950000	-0.408829
31.952000	-0.224494
31.954000	0.074203
31.956000	-0.453401
31.958000	-0.148416
31.960000	-0.334647
31.962000	-0.176772
31.964000	-0.249264
31.966000	-0.282912
31.968000	-0.229128
31.970000	-0.318244
31.972000	-0.164980
31.974000	-0.226316
31.976000	-0.308218
31.978000	-0.196430
31.980000	-0.185113
31.982000	-0.408137
31.984000	0.078803
31.986000	-0.415683
31.988000	0.235594
31.990000	-0.449359
31.992000	-0.372707
31.994000	-0.148640
31.996000	-0.213744
31.998000	0.076736
32.000000	-0.348610
32.002000	-0.175295
32.004000	-0.513573
32.006000	-0.452737
32.008000	-0.337822
32.010000	-0.116340
32.012000	-0.324648
32.014000	0.005834
32.016000	-0.101296
32.018000	-0.032002
32.020000	-0.481655
32.022000	-0.128197
32.024000	-0.239543
32.026000	0.085023
32.028000	-0.139312
32.030000	0.010288
32.032000	-0.229609
32.034000	-0.308858
32.036000	-0.016488
32.038000	-0.090144
32.040000	0.131837
32.042000	-0.403275
32.044000	-0.250530
32.046000	-0.125464
32.048000	-0.004547
32.050000	0.100285
32.052000	-0.161503
32.054000	-0.216713
32.056000	0.038782
32.058000	-0.229997
32.060000	-0.213938
32.062000	-0.028848
32.064000	-0.387352
32.066000	-0.057952
32.068000	-0.367035
32.070000	-0.419885
32.072000	-0.406521
32.074000	-0.312997
32.076000	-0.106691
32.078000	-0.300492
32.080000	-0.415224
32.082000	0.038425
32.084000	-0.008677
32.086000	0.061740
32.088000	-0.237590
32.090000	0.082569
32.092000	-0.352624
32.094000	-0.002364
32.096000	0.132419
32.098000	-0.179889
32.100000	0.076709
32.102000	0.092346
32.104000	-0.265320
32.106000	-0.149894
32.108000	-0.209502
32.110000	-0.271541
32.112000	-0.191696
32.114000	-0.037544
32.116000	-0.104768
32.118000	-0.019466
32.120000	0.028202
32.122000	0.003348
32.124000	-0.229701
32.126000	-0.032172
32.128000	-0.075181
32.130000	-0.136375
32.132000	0.211385
32.134000	-0.280144
32.136000	-0.298515
32.138000	-0.269725
32.140000	-0.308636
32.142000	-0.284048
32.144000	-0.150344
32.146000	0.019822
32.148000	-0.006697
32.150000	-0.070082
32.152000	0.006118
32.154000	-0.053562
32.156000	0.191568
32.158000	0.001824
32.160000	-0.239209
32.162000	-0.064357
32.164000	-0.027177
32.166000	0.045922
32.168000	0.141076
32.170000	0.015982
32.172000	0.036893
32.174000	-0.154810
32.176000	0.127688
32.178000	-0.009357
32.180000	0.050604
32.182000	0.052713
32.184000	0.368535
32.186000	-0.225102
32.188000	-0.011256
32.190000	0.170884
32.192000	-0.137779
32.194000	-0.023562
32.196000	0.038051
32.198000	-0.053095
32.200000	-0.016299
32.202000	0.381768
32.204000	-0.374021
32.206000	0.154169
32.208000	0.068238
32.210000	-0.015921
32.212000	-0.225223
32.214000	-0.113226
32.216000	-0.325738
32.218000	-0.090482
32.220000	-0.034529
32.222000	0.000867
32.224000	-0.111012
32.226000	0.090189
32.228000	0.121262
32.230000	0.070118
32.232000	-0.370133
32.234000	-0.092194
32.236000	0.065703
32.238000	0.126576
32.240000	-0.004170
32.242000	0.033515
32.244000	0.248360
32.246000	-0.072908
32.248000	0.210142
32.250000	0.136473
32.252000	-0.099555
32.254000	0.158633
32.256000	-0.610535
32.258000	0.284592
32.260000	0.416044
32.262000	0.118820
32.264000	0.307775
32.266000	-0.186887
32.268000	-0.058226
32.270000	0.192373
32.272000	-0.324452
32.274000	-0.087945
32.276000	0.006152
32.278000	-0.126961
32.280000	-0.071946
32.282000	0.192436
32.284000	-0.448757
32.286000	-0.124537
32.288000	-0.134229
32.290000	-0.004969
32.292000	-0.273870
32.294000	0.411207
32.296000	0.200333
32.298000	0.001253
32.300000	-0.157211
32.302000	-0.309445
32.304000	0.305639
32.306000	-0.110251
32.308000	-0.042084
32.310000	0.426950
32.312000	0.292936
32.314000	0.408023
32.316000	0.122409
32.318000	-0.500258
32.320000	-0.387693
32.322000	0.430347
32.324000	0.081136
32.326000	-0.424366
32.328000	-0.055219
32.330000	-0.366059
32.332000	0.071717
32.334000	0.426107
32.336000	-0.150662
32.338000	-0.228766
32.340000	-0.210605
32.342000	-0.018752
32.344000	0.163981
32.346000	-0.217651
32.348000	0.067726
32.350000	0.795591
32.352000	0.930615
32.354000	1.554125
32.356000	1.418532
32.358000	1.216581
32.360000	1.431650
32.362000	2.093556
32.364000	1.633736
32.366000	1.262858
32.368000	1.460251
32.370000	0.973400
32.372000	0.968179
32.374000	0.672731
32.376000	0.393970
32.378000	-0.537133
32.380000	-0.382882
32.382000	-0.093179
32.384000	0.079542
32.386000	-0.492363
32.388000	-0.089805
32.390000	-0.406421
32.392000	-0.199891
32.394000	-0.584485
32.396000	-0.415443
32.398000	-0.418030
32.400000	-0.665969
32.402000	-0.340313
32.404000	-0.062063
32.406000	-0.443126
32.408000	-0.066097
32.410000	0.225475
32.412000	0.039864
32.414000	-0.180776
32.416000	0.095917
32.418000	-0.270878
32.420000	0.529019
32.422000	-0.036394
32.424000	0.324846
32.426000	-0.236913
32.428000	0.231837
32.430000	0.037524
32.432000	0.201671
32.434000	-0.455191
32.436000	-0.308840
32.438000	-0.279555
32.440000	0.421489
32.442000	-0.636374
32.444000	0.074138
32.446000	0.071635
32.448000	-0.120358
32.450000	-0.100076
32.452000	-0.333764
32.454000	0.092099
32.456000	0.097259
32.458000	-0.064851
32.460000	0.563421
32.462000	-0.043812
32.464000	0.520867
32.466000	0.208837
32.468000	0.486985
32.470000	-0.306245
32.472000	0.882844
32.474000	-0.119396
32.476000	0.401658
32.478000	-0.014714
32.480000	-0.125528
32.482000	0.311933
32.484000	0.028408
32.486000	0.164177
32.488000	0.469843
32.490000	0.150353
32.492000	0.601240
32.494000	0.847548
32.496000	0.203135
32.498000	0.174321
32.500000	-0.032850
32.502000	0.061425
32.504000	-0.113634
32.506000	0.214239
32.508000	-0.076060
32.510000	-0.246510
32.512000	-0.067412
32.514000	0.213861
32.516000	-0.094787
32.518000	0.500483
32.520000	0.334238
32.522000	0.135343
32.524000	-0.012685
32.526000	-0.236136
32.528000	-0.359396
32.530000	-0.075847
32.532000	0.683199
32.534000	-0.089109
32.536000	-0.032246
32.538000	-0.098296
32.540000	0.256630
32.542000	-0.068141
32.544000	0.544889
32.546000	0.093652
32.548000	-0.212624
32.550000	0.338759
32.552000	0.137657
32.554000	0.315523
32.556000	-0.034501
32.558000	0.165165
32.560000	0.236667
32.562000	-0.158426
32.564000	-0.166940
32.566000	0.441454
32.568000	-0.020163
32.570000	0.084944
32.572000	0.553783
32.574000	0.176356
32.576000	0.766295
32.578000	0.150866
32.580000	0.297664
32.582000	-0.020445
32.584000	0.310463
32.586000	0.181690
32.588000	-0.351574
32.590000	0.135447
32.592000	0.150983
32.594000	0.225015
32.596000	0.509188
32.598000	-0.027372
32.600000	0.530035
32.602000	-0.368975
32.604000	0.530449
32.606000	-0.063359
32.608000	-0.127587
32.610000	0.436648
32.612000	0.753754
32.614000	-0.350129
32.616000	0.194207
32.618000	0.123531
32.620000	0.657776
32.622000	0.235645
32.624000	0.135829
32.626000	-0.428611
32.628000	0.339215
32.630000	-0.145536
32.632000	0.068882
32.634000	-0.387969
32.636000	-0.145661
32.638000	0.274435
32.640000	-0.198531
32.642000	0.034184
32.644000	-0.108867
32.646000	0.379894
32.648000	0.406249
32.650000	-0.305883
32.652000	0.019280
32.654000	0.163470
32.656000	0.168789
32.658000	0.342921
32.660000	0.077715
32.662000	0.090545
32.664000	-0.343948
32.666000	-0.108776
32.668000	-0.330142
32.670000	-0.000614
32.672000	0.264526
32.674000	-0.413022
32.676000	-0.024177
32.678000	-0.184546
32.680000	-0.061498
32.682000	-0.200423
32.684000	-0.382462
32.686000	0.078529
32.688000	0.001604
32.690000	0.339521
32.692000	-0.181600
32.694000	-0.023456
32.696000	-0.541381
32.698000	0.135386
32.700000	-0.066431
32.702000	-0.156365
32.704000	-0.563832
32.706000	-0.362748
32.708000	-0.281851
32.710000	-0.536548
32.712000	-0.032627
32.714000	-0.067990
32.716000	0.034736
32.718000	-0.321330
32.720000	-0.169862
32.722000	-0.118548
32.724000	0.232205
32.726000	-0.314771
32.728000	-0.052413
32.730000	0.409963
32.732000	-0.677436
32.734000	-0.331920
32.736000	-0.212810
32.738000	0.087447
32.740000	-0.118179
32.742000	-0.099754
32.744000	0.150850
32.746000	0.434819
32.748000	-0.066576
32.750000	0.166112
32.752000	0.316071
32.754000	-0.285024
32.756000	-0.130731
32.758000	-0.022614
32.760000	-0.088772
32.762000	-0.085301
32.764000	-0.013562
32.766000	-0.202783
32.768000	0.000239
32.770000	-0.097805
32.772000	-0.123521
32.774000	-0.056180
32.776000	-0.067613
32.778000	-0.139072
32.780000	-0.131179
32.782000	-0.097977
32.784000	0.014353
32.786000	-0.134741
32.788000	-0.081165
32.790000	-0.140294
32.792000	-0.081451
32.794000	-0.145274
32.796000	-0.077103
32.798000	0.050414
32.800000	-0.142574
32.802000	-0.100779
32.804000	-0.037571
32.806000	-0.101960
32.808000	-0.200462
32.810000	-0.066983
32.812000	-0.053446
32.814000	-0.096939
32.816000	-0.111146
32.818000	-0.011683
32.820000	-0.036139
32.822000	-0.027141
32.824000	-0.059784
32.826000	-0.131991
32.828000	-0.040146
32.830000	-0.120987
32.832000	0.003818
32.834000	-0.144392
32.836000	-0.051527
32.838000	-0.079254
32.840000	-0.108621
32.842000	-0.140552
32.844000	-0.073471
32.846000	-0.132174
32.848000	-0.025007
32.850000	-0.106453
32.852000	0.005975
32.854000	0.048861
32.856000	-0.069162
32.858000	-0.080816
32.860000	-0.139238
32.862000	-0.122070
32.864000	-0.044655
32.866000	-0.020179
32.868000	-0.134448
32.870000	-0.044640
32.872000	-0.181477
32.874000	-0.098947
32.876000	-0.059709
32.878000	-0.054069
32.880000	-0.044992
32.882000	-0.059690
32.884000	-0.095033
32.886000	-0.028426
32.888000	-0.191062
32.890000	-0.080076
32.892000	-0.044346
32.894000	-0.060231
32.896000	-0.080462
32.898000	-0.132573
32.900000	-0.208247
32.902000	-0.066812
32.904000	-0.147090
32.906000	-0.164050
32.908000	-0.138383
32.910000	-0.097787
32.912000	-0.021182
32.914000	0.020510
32.916000	-0.120672
32.918000	-0.086717
32.920000	-0.140308
32.922000	-0.171037
32.924000	-0.203845
32.926000	-0.085978
32.928000	-0.152324
32.930000	-0.054196
32.932000	-0.137138
32.934000	-0.115756
32.936000	-0.122092
32.938000	0.007234
32.940000	-0.097895
32.942000	-0.109325
32.944000	-0.106978
32.946000	-0.130830
32.948000	-0.157383
32.950000	-0.075231
32.952000	-0.033520
32.954000	-0.090617
32.956000	-0.119150
32.958000	-0.119563
32.960000	-0.160253
32.962000	-0.073554
32.964000	-0.007348
32.966000	-0.184111
32.968000	-0.068338
32.970000	-0.003501
32.972000	-0.146984
32.974000	-0.156288
32.976000	-0.084514
32.978000	0.002034
32.980000	-0.167231
32.982000	-0.082494
32.984000	-0.139054
32.986000	-0.096677
32.988000	-0.111562
32.990000	-0.137367
32.992000	-0.081294
32.994000	-0.131332
32.996000	-0.075722
32.998000	-0.094869
33.000000	-0.133292
33.002000	-0.076857
33.004000	-0.078791
33.006000	-0.140866
33.008000	0.005407
33.010000	-0.150512
33.012000	0.064743
33.014000	-0.162794
33.016000	-0.152200
33.018000	-0.057955
33.020000	-0.096741
33.022000	0.032664
33.024000	-0.137048
33.026000	-0.082245
33.028000	-0.179498
33.030000	-0.158943
33.032000	-0.159476
33.034000	-0.039574
33.036000	-0.126236
33.038000	-0.002684
33.040000	-0.037174
33.042000	-0.015876
33.044000	-0.179025
33.046000	-0.063177
33.048000	-0.103422
33.050000	-0.004259
33.052000	-0.058903
33.054000	-0.011304
33.056000	-0.073599
33.058000	-0.132672
33.060000	-0.016759
33.062000	-0.053033
33.064000	0.030337
33.066000	-0.139080
33.068000	-0.105329
33.070000	-0.039896
33.072000	-0.015506
33.074000	0.022386
33.076000	-0.056282
33.078000	-0.072023
33.080000	0.008758
33.082000	-0.108640
33.084000	-0.089426
33.086000	-0.018839
33.088000	-0.148308
33.090000	-0.039141
33.092000	-0.133273
33.094000	-0.163806
33.096000	-0.149049
33.098000	-0.138018
33.100000	-0.041229
33.102000	-0.117149
33.104000	-0.162107
33.106000	0.003488
33.108000	-0.013415
33.110000	0.025780
33.112000	-0.102560
33.114000	0.023029
33.116000	-0.136568
33.118000	-0.009091
33.120000	0.045989
33.122000	-0.081052
33.124000	0.007281
33.126000	0.020771
33.128000	-0.109391
33.130000	-0.058798
33.132000	-0.069133
33.134000	-0.098576
33.136000	-0.063897
33.138000	-0.020668
33.140000	-0.047909
33.142000	-0.030017
33.144000	-0.009217
33.146000	0.013948
33.148000	-0.097893
33.150000	-0.022970
33.152000	-0.043534
33.154000	-0.071454
33.156000	0.077548
33.158000	-0.114519
33.160000	-0.125811
33.162000	-0.121540
33.164000	-0.124618
33.166000	-0.126750
33.168000	-0.068586
33.170000	-0.015133
33.172000	-0.007453
33.174000	-0.040833
33.176000	-0.010623
33.178000	-0.034054
33.180000	0.052060
33.182000	-0.034963
33.184000	-0.099819
33.186000	-0.041258
33.188000	-0.017736
33.190000	-0.001822
33.192000	0.038863
33.194000	-0.013951
33.196000	-0.007854
33.198000	-0.044919
33.200000	0.030633
33.202000	-0.033252
33.204000	0.003493
33.206000	-0.001328
33.208000	0.121659
33.210000	-0.083650
33.212000	0.002061
33.214000	0.057191
33.216000	-0.061791
33.218000	-0.034857
33.220000	0.002875
33.222000	-0.008397
33.224000	-0.010306
33.226000	0.144204
33.228000	-0.118822
33.230000	0.046764
33.232000	0.040024
33.234000	-0.006633
33.236000	-0.064864
33.238000	-0.035350
33.240000	-0.107727
33.242000	-0.035499
33.244000	-0.002934
33.246000	0.022014
33.248000	-0.048583
33.250000	0.059046
33.252000	0.038596
33.254000	0.043516
33.256000	-0.117129
33.258000	-0.030647
33.260000	0.031909
33.262000	0.050810
33.264000	0.014515
33.266000	0.015422
33.268000	0.096985
33.270000	-0.029026
33.272000	0.100948
33.274000	0.044954
33.276000	-0.004005
33.278000	0.055482
33.280000	0.020858
33.282000	-0.161371
33.284000	-0.200568
33.286000	0.326307
33.288000	-0.056701
33.290000	0.074664
33.292000	-0.164837
33.294000	-0.197016
33.296000	0.197153
33.298000	0.295259
33.300000	0.104905
33.302000	-0.116301
33.304000	-0.340524
33.306000	-0.299352
33.308000	0.112053
33.310000	-0.162341
33.312000	-0.123298
33.314000	-0.154192
33.316000	-0.283430
33.318000	-0.448624
33.320000	0.194821
33.322000	-0.098930
33.324000	-0.407660
33.326000	-0.042143
33.328000	-0.310316
33.330000	0.106371
33.332000	-0.276000
33.334000	0.142012
33.336000	-0.441024
33.338000	-0.375807
33.340000	0.004090
33.342000	0.066013
33.344000	-0.522191
33.346000	0.179840
33.348000	0.404801
33.350000	0.125611
33.352000	0.139273
33.354000	-0.216785
33.356000	-0.115885
33.358000	0.222981
33.360000	-0.140485
33.362000	-0.200861
33.364000	-0.040037
33.366000	0.310456
33.368000	-0.410005
33.370000	-0.259978
33.372000	-0.209623
33.374000	0.030812
33.376000	-0.118764
33.378000	-0.290779
33.380000	0.205480
33.382000	-0.112267
33.384000	-0.025552
33.386000	-0.107323
33.388000	0.608485
33.390000	0.231000
33.392000	0.367830
33.394000	0.159865
33.396000	0.529986
33.398000	0.094584
33.400000	-0.232850
33.402000	0.251759
33.404000	0.227159
33.406000	-0.440656
33.408000	-0.209624
33.410000	0.499752
33.412000	0.215905
33.414000	-0.232076
33.416000	0.551131
33.418000	0.450022
33.420000	0.605271
33.422000	-0.149259
33.424000	-0.048568
33.426000	0.039397
33.428000	0.333831
33.430000	0.131866
33.432000	0.148504
33.434000	-0.264841
33.436000	0.184533
33.438000	0.205529
33.440000	-0.201597
33.442000	0.224997
33.444000	-0.012975
33.446000	0.263115
33.448000	0.298269
33.450000	0.100978
33.452000	-0.209439
33.454000	-0.337799
33.456000	0.031117
33.458000	-0.442710
33.460000	-0.171683
33.462000	-0.169452
33.464000	-0.405510
33.466000	-0.326363
33.468000	-0.074809
33.470000	0.102627
33.472000	0.326206
33.474000	0.171181
33.476000	0.069280
33.478000	0.405024
33.480000	0.043831
33.482000	0.041518
33.484000	-0.024253
33.486000	-0.123270
33.488000	0.388651
33.490000	-0.116428
33.492000	0.052797
33.494000	0.239319
33.496000	0.033869
33.498000	0.404389
33.500000	-0.332271
33.502000	-0.446796
33.504000	-0.202495
33.506000	0.120720
33.508000	-0.284261
33.510000	-0.244118
33.512000	0.695982
33.514000	-0.247462
33.516000	-0.497354
33.518000	0.054929
33.520000	0.140825
33.522000	-0.012048
33.524000	0.436186
33.526000	-0.760096
33.528000	0.282124
33.530000	-0.107943
33.532000	0.479932
33.534000	-0.360117
33.536000	-0.099803
33.538000	0.319964
33.540000	-0.054577
33.542000	0.730233
33.544000	0.342441
33.546000	0.427906
33.548000	0.080638
33.550000	0.162379
33.552000	0.464779
33.554000	0.106998
33.556000	-0.090844
33.558000	0.022749
33.560000	0.237371
33.562000	0.056719
33.564000	0.222540
33.566000	-0.269882
33.568000	0.141484
33.570000	-0.115644
33.572000	0.294011
33.574000	0.172730
33.576000	0.125209
33.578000	-0.134211
33.580000	-0.168480
33.582000	-0.496996
33.584000	0.028269
33.586000	-0.271454
33.588000	0.127327
33.590000	-0.088596
33.592000	-0.341222
33.594000	0.249692
33.596000	0.624280
33.598000	0.197733
33.600000	0.536863
33.602000	-0.169610
33.604000	0.201420
33.606000	0.389205
33.608000	0.433369
33.610000	0.569048
33.612000	0.086029
33.614000	0.259931
33.616000	0.506553
33.618000	0.990716
33.620000	0.695455
33.622000	0.541212
33.624000	0.960501
33.626000	1.526167
33.628000	1.718193
33.630000	1.610083
33.632000	1.235802
33.634000	1.226364
33.636000	0.977842
33.638000	0.819399
33.640000	1.303928
33.642000	-0.350103
33.644000	0.042707
33.646000	-0.072929
33.648000	-0.772867
33.650000	-0.590597
33.652000	-1.074257
33.654000	-0.820130
33.656000	-1.097679
33.658000	-1.029197
33.660000	-0.534746
33.662000	-0.411744
33.664000	-0.603969
33.666000	-1.061171
33.668000	-0.817223
33.670000	-0.420339
33.672000	-0.413353
33.674000	-0.587176
33.676000	-0.291690
33.678000	-0.020481
33.680000	0.306176
33.682000	0.133052
33.684000	0.082497
33.686000	-0.159500
33.688000	-0.226854
33.690000	-0.072139
33.692000	-0.180627
33.694000	0.223332
33.696000	0.277743
33.698000	-0.507448
33.700000	-0.123443
33.702000	0.161056
33.704000	0.266516
33.706000	-0.204535
33.708000	-0.093691
33.710000	-0.592856
33.712000	-0.562287
33.714000	0.092791
33.716000	0.336952
33.718000	0.012011
33.720000	-0.168394
33.722000	0.185947
33.724000	-0.037252
33.726000	-0.388517
33.728000	-0.231329
33.730000	-0.009018
33.732000	-0.332615
33.734000	-0.158755
33.736000	-0.023923
33.738000	-0.444482
33.740000	-0.047695
33.742000	-0.003489
33.744000	-0.309895
33.746000	-0.062686
33.748000	0.048876
33.750000	0.039020
33.752000	-0.177986
33.754000	-0.141300
33.756000	0.190891
33.758000	0.495452
33.760000	-0.010210
33.762000	0.382392
33.764000	0.366151
33.766000	-0.108877
33.768000	0.546238
33.770000	0.387573
33.772000	0.196898
33.774000	-0.367097
33.776000	-0.217866
33.778000	-0.076797
33.780000	-0.197434
33.782000	0.243720
33.784000	0.507391
33.786000	-0.188714
33.788000	-0.490011
33.790000	-0.517563
33.792000	-0.082581
33.794000	0.193980
33.796000	-0.006278
33.798000	-0.048869
33.800000	-0.110181
33.802000	0.142941
33.804000	0.331308
33.806000	0.116406
33.808000	-0.086714
33.810000	0.163385
33.812000	0.190025
33.814000	0.040403
33.816000	0.331645
33.818000	0.234001
33.820000	-0.033018
33.822000	0.096410
33.824000	-0.128920
33.826000	0.086305
33.828000	0.038192
33.830000	-0.054822
33.832000	0.145159
33.834000	-0.001525
33.836000	0.105076
33.838000	0.193217
33.840000	0.147529
33.842000	0.197289
33.844000	0.196121
33.846000	-0.012173
33.848000	0.195848
33.850000	0.241484
33.852000	0.065200
33.854000	0.130537
33.856000	0.223578
33.858000	0.203154
33.860000	0.267144
33.862000	0.153505
33.864000	0.201100
33.866000	0.289760
33.868000	0.454216
33.870000	0.213223
33.872000	0.154298
33.874000	0.234586
33.876000	0.032642
33.878000	0.225218
33.880000	0.260764
33.882000	0.038555
33.884000	0.340346
33.886000	0.501478
33.888000	0.206506
33.890000	0.220209
33.892000	0.444891
33.894000	0.176740
33.896000	0.170176
33.898000	0.385962
33.900000	0.349492
33.902000	0.348060
33.904000	0.219592
33.906000	0.394546
33.908000	0.141021
33.910000	0.308496
33.912000	0.259436
33.914000	0.422850
33.916000	0.202173
33.918000	0.427812
33.920000	0.413320
33.922000	0.328167
33.924000	0.172712
33.926000	0.453522
33.928000	0.346144
33.930000	0.282499
33.932000	0.100154
33.934000	0.210063
33.936000	0.206571
33.938000	0.152808
33.940000	0.201167
33.942000	0.095813
33.944000	0.180580
33.946000	0.172174
33.948000	0.095589
33.950000	0.122694
33.952000	0.109024
33.954000	0.014796
33.956000	0.072536
33.958000	0.098086
33.960000	0.234697
33.962000	-0.141939
33.964000	0.038305
33.966000	-0.009905
33.968000	0.089260
33.970000	-0.023138
33.972000	0.083264
33.974000	-0.030054
33.976000	-0.155840
33.978000	-0.099976
33.980000	-0.081548
33.982000	-0.049910
33.984000	-0.031771
33.986000	-0.017243
33.988000	-0.236676
33.990000	0.036098
33.992000	-0.080982
33.994000	-0.221662
33.996000	-0.124082
33.998000	-0.083264
34.000000	0.055093
34.002000	-0.380281
34.004000	-0.061160
34.006000	-0.229457
34.008000	-0.059457
34.010000	-0.281174
34.012000	-0.153358
34.014000	-0.342533
34.016000	-0.049112
34.018000	-0.176167
34.020000	-0.202657
34.022000	-0.113875
34.024000	-0.157662
34.026000	-0.129394
34.028000	-0.233279
34.030000	0.143246
34.032000	-0.229073
34.034000	0.007807
34.036000	-0.307685
34.038000	0.107209
34.040000	-0.118499
34.042000	-0.010259
34.044000	-0.258290
34.046000	-0.096624
34.048000	-0.074351
34.050000	-0.215890
34.052000	0.106501
34.054000	0.017032
34.056000	-0.389541
34.058000	-0.061464
34.060000	0.038599
34.062000	-0.047314
34.064000	-0.083926
34.066000	-0.110886
34.068000	-0.028060
34.070000	-0.161763
34.072000	-0.048023
34.074000	-0.286795
34.076000	-0.035535
34.078000	-0.131172
34.080000	0.069712
34.082000	-0.212943
34.084000	-0.158409
34.086000	-0.260916
34.088000	-0.203387
34.090000	0.107503
34.092000	-0.090963
34.094000	0.007368
34.096000	-0.090015
34.098000	-0.119305
34.100000	-0.034426
34.102000	0.158278
34.104000	0.022437
34.106000	-0.150609
34.108000	-0.137388
34.110000	-0.032378
34.112000	0.085949
34.114000	-0.179259
34.116000	0.083147
34.118000	-0.052705
34.120000	0.022618
34.122000	-0.240013
34.124000	-0.061334
34.126000	-0.023252
34.128000	0.080676
34.130000	-0.054549
34.132000	-0.057639
34.134000	0.082278
34.136000	-0.047713
34.138000	0.029924
34.140000	-0.108317
34.142000	-0.035657
34.144000	0.076680
34.146000	-0.071418
34.148000	-0.235237
34.150000	-0.113673
34.152000	-0.036258
34.154000	0.094362
34.156000	0.130059
34.158000	-0.121406
34.160000	0.150266
34.162000	-0.108930
34.164000	-0.161243
34.166000	-0.249755
34.168000	-0.110060
34.170000	0.045861
34.172000	-0.129710
34.174000	-0.067293
34.176000	-0.133289
34.178000	-0.168037
34.180000	-0.090314
34.182000	-0.028758
34.184000	0.026431
34.186000	-0.225240
34.188000	0.115965
34.190000	-0.153703
34.192000	-0.135661
34.194000	-0.074618
34.196000	-0.047557
34.198000	0.030449
34.200000	-0.046341
34.202000	-0.054285
34.204000	-0.166628
34.206000	-0.237834
34.208000	0.095979
34.210000	-0.074754
34.212000	-0.050485
34.214000	-0.021882
34.216000	-0.070186
34.218000	-0.177013
34.220000	-0.210166
34.222000	0.143616
34.224000	-0.047683
34.226000	-0.188089
34.228000	-0.072113
34.230000	-0.092082
34.232000	-0.067738
34.234000	0.025699
34.236000	0.161821
34.238000	0.148876
34.240000	0.033986
34.242000	-0.217219
34.244000	-0.041712
34.246000	0.065423
34.248000	-0.007641
34.250000	-0.072440
34.252000	0.244460
34.254000	-0.233909
34.256000	0.152408
34.258000	-0.161892
34.260000	0.223208
34.262000	-0.100840
34.264000	0.021600
34.266000	-0.147619
34.268000	0.036490
34.270000	-0.073815
34.272000	-0.164571
34.274000	0.009263
34.276000	-0.128895
34.278000	0.001637
34.280000	0.107893
34.282000	0.013984
34.284000	-0.020235
34.286000	-0.042773
34.288000	0.047295
34.290000	0.012747
34.292000	-0.034387
34.294000	-0.014634
34.296000	0.190105
34.298000	-0.117656
34.300000	0.274479
34.302000	0.007357
34.304000	0.008953
34.306000	-0.176772
34.308000	-0.199593
34.310000	-0.053734
34.312000	-0.103594
34.314000	-0.264898
34.316000	-0.247020
34.318000	-0.149318
34.320000	0.028917
34.322000	-0.220325
34.324000	-0.157173
34.326000	-0.221578
34.328000	-0.161907
34.330000	-0.265666
34.332000	-0.123746
34.334000	0.081858
34.336000	-0.200934
34.338000	-0.156061
34.340000	-0.082938
34.342000	-0.145345
34.344000	-0.354080
34.346000	-0.115965
34.348000	-0.093456
34.350000	-0.168168
34.352000	-0.190042
34.354000	-0.058147
34.356000	-0.108039
34.358000	-0.028140
34.360000	-0.110769
34.362000	-0.257143
34.364000	-0.101898
34.366000	-0.222026
34.368000	-0.024528
34.370000	-0.281869
34.372000	-0.135545
34.374000	-0.165843
34.376000	-0.226977
34.378000	-0.280867
34.380000	-0.219674
34.382000	-0.241769
34.384000	-0.086258
34.386000	-0.192971
34.388000	0.004858
34.390000	0.045828
34.392000	-0.144696
34.394000	-0.146480
34.396000	-0.282118
34.398000	-0.266473
34.400000	-0.089767
34.402000	-0.056484
34.404000	-0.278707
34.406000	-0.092442
34.408000	-0.333437
34.410000	-0.191904
34.412000	-0.153948
34.414000	-0.156214
34.416000	-0.092671
34.418000	-0.139026
34.420000	-0.180255
34.422000	-0.065609
34.424000	-0.342196
34.426000	-0.188933
34.428000	-0.107193
34.430000	-0.138505
34.432000	-0.183619
34.434000	-0.252097
34.436000	-0.351082
34.438000	-0.155982
34.440000	-0.256695
34.442000	-0.269714
34.444000	-0.244697
34.446000	-0.177559
34.448000	-0.037055
34.450000	0.015283
34.452000	-0.220165
34.454000	-0.148362
34.456000	-0.234147
34.458000	-0.295142
34.460000	-0.343860
34.462000	-0.164710
34.464000	-0.236052
34.466000	-0.098136
34.468000	-0.230528
34.470000	-0.182511
34.472000	-0.234131
34.474000	0.029838
34.476000	-0.166462
34.478000	-0.177120
34.480000	-0.219741
34.482000	-0.216468
34.484000	-0.287667
34.486000	-0.125606
34.488000	-0.042130
34.490000	-0.145281
34.492000	-0.195031
34.494000	-0.187147
34.496000	-0.275826
34.498000	-0.127582
34.500000	0.003310
34.502000	-0.297646
34.504000	-0.094035
34.506000	0.036004
34.508000	-0.201195
34.510000	-0.260685
34.512000	-0.146259
34.514000	0.055957
34.516000	-0.259977
34.518000	-0.127616
34.520000	-0.222325
34.522000	-0.110686
34.524000	-0.140012
34.526000	-0.176071
34.528000	-0.147030
34.530000	-0.165222
34.532000	-0.101470
34.534000	-0.134224
34.536000	-0.200956
34.538000	-0.126058
34.540000	-0.107756
34.542000	-0.229136
34.544000	0.051494
34.546000	-0.253551
34.548000	0.153878
34.550000	-0.269632
34.552000	-0.228588
34.554000	-0.106268
34.556000	-0.123351
34.558000	0.074766
34.560000	-0.214472
34.562000	-0.107348
34.564000	-0.309338
34.566000	-0.270837
34.568000	-0.192919
34.570000	-0.079055
34.572000	-0.225777
34.574000	0.003471
34.576000	-0.052694
34.578000	-0.019948
34.580000	-0.279187
34.582000	-0.067409
34.584000	-0.135021
34.586000	0.021545
34.588000	-0.088761
34.590000	-0.000213
34.592000	-0.122994
34.594000	-0.200561
34.596000	-0.006144
34.598000	-0.061953
34.600000	0.079059
34.602000	-0.228621
34.604000	-0.177326
34.606000	-0.067933
34.608000	0.008551
34.610000	0.060706
34.612000	-0.109484
34.614000	-0.106145
34.616000	0.019244
34.618000	-0.154810
34.620000	-0.147869
34.622000	-0.022025
34.624000	-0.214864
34.626000	-0.045474
34.628000	-0.232203
34.630000	-0.274237
34.632000	-0.242683
34.634000	-0.192313
34.636000	-0.062361
34.638000	-0.182003
34.640000	-0.266783
34.642000	0.014026
34.644000	0.007766
34.646000	0.055855
34.648000	-0.131919
34.650000	0.030457
34.652000	-0.237577
34.654000	-0.005691
34.656000	0.089141
34.658000	-0.097420
34.660000	0.044291
34.662000	0.053607
34.664000	-0.159701
34.666000	-0.082769
34.668000	-0.104426
34.670000	-0.169272
34.672000	-0.087846
34.674000	-0.014136
34.676000	-0.044031
34.678000	0.003024
34.680000	0.026491
34.682000	0.019288
34.684000	-0.133783
34.686000	0.008046
34.688000	-0.031090
34.690000	-0.067986
34.692000	0.159877
34.694000	-0.146829
34.696000	-0.164839
34.698000	-0.143040
34.700000	-0.203728
34.702000	-0.140389
34.704000	-0.063952
34.706000	0.056543
34.708000	0.019055
34.710000	-0.040356
34.712000	0.004986
34.714000	-0.032338
34.716000	0.113456
34.718000	-0.007646
34.720000	-0.157514
34.722000	-0.068586
34.724000	-0.049996
34.726000	0.002249
34.728000	0.046209
34.730000	-0.022343
34.732000	-0.018700
34.734000	-0.096938
34.736000	0.027874
34.738000	-0.068871
34.740000	-0.035898
34.742000	-0.030846
34.744000	0.151424
34.746000	-0.188990
34.748000	-0.064716
34.750000	0.023025
34.752000	-0.150634
34.754000	-0.050427
34.756000	-0.014402
34.758000	-0.077743
34.760000	-0.044145
34.762000	0.218527
34.764000	-0.245660
34.766000	0.081815
34.768000	0.030723
34.770000	-0.029003
34.772000	-0.148067
34.774000	-0.060854
34.776000	-0.210212
34.778000	-0.053154
34.780000	-0.024525
34.782000	0.013027
34.784000	-0.085425
34.786000	0.080465
34.788000	0.096171
34.790000	0.068749
34.792000	-0.245519
34.794000	-0.063093
34.796000	0.034783
34.798000	0.083454
34.800000	0.004693
34.802000	0.009073
34.804000	0.165824
34.806000	-0.046178
34.808000	0.130741
34.810000	0.082583
34.812000	-0.048547
34.814000	0.090228
34.816000	-0.281224
34.818000	0.410164
34.820000	0.427130
34.822000	-0.177385
34.824000	0.203108
34.826000	0.130401
34.828000	-0.364646
34.830000	-0.251762
34.832000	0.019417
34.834000	-0.090824
34.836000	0.195233
34.838000	0.030728
34.840000	0.131511
34.842000	-0.431854
34.844000	0.345979
34.846000	-0.396180
34.848000	-0.226946
34.850000	-0.197681
34.852000	-0.239000
34.854000	-0.815839
34.856000	0.107893
34.858000	-0.207947
34.860000	0.321972
34.862000	-0.183957
34.864000	0.331290
34.866000	0.179394
34.868000	0.484880
34.870000	1.440612
34.872000	1.351767
34.874000	1.407523
34.876000	1.397903
34.878000	2.197396
34.880000	1.493574
34.882000	1.448037
34.884000	1.541035
34.886000	0.950083
34.888000	1.165264
34.890000	0.665983
34.892000	0.022534
34.894000	-0.303901
34.896000	0.093336
34.898000	0.307947
34.900000	-0.084277
34.902000	-0.533917
34.904000	-0.429044
34.906000	-0.003963
34.908000	0.255072
34.910000	-0.014726
34.912000	-0.236250
34.914000	-0.463136
34.916000	0.028023
34.918000	-0.009048
34.920000	0.394176
34.922000	-0.267721
34.924000	-0.378971
34.926000	-0.080331
34.928000	-0.218773
34.930000	-0.407195
34.932000	0.168240
34.934000	0.029536
34.936000	-0.412442
34.938000	0.143019
34.940000	0.227074
34.942000	-0.191547
34.944000	-0.073802
34.946000	0.086425
34.948000	-0.099789
34.950000	0.026696
34.952000	0.218637
34.954000	-0.070084
34.956000	0.206799
34.958000	0.490118
34.960000	0.233069
34.962000	-0.261979
34.964000	0.292324
34.966000	0.140476
34.968000	-0.284223
34.970000	-0.425952
34.972000	0.201402
34.974000	0.231975
34.976000	-0.807209
34.978000	-0.142083
34.980000	0.279892
34.982000	0.287863
34.984000	-0.183525
34.986000	-0.541435
34.988000	-0.065706
34.990000	-0.076003
34.992000	0.211842
34.994000	-0.104397
34.996000	0.339230
34.998000	0.056861
35.000000	-0.707056
35.002000	0.208440
35.004000	-0.311942
35.006000	-0.093452
35.008000	0.575421
35.010000	0.097835
35.012000	-0.433369
35.014000	0.293376
35.016000	-0.304972
35.018000	-0.314121
35.020000	-0.285515
35.022000	0.127143
35.024000	0.208627
35.026000	-0.741502
35.028000	-0.032692
35.030000	0.056443
35.032000	0.105453
35.034000	0.084039
35.036000	-0.097820
35.038000	-0.299130
35.040000	0.098279
35.042000	0.035396
35.044000	-0.375209
35.046000	0.341650
35.048000	0.144176
35.050000	-0.146909
35.052000	-0.123410
35.054000	0.056290
35.056000	0.135444
35.058000	0.762821
35.060000	0.131181
35.062000	0.254566
35.064000	0.012567
35.066000	-0.306459
35.068000	0.321632
35.070000	0.231921
35.072000	0.067139
35.074000	-0.090609
35.076000	0.097841
35.078000	0.819065
35.080000	0.440277
35.082000	0.376790
35.084000	0.335829
35.086000	0.345663
35.088000	0.086449
35.090000	0.496786
35.092000	0.577199
35.094000	0.146556
35.096000	-0.014344
35.098000	0.234447
35.100000	0.376326
35.102000	-0.217216
35.104000	0.470175
35.106000	0.231395
35.108000	0.588867
35.110000	0.237748
35.112000	-0.109001
35.114000	0.544847
35.116000	0.218522
35.118000	0.247327
35.120000	-0.087232
35.122000	0.360926
35.124000	0.419917
35.126000	-0.045420
35.128000	-0.255845
35.130000	-0.154987
35.132000	0.493555
35.134000	-0.140274
35.136000	0.667792
35.138000	0.239977
35.140000	-0.073702
35.142000	1.075244
35.144000	0.232369
35.146000	0.803133
35.148000	0.326035
35.150000	0.191272
35.152000	-0.141615
35.154000	0.009790
35.156000	0.346282
35.158000	0.067407
35.160000	-0.098933
35.162000	0.219518
35.164000	0.382801
35.166000	0.161978
35.168000	0.153982
35.170000	-0.221732
35.172000	0.291983
35.174000	0.063547
35.176000	-0.254015
35.178000	0.509966
35.180000	-0.293256
35.182000	0.195347
35.184000	-0.106492
35.186000	0.345285
35.188000	-0.193811
35.190000	0.123019
35.192000	-0.166545
35.194000	0.168258
35.196000	0.163539
35.198000	-0.372453
35.200000	-0.413341
35.202000	-0.003106
35.204000	-0.120926
35.206000	0.449345
35.208000	-0.526532
35.210000	0.051291
35.212000	-0.123290
35.214000	0.172548
35.216000	-0.009770
35.218000	-0.550405
35.220000	-0.662893
35.222000	-0.356954
35.224000	-0.263037
35.226000	-0.337444
35.228000	-0.278276
35.230000	-0.321244
35.232000	-0.326514
35.234000	0.066145
35.236000	-0.564430
35.238000	-0.136616
35.240000	0.005189
35.242000	-0.035885
35.244000	0.149107
35.246000	0.238409
35.248000	-0.229780
35.250000	0.096392
35.252000	-0.029665
35.254000	-0.113338
35.256000	-0.287907
35.258000	0.018868
35.260000	-0.240412
35.262000	-0.611768
35.264000	-0.390722
35.266000	-0.134327
35.268000	0.017700
35.270000	-0.176914
35.272000	-0.248011
35.274000	-0.348459
35.276000	-0.015699
35.278000	-0.743212
35.280000	-0.368411
35.282000	0.563485
35.284000	-0.027105
35.286000	0.126894
35.288000	0.065528
35.290000	0.202052
35.292000	-0.369980
35.294000	0.040417
35.296000	-0.170879
35.298000	-0.248944
35.300000	0.035945
35.302000	0.066730
35.304000	-0.060123
35.306000	-0.164452
35.308000	0.035309
35.310000	-0.088932
35.312000	0.139459
35.314000	-0.304692
35.316000	-0.492373
35.318000	0.043807
35.320000	-0.174887
35.322000	-0.167081
35.324000	-0.048852
35.326000	0.103130
35.328000	0.014115
35.330000	-0.155066
35.332000	-0.179216
35.334000	-0.074951
35.336000	-0.086453
35.338000	-0.219030
35.340000	-0.209608
35.342000	-0.137115
35.344000	0.023098
35.346000	-0.191379
35.348000	-0.129858
35.350000	-0.197284
35.352000	-0.127883
35.354000	-0.213176
35.356000	-0.096654
35.358000	0.067468
35.360000	-0.172971
35.362000	-0.138391
35.364000	-0.058812
35.366000	-0.128878
35.368000	-0.289638
35.370000	-0.083819
35.372000	-0.083403
35.374000	-0.145636
35.376000	-0.170777
35.378000	-0.040622
35.380000	-0.074930
35.382000	-0.051597
35.384000	-0.103837
35.386000	-0.216077
35.388000	-0.071766
35.390000	-0.191398
35.392000	-0.019435
35.394000	-0.221611
35.396000	-0.099826
35.398000	-0.132768
35.400000	-0.175901
35.402000	-0.222965
35.404000	-0.156677
35.406000	-0.206266
35.408000	-0.063705
35.410000	-0.175957
35.412000	-0.010611
35.414000	0.035842
35.416000	-0.125215
35.418000	-0.127130
35.420000	-0.235485
35.422000	-0.218495
35.424000	-0.074954
35.426000	-0.042592
35.428000	-0.222148
35.430000	-0.077623
35.432000	-0.274820
35.434000	-0.167472
35.436000	-0.106123
35.438000	-0.101128
35.440000	-0.081830
35.442000	-0.110171
35.444000	-0.143221
35.446000	-0.054120
35.448000	-0.285366
35.450000	-0.141051
35.452000	-0.084277
35.454000	-0.116425
35.456000	-0.138538
35.458000	-0.210520
35.460000	-0.293754
35.462000	-0.119518
35.464000	-0.230321
35.466000	-0.236976
35.468000	-0.188061
35.470000	-0.147312
35.472000	-0.036876
35.474000	0.017272
35.476000	-0.184731
35.478000	-0.121906
35.480000	-0.204259
35.482000	-0.255156
35.484000	-0.296754
35.486000	-0.137347
35.488000	-0.210165
35.490000	-0.078836
35.492000	-0.203672
35.494000	-0.176853
35.496000	-0.187602
35.498000	0.024912
35.500000	-0.141568
35.502000	-0.161831
35.504000	-0.165584
35.506000	-0.191097
35.508000	-0.237071
35.510000	-0.103985
35.512000	-0.042209
35.514000	-0.131920
35.516000	-0.168990
35.518000	-0.175336
35.520000	-0.228553
35.522000	-0.106192
35.524000	0.002971
35.526000	-0.257609
35.528000	-0.092479
35.530000	0.011982
35.532000	-0.198090
35.534000	-0.211115
35.536000	-0.121048
35.538000	0.032467
35.540000	-0.234930
35.542000	-0.096807
35.544000	-0.186544
35.546000	-0.108527
35.548000	-0.140785
35.550000	-0.166334
35.552000	-0.119106
35.554000	-0.176846
35.556000	-0.083393
35.558000	-0.126238
35.560000	-0.173243
35.562000	-0.108330
35.564000	-0.102087
35.566000	-0.210235
35.568000	0.023018
35.570000	-0.218704
35.572000	0.114671
35.574000	-0.241527
35.576000	-0.206228
35.578000	-0.077879
35.580000	-0.119109
35.582000	0.048007
35.584000	-0.190398
35.586000	-0.108452
35.588000	-0.264933
35.590000	-0.235201
35.592000	-0.190436
35.594000	-0.054321
35.596000	-0.180342
35.598000	-0.002172
35.600000	-0.050539
35.602000	-0.021836
35.604000	-0.250909
35.606000	-0.074933
35.608000	-0.142986
35.610000	0.016973
35.612000	-0.077097
35.614000	-0.001994
35.616000	-0.120218
35.618000	-0.172271
35.620000	-0.012372
35.622000	-0.055348
35.624000	0.057113
35.626000	-0.210041
35.628000	-0.142218
35.630000	-0.058204
35.632000	-0.009567
35.634000	0.041392
35.636000	-0.084569
35.638000	-0.111728
35.640000	0.018074
35.642000	-0.132890
35.644000	-0.119076
35.646000	-0.021317
35.648000	-0.215498
35.650000	-0.039162
35.652000	-0.190424
35.654000	-0.231231
35.656000	-0.209996
35.658000	-0.176221
35.660000	-0.054349
35.662000	-0.163171
35.664000	-0.218177
35.666000	0.015776
35.668000	-0.010553
35.670000	0.036975
35.672000	-0.129796
35.674000	0.035388
35.676000	-0.187812
35.678000	-0.007563
35.680000	0.072826
35.682000	-0.095691
35.684000	0.034178
35.686000	0.044813
35.688000	-0.140305
35.690000	-0.084954
35.692000	-0.103583
35.694000	-0.140457
35.696000	-0.096188
35.698000	-0.018206
35.700000	-0.055847
35.702000	-0.019563
35.704000	0.008887
35.706000	0.018195
35.708000	-0.119231
35.710000	-0.019476
35.712000	-0.042057
35.714000	-0.077577
35.716000	0.121447
35.718000	-0.155312
35.720000	-0.167229
35.722000	-0.143323
35.724000	-0.176251
35.726000	-0.150611
35.728000	-0.079002
35.730000	0.001790
35.732000	0.003609
35.734000	-0.051459
35.736000	-0.013779
35.738000	-0.038047
35.740000	0.094467
35.742000	-0.020494
35.744000	-0.134445
35.746000	-0.049844
35.748000	-0.021291
35.750000	0.009518
35.752000	0.069635
35.754000	-0.010431
35.756000	0.002475
35.758000	-0.074243
35.760000	0.051798
35.762000	-0.030027
35.764000	0.016207
35.766000	0.010373
35.768000	0.174954
35.770000	-0.121961
35.772000	-0.008985
35.774000	0.079202
35.776000	-0.084436
35.778000	-0.025456
35.780000	0.006626
35.782000	-0.026179
35.784000	-0.013207
35.786000	0.211653
35.788000	-0.183013
35.790000	0.087498
35.792000	0.041413
35.794000	-0.010363
35.796000	-0.106326
35.798000	-0.048921
35.800000	-0.156024
35.802000	-0.031128
35.804000	-0.002967
35.806000	0.030260
35.808000	-0.045912
35.810000	0.082112
35.812000	0.074427
35.814000	0.060861
35.816000	-0.179117
35.818000	-0.039699
35.820000	0.055394
35.822000	0.083867
35.824000	0.019117
35.826000	0.023478
35.828000	0.144581
35.830000	-0.036856
35.832000	0.131425
35.834000	0.076851
35.836000	-0.029176
35.838000	0.082033
35.840000	-0.187817
35.842000	-0.352084
35.844000	0.549274
35.846000	0.169470
35.848000	-0.186634
35.850000	0.370413
35.852000	-0.186176
35.854000	-0.208579
35.856000	-0.669376
35.858000	0.035473
35.860000	-0.066508
35.862000	0.267367
35.864000	-0.297831
35.866000	-0.375900
35.868000	-0.294169
35.870000	-0.194048
35.872000	0.331038
35.874000	0.340135
35.876000	0.447023
35.878000	0.184160
35.880000	0.330755
35.882000	-0.234673
35.884000	-0.485552
35.886000	0.164286
35.888000	0.161297
35.890000	-0.488918
35.892000	-0.312344
35.894000	0.195367
35.896000	0.007216
35.898000	-0.138557
35.900000	-0.307110
35.902000	0.246817
35.904000	0.015522
35.906000	-0.051190
35.908000	0.020376
35.910000	0.201796
35.912000	0.351766
35.914000	0.186051
35.916000	0.175475
35.918000	0.045497
35.920000	-0.060674
35.922000	-0.050947
35.924000	0.235925
35.926000	-0.472075
35.928000	-0.397281
35.930000	0.217758
35.932000	0.313951
35.934000	-0.136357
35.936000	0.430568
35.938000	0.219493
35.940000	-0.169259
35.942000	0.023527
35.944000	0.271992
35.946000	0.139052
35.948000	-0.181556
35.950000	0.396542
35.952000	0.352314
35.954000	0.558146
35.956000	0.131266
35.958000	0.479768
35.960000	0.637120
35.962000	-0.133591
35.964000	0.114865
35.966000	0.050562
35.968000	-0.040118
35.970000	-0.278771
35.972000	0.414130
35.974000	-0.398830
35.976000	-0.153783
35.978000	0.235430
35.980000	-0.293310
35.982000	0.480902
35.984000	-0.272242
35.986000	0.192488
35.988000	0.472930
35.990000	-0.334706
35.992000	0.649543
35.994000	0.248287
35.996000	1.061755
35.998000	-0.024209
36.000000	-0.028090
36.002000	-0.093725
36.004000	0.064581
36.006000	0.102602
36.008000	0.200832
36.010000	-0.003819
36.012000	0.308200
36.014000	-0.164361
36.016000	0.325306
36.018000	0.054539
36.020000	0.413272
36.022000	-0.599323
36.024000	-0.079310
36.026000	0.493205
36.028000	0.544535
36.030000	0.241721
36.032000	-0.150559
36.034000	0.279774
36.036000	-0.243597
36.038000	0.117370
36.040000	0.040125
36.042000	-0.157810
36.044000	-0.074185
36.046000	0.745897
36.048000	-0.051516
36.050000	0.134486
36.052000	0.181034
36.054000	0.170203
36.056000	-0.455279
36.058000	0.206000
36.060000	0.158670
36.062000	0.892310
36.064000	0.413713
36.066000	0.432687
36.068000	0.534925
36.070000	0.584757
36.072000	0.561353
36.074000	0.809171
36.076000	1.681238
36.078000	1.275880
36.080000	1.468718
36.082000	2.021911
36.084000	1.289580
36.086000	1.328347
36.088000	1.892106
36.090000	1.334465
36.092000	1.002939
36.094000	0.125869
36.096000	0.665950
36.098000	-0.417661
36.100000	0.090702
36.102000	-0.309361
36.104000	-0.209126
36.106000	-0.012550
36.108000	-0.640150
36.110000	-0.641027
36.112000	-0.897461
36.114000	-0.433106
36.116000	-0.982356
36.118000	-0.747836
36.120000	0.149075
36.122000	-0.354668
36.124000	-0.428351
36.126000	-0.190155
36.128000	-0.192915
36.130000	0.241037
36.132000	0.227197
36.134000	0.093635
36.136000	0.047959
36.138000	-0.143372
36.140000	0.205829
36.142000	0.035910
36.144000	-0.105000
36.146000	-0.662353
36.148000	0.502977
36.150000	-0.091821
36.152000	-0.173579
36.154000	0.092371
36.156000	-0.020663
36.158000	0.020890
36.160000	-0.199715
36.162000	-0.158115
36.164000	-0.286971
36.166000	0.058443
36.168000	-0.147844
36.170000	0.198550
36.172000	-0.103507
36.174000	-0.184060
36.176000	0.365420
36.178000	-0.236040
36.180000	-0.139687
36.182000	-0.407388
36.184000	0.292471
36.186000	-0.140811
36.188000	0.306957
36.190000	-0.448849
36.192000	0.092913
36.194000	0.321347
36.196000	-0.178465
36.198000	-0.144415
36.200000	-0.370936
36.202000	0.063642
36.204000	0.479001
36.206000	0.440237
36.208000	0.374005
36.210000	0.175606
36.212000	0.265645
36.214000	0.181817
36.216000	-0.191845
36.218000	0.006227
36.220000	0.143177
36.222000	0.371083
36.224000	-0.260937
36.226000	0.254762
36.228000	0.356016
36.230000	-0.165528
36.232000	0.545068
36.234000	0.418212
36.236000	0.182745
36.238000	0.118830
36.240000	0.284228
36.242000	0.069829
36.244000	0.133855
36.246000	0.584334
36.248000	-0.187985
36.250000	0.201461
36.252000	0.239727
36.254000	0.146343
36.256000	0.277474
36.258000	0.137796
36.260000	-0.162053
36.262000	-0.123134
36.264000	0.160156
36.266000	0.339879
36.268000	0.743945
36.270000	-0.187911
36.272000	-0.182212
36.274000	0.211207
36.276000	0.229243
36.278000	-0.018585
36.280000	0.039322
36.282000	-0.164266
36.284000	-0.153354
36.286000	0.009551
36.288000	0.545001
36.290000	-0.239081
36.292000	0.542698
36.294000	0.225712
36.296000	0.282246
36.298000	0.066273
36.300000	0.062499
36.302000	0.263199
36.304000	0.098941
36.306000	-0.079059
36.308000	0.186320
36.310000	0.119107
36.312000	0.630483
36.314000	0.545213
36.316000	0.198104
36.318000	0.436723
36.320000	0.432955
36.322000	0.036339
36.324000	0.183787
36.326000	-0.395688
36.328000	0.186905
36.330000	0.035682
36.332000	0.095246
36.334000	-0.167730
36.336000	0.323908
36.338000	-0.349289
36.340000	0.123017
36.342000	0.533916
36.344000	-0.410612
36.346000	0.137722
36.348000	-0.059092
36.350000	-0.073935
36.352000	0.140563
36.354000	0.382112
36.356000	0.375624
36.358000	0.110012
36.360000	0.423014
36.362000	0.420531
36.364000	0.315949
36.366000	0.539022
36.368000	0.202088
36.370000	0.431861
36.372000	0.349829
36.374000	0.386893
36.376000	0.283901
36.378000	0.398265
36.380000	0.390002
36.382000	0.210198
36.384000	0.428601
36.386000	0.418979
36.388000	0.456431
36.390000	0.293684
36.392000	0.385856
36.394000	0.190405
36.396000	0.148342
36.398000	0.333398
36.400000	0.346698
36.402000	0.375380
36.404000	0.184263
36.406000	-0.072202
36.408000	0.357262
36.410000	0.308295
36.412000	0.072097
36.414000	0.276578
36.416000	0.162413
36.418000	0.218552
36.420000	0.168710
36.422000	0.083922
36.424000	0.183464
36.426000	0.183208
36.428000	0.116009
36.430000	-0.059084
36.432000	-0.112046
36.434000	0.127522
36.436000	0.033050
36.438000	-0.311032
36.440000	0.173869
36.442000	0.081953
36.444000	0.233297
36.446000	0.148306
36.448000	0.019927
36.450000	-0.024407
36.452000	-0.016533
36.454000	0.051580
36.456000	0.178992
36.458000	-0.116253
36.460000	-0.033947
36.462000	-0.105776
36.464000	-0.230913
36.466000	0.028146
36.468000	-0.153891
36.470000	-0.078162
36.472000	0.000868
36.474000	0.081519
36.476000	-0.215388
36.478000	-0.151705
36.480000	-0.213821
36.482000	0.196406
36.484000	0.113877
36.486000	-0.123138
36.488000	-0.048576
36.490000	-0.010383
36.492000	-0.015336
36.494000	-0.222835
36.496000	-0.038149
36.498000	0.067045
36.500000	0.024293
36.502000	0.014412
36.504000	-0.245542
36.506000	0.022611
36.508000	0.041112
36.510000	0.140290
36.512000	0.004483
36.514000	-0.034433
36.516000	-0.002304
36.518000	0.062361
36.520000	-0.308953
36.522000	-0.134986
36.524000	-0.226503
36.526000	0.099176
36.528000	0.124155
36.530000	0.034373
36.532000	0.125988
36.534000	0.075387
36.536000	-0.135103
36.538000	-0.105902
36.540000	-0.203955
36.542000	-0.146429
36.544000	0.030232
36.546000	0.029821
36.548000	-0.132247
36.550000	0.042898
36.552000	-0.072514
36.554000	-0.040586
36.556000	-0.215136
36.558000	-0.068406
36.560000	-0.070846
36.562000	-0.187305
36.564000	0.115119
36.566000	-0.100706
36.568000	-0.083465
36.570000	-0.023471
36.572000	-0.057172
36.574000	-0.224192
36.576000	0.039398
36.578000	-0.215499
36.580000	-0.155557
36.582000	-0.107607
36.584000	-0.048096
36.586000	-0.028221
36.588000	-0.006878
36.590000	0.028350
36.592000	-0.077837
36.594000	0.013632
36.596000	-0.255743
36.598000	-0.048907
36.600000	0.177520
36.602000	-0.030255
36.604000	-0.053178
36.606000	0.076161
36.608000	-0.044254
36.610000	-0.063600
36.612000	0.139690
36.614000	0.062213
36.616000	0.007141
36.618000	-0.095636
36.620000	0.069755
36.622000	0.027478
36.624000	0.027419
36.626000	-0.099510
36.628000	0.114160
36.630000	-0.091719
36.632000	-0.003406
36.634000	-0.053634
36.636000	0.059457
36.638000	-0.151366
36.640000	0.054766
36.642000	0.081295
36.644000	-0.070308
36.646000	-0.047494
36.648000	-0.167790
36.650000	0.160829
36.652000	0.049708
36.654000	0.043247
36.656000	0.008140
36.658000	0.028684
36.660000	0.103259
36.662000	0.084207
36.664000	-0.078871
36.666000	-0.054739
36.668000	-0.072039
36.670000	-0.022854
36.672000	-0.045319
36.674000	0.057600
36.676000	0.171473
36.678000	0.087636
36.680000	-0.055738
36.682000	0.104536
36.684000	-0.007335
36.686000	-0.029397
36.688000	0.068047
36.690000	-0.087561
36.692000	-0.023938
36.694000	0.110415
36.696000	-0.074556
36.698000	-0.083367
36.700000	-0.167084
36.702000	-0.115952
36.704000	-0.158748
36.706000	-0.094436
36.708000	-0.080423
36.710000	-0.058987
36.712000	0.099185
36.714000	0.021932
36.716000	0.156171
36.718000	0.095060
36.720000	0.128768
36.722000	0.000233
36.724000	-0.101575
36.726000	-0.080928
36.728000	-0.003083
36.730000	0.029939
36.732000	0.094227
36.734000	-0.126748
36.736000	0.108816
36.738000	-0.071422
36.740000	-0.051823
36.742000	0.042249
36.744000	0.054549
36.746000	0.004391
36.748000	-0.052042
36.750000	0.023739
36.752000	-0.072703
36.754000	-0.016443
36.756000	0.027971
36.758000	-0.061794
36.760000	-0.134275
36.762000	0.016892
36.764000	0.048096
36.766000	0.051416
36.768000	-0.008103
36.770000	-0.044163
36.772000	-0.052193
36.774000	-0.082250
36.776000	-0.187208
36.778000	-0.000131
36.780000	-0.013085
36.782000	0.221738
36.784000	-0.067388
36.786000	-0.130251
36.788000	-0.031603
36.790000	0.047615
36.792000	-0.052621
36.794000	-0.031744
36.796000	-0.015017
36.798000	-0.048099
36.800000	0.034688
36.802000	0.014439
36.804000	-0.071086
36.806000	0.086250
36.808000	0.045205
36.810000	-0.196899
36.812000	0.186298
36.814000	-0.059793
36.816000	-0.180132
36.818000	-0.076734
36.820000	-0.034920
36.822000	-0.095780
36.824000	-0.019346
36.826000	-0.212413
36.828000	0.032771
36.830000	-0.203848
36.832000	-0.090724
36.834000	0.067461
36.836000	-0.130523
36.838000	-0.124800
36.840000	-0.051910
36.842000	-0.027868
36.844000	0.191685
36.846000	-0.091136
36.848000	0.092127
36.850000	0.111098
36.852000	-0.166993
36.854000	0.019829
36.856000	-0.031794
36.858000	-0.050446
36.860000	0.101672
36.862000	-0.073701
36.864000	0.329949
36.866000	-0.033469
36.868000	0.094942
36.870000	-0.162121
36.872000	0.411528
36.874000	0.436927
36.876000	-0.135810
36.878000	-0.200863
36.880000	-0.333219
36.882000	-0.005972
36.884000	-0.592643
36.886000	0.011219
36.888000	-0.137893
36.890000	0.090896
36.892000	-0.012680
36.894000	-0.341297
36.896000	0.506401
36.898000	-0.501058
36.900000	-0.025870
36.902000	0.231656
36.904000	-0.117957
36.906000	0.329983
36.908000	0.081136
36.910000	-0.149437
36.912000	-0.279764
36.914000	-0.746243
36.916000	0.222849
36.918000	-0.636868
36.920000	0.201952
36.922000	-0.131662
36.924000	-0.234432
36.926000	-0.139307
36.928000	0.049740
36.930000	0.438976
36.932000	0.016579
36.934000	-0.116637
36.936000	-0.044686
36.938000	0.045269
36.940000	-0.095816
36.942000	0.398812
36.944000	0.298500
36.946000	-0.057868
36.948000	-0.354678
36.950000	-0.192684
36.952000	-0.116717
36.954000	0.070100
36.956000	0.076550
36.958000	0.011487
36.960000	0.101321
36.962000	0.064369
36.964000	-0.084382
36.966000	-0.089216
36.968000	0.015088
36.970000	-0.299459
36.972000	0.122220
36.974000	0.288991
36.976000	-0.128762
36.978000	-0.140133
36.980000	0.121781
36.982000	-0.028352
36.984000	-0.052738
36.986000	0.103726
36.988000	-0.022401
36.990000	0.224061
36.992000	0.443875
36.994000	-0.165925
36.996000	0.038326
36.998000	0.352871
37.000000	-0.109741
37.002000	0.095241
37.004000	0.163426
37.006000	-0.031078
37.008000	0.248283
37.010000	-0.171962
37.012000	0.094390
37.014000	0.488665
37.016000	0.055387
37.018000	0.300386
37.020000	0.576829
37.022000	0.230426
37.024000	-0.128946
37.026000	0.442780
37.028000	-0.175829
37.030000	-0.143444
37.032000	0.302915
37.034000	0.358515
37.036000	-0.021332
37.038000	-0.225135
37.040000	0.431348
37.042000	0.145569
37.044000	0.410046
37.046000	0.262123
37.048000	-0.127836
37.050000	-0.203604
37.052000	0.120503
37.054000	-0.142114
37.056000	-0.206897
37.058000	-0.111945
37.060000	-0.014536
37.062000	0.154601
37.064000	0.166793
37.066000	-0.091414
37.068000	-0.160277
37.070000	0.813298
37.072000	-0.138787
37.074000	0.003787
37.076000	0.128486
37.078000	-0.161442
37.080000	0.285322
37.082000	0.032701
37.084000	0.335023
37.086000	0.226340
37.088000	0.097500
37.090000	-0.032859
37.092000	0.447340
37.094000	-0.127795
37.096000	-0.217758
37.098000	0.070465
37.100000	0.417165
37.102000	0.273071
37.104000	-0.540980
37.106000	0.195437
37.108000	0.177275
37.110000	0.177086
37.112000	0.104051
37.114000	0.526372
37.116000	0.192413
37.118000	0.101153
37.120000	0.039727
37.122000	-0.218051
37.124000	0.018343
37.126000	0.244455
37.128000	0.415137
37.130000	0.777760
37.132000	0.035590
37.134000	-0.215077
37.136000	0.234377
37.138000	-0.160284
37.140000	-0.052456
37.142000	0.211252
37.144000	-0.575450
37.146000	-0.164423
37.148000	0.117439
37.150000	0.247555
37.152000	-0.135706
37.154000	0.348963
37.156000	0.102106
37.158000	0.165987
37.160000	-0.390140
37.162000	-0.207040
37.164000	0.213394
37.166000	0.444709
37.168000	0.093416
37.170000	0.099143
37.172000	0.578984
37.174000	0.115759
37.176000	0.448719
37.178000	0.213006
37.180000	0.592874
37.182000	0.297087
37.184000	-0.395493
37.186000	0.244026
37.188000	0.439031
37.190000	0.353266
37.192000	0.552885
37.194000	0.213891
37.196000	0.351881
37.198000	0.097541
37.200000	0.758091
37.202000	0.290211
37.204000	-0.354735
37.206000	-0.216766
37.208000	0.274494
37.210000	0.424283
37.212000	0.875466
37.214000	-0.258280
37.216000	0.068490
37.218000	0.433722
37.220000	0.414218
37.222000	0.081196
37.224000	0.416314
37.226000	-0.495426
37.228000	-0.056978
37.230000	0.348953
37.232000	-0.362649
37.234000	0.328538
37.236000	0.614774
37.238000	0.035629
37.240000	-0.017664
37.242000	0.493485
37.244000	0.228798
37.246000	0.240737
37.248000	0.233651
37.250000	-0.145720
37.252000	0.142184
37.254000	0.210654
37.256000	-0.304418
37.258000	0.500530
37.260000	-0.152350
37.262000	0.087986
37.264000	0.013197
37.266000	-0.004952
37.268000	0.526247
37.270000	-0.053741
37.272000	0.312023
37.274000	-0.151895
37.276000	0.387390
37.278000	0.066949
37.280000	0.055689
37.282000	0.030384
37.284000	0.564526
37.286000	0.220776
37.288000	0.600516
37.290000	0.597964
37.292000	0.272874
37.294000	-0.059242
37.296000	0.097659
37.298000	-0.019975
37.300000	0.155575
37.302000	-0.015151
37.304000	-0.068616
37.306000	0.519277
37.308000	-0.002430
37.310000	0.205844
37.312000	0.756787
37.314000	0.457131
37.316000	-0.010164
37.318000	0.290708
37.320000	0.088109
37.322000	0.414426
37.324000	0.492020
37.326000	0.696023
37.328000	0.172674
37.330000	0.405747
37.332000	0.426847
37.334000	0.735040
37.336000	1.595228
37.338000	1.368814
37.340000	1.003599
37.342000	1.605443
37.344000	1.762814
37.346000	1.183606
37.348000	1.180060
37.350000	1.559992
37.352000	1.506264
37.354000	0.899594
37.356000	0.468033
37.358000	0.761256
37.360000	0.628388
37.362000	-0.863734
37.364000	-0.356824
37.366000	-1.277275
37.368000	-0.519679
37.370000	-0.588214
37.372000	-0.902121
37.374000	-0.556710
37.376000	-0.132534
37.378000	-0.168540
37.380000	-0.161945
37.382000	-0.189091
37.384000	-0.430735
37.386000	-0.236291
37.388000	-0.317805
37.390000	-0.489233
37.392000	-0.117196
37.394000	-0.232715
37.396000	-0.002858
37.398000	0.033607
37.400000	-0.154884
37.402000	0.042990
37.404000	-0.086933
37.406000	-0.111980
37.408000	-0.174771
37.410000	-0.112449
37.412000	0.111984
37.414000	-0.027514
37.416000	0.098330
37.418000	-0.088821
37.420000	0.120623
37.422000	-0.097048
37.424000	0.031010
37.426000	-0.153453
37.428000	0.172515
37.430000	0.023791
37.432000	0.020140
37.434000	0.093360
37.436000	0.009775
37.438000	0.065108
37.440000	-0.099220
37.442000	-0.125332
37.444000	-0.195230
37.446000	0.117469
37.448000	-0.080875
37.450000	0.102869
37.452000	0.141334
37.454000	0.043992
37.456000	0.157447
37.458000	0.005942
37.460000	-0.027914
37.462000	-0.090580
37.464000	-0.142277
37.466000	0.085899
37.468000	0.101944
37.470000	0.106367
37.472000	-0.049140
37.474000	-0.036747
37.476000	0.074811
37.478000	0.155920
37.480000	0.211918
37.482000	0.041714
37.484000	-0.018019
37.486000	0.230550
37.488000	0.203622
37.490000	0.169959
37.492000	0.177416
37.494000	0.077995
37.496000	0.312667
37.498000	-0.121541
37.500000	0.146247
37.502000	-0.006010
37.504000	0.158608
37.506000	-0.015690
37.508000	0.108003
37.510000	-0.007044
37.512000	0.078110
37.514000	0.152575
37.516000	-0.020615
37.518000	0.258116
37.520000	0.092837
37.522000	0.132570
37.524000	0.243865
37.526000	-0.087330
37.528000	0.235882
37.530000	0.305899
37.532000	0.405723
37.534000	0.036302
37.536000	0.017302
37.538000	0.113001
37.540000	0.201873
37.542000	0.117678
37.544000	-0.006364
37.546000	-0.029465
37.548000	0.280831
37.550000	0.296853
37.552000	0.044333
37.554000	0.448970
37.556000	0.141098
37.558000	-0.038252
37.560000	0.145259
37.562000	0.345361
37.564000	0.188864
37.566000	0.305783
37.568000	0.227365
37.570000	0.100943
37.572000	0.249221
37.574000	0.215637
37.576000	0.185324
37.578000	0.312745
37.580000	0.385329
37.582000	0.229398
37.584000	0.080359
37.586000	0.108032
37.588000	0.226518
37.590000	0.255893
37.592000	0.096512
37.594000	0.244316
37.596000	0.198231
37.598000	0.314239
37.600000	0.251231
37.602000	0.580236
37.604000	0.378465
37.606000	0.394991
37.608000	0.370694
37.610000	0.457279
37.612000	0.395461
37.614000	0.230113
37.616000	0.300667
37.618000	0.302803
37.620000	0.076565
37.622000	0.462618
37.624000	0.239664
37.626000	0.221422
37.628000	0.311382
37.630000	0.091935
37.632000	0.402768
37.634000	0.335429
37.636000	0.379591
37.638000	0.259490
37.640000	0.104067
37.642000	0.352929
37.644000	0.098851
37.646000	0.253181
37.648000	0.193709
37.650000	0.297344
37.652000	0.231739
37.654000	0.247976
37.656000	0.316045
37.658000	0.051217
37.660000	0.045137
37.662000	0.212436
37.664000	0.117019
37.666000	0.075324
37.668000	0.065263
37.670000	-0.240306
37.672000	-0.022483
37.674000	0.169807
37.676000	0.104194
37.678000	-0.067337
37.680000	-0.188084
37.682000	-0.262134
37.684000	0.014629
37.686000	-0.101731
37.688000	-0.265353
37.690000	-0.039167
37.692000	-0.173767
37.694000	-0.303040
37.696000	-0.085809
37.698000	-0.248264
37.700000	-0.241867
37.702000	-0.198320
37.704000	-0.182498
37.706000	-0.164880
37.708000	-0.062365
37.710000	-0.038836
37.712000	-0.129598
37.714000	-0.226172
37.716000	-0.175800
37.718000	-0.298174
37.720000	-0.233319
37.722000	-0.220409
37.724000	0.081719
37.726000	0.002787
37.728000	-0.172591
37.730000	-0.190561
37.732000	-0.235619
37.734000	-0.186765
37.736000	-0.273180
37.738000	-0.098030
37.740000	-0.169775
37.742000	-0.077765
37.744000	-0.258382
37.746000	-0.121712
37.748000	-0.018180
37.750000	-0.165284
37.752000	-0.217458
37.754000	-0.075962
37.756000	-0.152695
37.758000	0.075922
37.760000	-0.139226
37.762000	-0.005170
37.764000	-0.126176
37.766000	-0.262374
37.768000	0.071473
37.770000	0.080973
37.772000	0.168352
37.774000	-0.045922
37.776000	0.014502
37.778000	-0.093829
37.780000	-0.042515
37.782000	-0.023661
37.784000	0.011848
37.786000	0.154796
37.788000	-0.193571
37.790000	-0.183120
37.792000	-0.044364
37.794000	0.007774
37.796000	0.048376
37.798000	-0.198497
37.800000	0.016398
37.802000	-0.010260
37.804000	0.038473
37.806000	-0.126386
37.808000	-0.072466
37.810000	0.191963
37.812000	-0.098390
37.814000	-0.048275
37.816000	-0.068156
37.818000	0.197041
37.820000	0.030700
37.822000	-0.071378
37.824000	-0.111056
37.826000	-0.022536
37.828000	-0.058145
37.830000	0.005171
37.832000	-0.030337
37.834000	-0.100776
37.836000	-0.143728
37.838000	-0.105115
37.840000	0.075591
37.842000	0.113481
37.844000	0.139325
37.846000	0.115624
37.848000	-0.012821
37.850000	-0.064382
37.852000	-0.081972
37.854000	0.247949
37.856000	-0.045012
37.858000	-0.100303
37.860000	-0.254771
37.862000	-0.092576
37.864000	0.182272
37.866000	-0.029924
37.868000	-0.225326
37.870000	-0.041053
37.872000	-0.074295
37.874000	0.003916
37.876000	-0.004134
37.878000	0.154516
37.880000	-0.141667
37.882000	0.132830
37.884000	0.237648
37.886000	0.033989
37.888000	0.042836
37.890000	-0.192059
37.892000	-0.228797
37.894000	-0.087362
37.896000	-0.088555
37.898000	-0.295729
37.900000	-0.280728
37.902000	-0.164235
37.904000	0.057282
37.906000	-0.253623
37.908000	-0.168421
37.910000	-0.271238
37.912000	-0.177438
37.914000	-0.309190
37.916000	-0.126301
37.918000	0.124410
37.920000	-0.254594
37.922000	-0.194796
37.924000	-0.056568
37.926000	-0.190908
37.928000	-0.430891
37.930000	-0.131007
37.932000	-0.126435
37.934000	-0.203290
37.936000	-0.240455
37.938000	-0.029207
37.940000	-0.101862
37.942000	-0.083703
37.944000	-0.132709
37.946000	-0.303896
37.948000	-0.106526
37.950000	-0.272780
37.952000	-0.015590
37.954000	-0.332739
37.956000	-0.138139
37.958000	-0.197361
37.960000	-0.260084
37.962000	-0.337415
37.964000	-0.231239
37.966000	-0.335189
37.968000	-0.110249
37.970000	-0.274669
37.972000	-0.014406
37.974000	0.050736
37.976000	-0.173266
37.978000	-0.194082
37.980000	-0.343032
37.982000	-0.317445
37.984000	-0.110167
37.986000	-0.062385
37.988000	-0.335090
37.990000	-0.108084
37.992000	-0.412117
37.994000	-0.260733
37.996000	-0.160264
37.998000	-0.160066
38.000000	-0.130715
38.002000	-0.162855
38.004000	-0.244144
38.006000	-0.089813
38.008000	-0.438531
38.010000	-0.193757
38.012000	-0.139806
38.014000	-0.177333
38.016000	-0.232790
38.018000	-0.299995
38.020000	-0.453179
38.022000	-0.200218
38.024000	-0.345141
38.026000	-0.368601
38.028000	-0.303775
38.030000	-0.247840
38.032000	-0.055027
38.034000	0.037823
38.036000	-0.280871
38.038000	-0.188587
38.040000	-0.337239
38.042000	-0.378812
38.044000	-0.455968
38.046000	-0.202696
38.048000	-0.331792
38.050000	-0.118620
38.052000	-0.304416
38.054000	-0.258134
38.056000	-0.315071
38.058000	0.029053
38.060000	-0.240211
38.062000	-0.244811
38.064000	-0.246466
38.066000	-0.291093
38.068000	-0.361238
38.070000	-0.157698
38.072000	-0.079137
38.074000	-0.206401
38.076000	-0.297639
38.078000	-0.287076
38.080000	-0.374745
38.082000	-0.170862
38.084000	-0.014040
38.086000	-0.407880
38.088000	-0.152610
38.090000	0.006267
38.092000	-0.330542
38.094000	-0.358881
38.096000	-0.198983
38.098000	0.019304
38.100000	-0.364394
38.102000	-0.164260
38.104000	-0.309889
38.106000	-0.183549
38.108000	-0.234289
38.110000	-0.298366
38.112000	-0.189813
38.114000	-0.292891
38.116000	-0.153917
38.118000	-0.212523
38.120000	-0.284491
38.122000	-0.178342
38.124000	-0.165069
38.126000	-0.327047
38.128000	0.030010
38.130000	-0.348761
38.132000	0.161113
38.134000	-0.380529
38.136000	-0.304827
38.138000	-0.140631
38.140000	-0.207513
38.142000	0.081455
38.144000	-0.304074
38.146000	-0.167031
38.148000	-0.402003
38.150000	-0.357907
38.152000	-0.306010
38.154000	-0.100566
38.156000	-0.282051
38.158000	-0.010106
38.160000	-0.079063
38.162000	-0.032930
38.164000	-0.388217
38.166000	-0.128981
38.168000	-0.216701
38.170000	0.015938
38.172000	-0.120539
38.174000	-0.021704
38.176000	-0.177812
38.178000	-0.284591
38.180000	-0.029373
38.182000	-0.103117
38.184000	0.074695
38.186000	-0.307581
38.188000	-0.228549
38.190000	-0.086402
38.192000	-0.009230
38.194000	0.066618
38.196000	-0.124148
38.198000	-0.146932
38.200000	0.020563
38.202000	-0.222662
38.204000	-0.192414
38.206000	-0.022415
38.208000	-0.322058
38.210000	-0.063264
38.212000	-0.273736
38.214000	-0.350103
38.216000	-0.337935
38.218000	-0.274074
38.220000	-0.086560
38.222000	-0.256070
38.224000	-0.351557
38.226000	0.009383
38.228000	-0.010102
38.230000	0.067740
38.232000	-0.216261
38.234000	0.055198
38.236000	-0.322497
38.238000	-0.016749
38.240000	0.096193
38.242000	-0.168031
38.244000	0.036286
38.246000	0.066667
38.248000	-0.211031
38.250000	-0.132795
38.252000	-0.150734
38.254000	-0.217039
38.256000	-0.134436
38.258000	-0.042341
38.260000	-0.111987
38.262000	-0.049068
38.264000	-0.003650
38.266000	0.020172
38.268000	-0.194753
38.270000	-0.057590
38.272000	-0.078507
38.274000	-0.151528
38.276000	0.173474
38.278000	-0.248551
38.280000	-0.255655
38.282000	-0.249902
38.284000	-0.287305
38.286000	-0.258698
38.288000	-0.149849
38.290000	-0.008132
38.292000	-0.009398
38.294000	-0.092646
38.296000	-0.027575
38.298000	-0.073230
38.300000	0.142244
38.302000	-0.033823
38.304000	-0.211731
38.306000	-0.083925
38.308000	-0.037074
38.310000	0.010635
38.312000	0.071434
38.314000	-0.028113
38.316000	-0.011442
38.318000	-0.094345
38.320000	0.053476
38.322000	-0.073643
38.324000	0.006154
38.326000	0.006312
38.328000	0.257105
38.330000	-0.207308
38.332000	-0.013629
38.334000	0.103056
38.336000	-0.146724
38.338000	-0.061915
38.340000	-0.011783
38.342000	-0.033583
38.344000	-0.025933
38.346000	0.309541
38.348000	-0.264355
38.350000	0.116010
38.352000	0.050969
38.354000	-0.036112
38.356000	-0.164165
38.358000	-0.088644
38.360000	-0.253512
38.362000	-0.070356
38.364000	0.005338
38.366000	0.034066
38.368000	-0.092524
38.370000	0.135249
38.372000	0.102466
38.374000	0.083109
38.376000	-0.293017
38.378000	-0.070685
38.380000	0.095725
38.382000	0.122071
38.384000	0.030087
38.386000	0.053131
38.388000	0.220057
38.390000	-0.038587
38.392000	0.220339
38.394000	0.125987
38.396000	-0.010534
38.398000	0.132578
38.400000	0.161837
38.402000	-0.414074
38.404000	-0.288867
38.406000	0.054055
38.408000	0.006972
38.410000	-0.237729
38.412000	0.268446
38.414000	-0.065978
38.416000	0.017711
38.418000	0.144003
38.420000	-0.325327
38.422000	-0.186707
38.424000	0.008923
38.426000	-0.002824
38.428000	-0.379058
38.430000	0.122290
38.432000	-0.141758
38.434000	0.456653
38.436000	-0.678698
38.438000	-0.011988
38.440000	0.304092
38.442000	0.489075
38.444000	-0.006707
38.446000	0.744901
38.448000	-0.163875
38.450000	-0.232741
38.452000	-0.303327
38.454000	0.483470
38.456000	-0.506200
38.458000	0.252986
38.460000	0.186190
38.462000	-0.332052
38.464000	-0.327129
38.466000	-0.504748
38.468000	-0.173575
38.470000	-0.117474
38.472000	-0.244349
38.474000	-0.336781
38.476000	-0.127810
38.478000	-0.152434
38.480000	-0.115911
38.482000	-0.604980
38.484000	-0.048455
38.486000	-0.149076
38.488000	0.188879
38.490000	-0.170903
38.492000	0.200028
38.494000	-0.354006
38.496000	-0.073361
38.498000	0.013059
38.500000	-0.380662
38.502000	-0.131147
38.504000	-0.355515
38.506000	0.388702
38.508000	-0.069057
38.510000	0.032729
38.512000	0.100928
38.514000	0.147140
38.516000	-0.493449
38.518000	-0.228983
38.520000	-0.533563
38.522000	0.168910
38.524000	0.276242
38.526000	0.057038
38.528000	-0.012090
38.530000	-0.236606
38.532000	-0.219373
38.534000	0.025596
38.536000	-0.273212
38.538000	-0.346402
38.540000	-0.417280
38.542000	-0.192959
38.544000	0.123609
38.546000	-0.179216
38.548000	0.257096
38.550000	0.333535
38.552000	0.101815
38.554000	0.245547
38.556000	0.644769
38.558000	0.742409
38.560000	1.095348
38.562000	1.359257
38.564000	1.756723
38.566000	1.287083
38.568000	1.872436
38.570000	1.314086
38.572000	1.322506
38.574000	0.860236
38.576000	0.652726
38.578000	0.619660
38.580000	-0.011035
38.582000	0.114007
38.584000	-0.211082
38.586000	-0.080941
38.588000	-0.437172
38.590000	-0.256256
38.592000	-0.808237
38.594000	-0.466048
38.596000	-0.838121
38.598000	-0.307495
38.600000	-0.536958
38.602000	-0.943501
38.604000	-0.534118
38.606000	0.194474
38.608000	-0.200278
38.610000	-0.001377
38.612000	-0.330877
38.614000	0.107313
38.616000	0.285436
38.618000	-0.285857
38.620000	0.108870
38.622000	0.014982
38.624000	-0.568099
38.626000	-0.199382
38.628000	0.056494
38.630000	0.016642
38.632000	-0.463086
38.634000	0.231681
38.636000	-0.618502
38.638000	-0.004398
38.640000	-0.061904
38.642000	0.256720
38.644000	-0.064018
38.646000	0.414524
38.648000	0.106821
38.650000	-0.044329
38.652000	-0.480206
38.654000	-0.344282
38.656000	-0.323651
38.658000	0.076761
38.660000	-0.056574
38.662000	0.016501
38.664000	0.149427
38.666000	0.082974
38.668000	-0.388614
38.670000	-0.483585
38.672000	0.078700
38.674000	-0.164440
38.676000	-0.348665
38.678000	0.626524
38.680000	0.442306
38.682000	0.002934
38.684000	-0.287697
38.686000	0.365728
38.688000	-0.152196
38.690000	-0.476546
38.692000	-0.258739
38.694000	-0.423508
38.696000	-0.296974
38.698000	0.098018
38.700000	-0.078199
38.702000	-0.175927
38.704000	0.246573
38.706000	-0.093361
38.708000	0.000270
38.710000	0.376756
38.712000	0.529606
38.714000	-0.065115
38.716000	0.178725
38.718000	0.004526
38.720000	0.140127
38.722000	0.464314
38.724000	0.061973
38.726000	0.129856
38.728000	0.338162
38.730000	-0.018461
38.732000	0.205047
38.734000	0.249550
38.736000	-0.033332
38.738000	0.082250
38.740000	0.335396
38.742000	-0.279259
38.744000	0.023837
38.746000	0.317046
38.748000	0.038978
38.750000	0.071867
38.752000	0.282975
38.754000	-0.104231
38.756000	-0.324868
38.758000	0.062722
38.760000	0.303639
38.762000	0.088039
38.764000	-0.052756
38.766000	0.212175
38.768000	0.146212
38.770000	0.440187
38.772000	0.210663
38.774000	0.012648
38.776000	0.074262
38.778000	-0.174442
38.780000	0.473098
38.782000	-0.162511
38.784000	0.412234
38.786000	-0.075359
38.788000	-0.148697
38.790000	0.382519
38.792000	-0.106895
38.794000	0.242193
38.796000	0.422979
38.798000	-0.093594
38.800000	-0.071188
38.802000	0.337603
38.804000	0.021542
38.806000	0.506853
38.808000	0.385527
38.810000	0.161447
38.812000	0.255945
38.814000	0.218584
38.816000	0.279147
38.818000	0.660767
38.820000	0.359692
38.822000	0.702268
38.824000	0.021515
38.826000	-0.498024
38.828000	0.229051
38.830000	-0.057009
38.832000	0.184160
38.834000	0.550590
38.836000	-0.035093
38.838000	0.218774
38.840000	0.118496
38.842000	0.237277
38.844000	-0.251127
38.846000	0.304429
38.848000	0.670514
38.850000	0.211000
38.852000	-0.032725
38.854000	0.482221
38.856000	0.033890
38.858000	-0.063286
38.860000	-0.068703
38.862000	0.304834
38.864000	0.303490
38.866000	-0.092524
38.868000	0.004298
38.870000	-0.649786
38.872000	-0.084896
38.874000	0.693020
38.876000	0.647596
38.878000	-0.320932
38.880000	-0.003563
38.882000	-0.093856
38.884000	0.129562
38.886000	-0.026921
38.888000	-0.258149
38.890000	-0.334584
38.892000	-0.239640
38.894000	0.080982
38.896000	-0.170113
38.898000	-0.256346
38.900000	-0.679704
38.902000	-0.164441
38.904000	0.069091
38.906000	-0.370682
38.908000	-0.635839
38.910000	-0.510920
38.912000	0.109051
38.914000	-0.195021
38.916000	-0.226820
38.918000	-0.053265
38.920000	-0.071263
38.922000	-0.339138
38.924000	-0.300381
38.926000	-0.195493
38.928000	0.038733
38.930000	-0.286420
38.932000	-0.226397
38.934000	-0.318142
38.936000	-0.247756
38.938000	-0.385090
38.940000	-0.177468
38.942000	0.091747
38.944000	-0.331373
38.946000	-0.278138
38.948000	-0.120832
38.950000	-0.230370
38.952000	-0.555888
38.954000	-0.175388
38.956000	-0.186711
38.958000	-0.286534
38.960000	-0.330942
38.962000	-0.103670
38.964000	-0.162562
38.966000	-0.133906
38.968000	-0.220697
38.970000	-0.404547
38.972000	-0.133789
38.974000	-0.368067
38.976000	-0.052673
38.978000	-0.408728
38.980000	-0.191085
38.982000	-0.240904
38.984000	-0.318415
38.986000	-0.417070
38.988000	-0.311126
38.990000	-0.402772
38.992000	-0.126944
38.994000	-0.341692
38.996000	-0.018060
38.998000	0.067449
39.000000	-0.228418
39.002000	-0.215359
39.004000	-0.422377
39.006000	-0.393959
39.008000	-0.117207
39.010000	-0.074179
39.012000	-0.407110
39.014000	-0.139135
39.016000	-0.492774
39.018000	-0.295678
39.020000	-0.183342
39.022000	-0.189254
39.024000	-0.132652
39.026000	-0.188946
39.028000	-0.265818
39.030000	-0.125740
39.032000	-0.485371
39.034000	-0.244867
39.036000	-0.154346
39.038000	-0.187406
39.040000	-0.276872
39.042000	-0.347902
39.044000	-0.512868
39.046000	-0.236431
39.048000	-0.374921
39.050000	-0.403166
39.052000	-0.327064
39.054000	-0.257355
39.056000	-0.085841
39.058000	0.028896
39.060000	-0.328865
39.062000	-0.218686
39.064000	-0.356358
39.066000	-0.409975
39.068000	-0.508214
39.070000	-0.233414
39.072000	-0.350619
39.074000	-0.123944
39.076000	-0.339529
39.078000	-0.312099
39.080000	-0.313974
39.082000	0.058577
39.084000	-0.264117
39.086000	-0.293156
39.088000	-0.313782
39.090000	-0.322256
39.092000	-0.412581
39.094000	-0.178904
39.096000	-0.054098
39.098000	-0.204000
39.100000	-0.314705
39.102000	-0.295915
39.104000	-0.425626
39.106000	-0.189701
39.108000	0.019604
39.110000	-0.449842
39.112000	-0.146944
39.114000	0.008861
39.116000	-0.334478
39.118000	-0.391377
39.120000	-0.228190
39.122000	0.062445
39.124000	-0.400087
39.126000	-0.149498
39.128000	-0.331257
39.130000	-0.175071
39.132000	-0.232797
39.134000	-0.300939
39.136000	-0.212348
39.138000	-0.295372
39.140000	-0.152234
39.142000	-0.215464
39.144000	-0.311762
39.146000	-0.197172
39.148000	-0.173675
39.150000	-0.375325
39.152000	0.047657
39.154000	-0.424484
39.156000	0.214423
39.158000	-0.421434
39.160000	-0.330176
39.162000	-0.150316
39.164000	-0.232840
39.166000	0.085075
39.168000	-0.346411
39.170000	-0.167951
39.172000	-0.479654
39.174000	-0.416232
39.176000	-0.330752
39.178000	-0.135706
39.180000	-0.318469
39.182000	-0.033227
39.184000	-0.086406
39.186000	-0.030752
39.188000	-0.453140
39.190000	-0.132989
39.192000	-0.222157
39.194000	0.062716
39.196000	-0.142257
39.198000	-0.008694
39.200000	-0.228197
39.202000	-0.312671
39.204000	-0.010765
39.206000	-0.089924
39.208000	0.122069
39.210000	-0.351893
39.212000	-0.248972
39.214000	-0.105873
39.216000	-0.009343
39.218000	0.081092
39.220000	-0.150944
39.222000	-0.166052
39.224000	0.034151
39.226000	-0.233799
39.228000	-0.209880
39.230000	0.005549
39.232000	-0.366895
39.234000	-0.075293
39.236000	-0.318497
39.238000	-0.411730
39.240000	-0.374841
39.242000	-0.317483
39.244000	-0.101210
39.246000	-0.265448
39.248000	-0.397278
39.250000	0.006752
39.252000	-0.003608
39.254000	0.064533
39.256000	-0.225596
39.258000	0.080882
39.260000	-0.365136
39.262000	-0.004423
39.264000	0.113275
39.266000	-0.163748
39.268000	0.056958
39.270000	0.091290
39.272000	-0.222069
39.274000	-0.157125
39.276000	-0.181860
39.278000	-0.253611
39.280000	-0.160245
39.282000	-0.068117
39.284000	-0.105776
39.286000	-0.034772
39.288000	-0.001863
39.290000	0.013848
39.292000	-0.216073
39.294000	-0.040918
39.296000	-0.077666
39.298000	-0.132028
39.300000	0.205106
39.302000	-0.252867
39.304000	-0.260505
39.306000	-0.269659
39.308000	-0.312122
39.310000	-0.283357
39.312000	-0.175860
39.314000	0.025512
39.316000	0.002973
39.318000	-0.089259
39.320000	-0.004907
39.322000	-0.079779
39.324000	0.168954
39.326000	-0.008135
39.328000	-0.216434
39.330000	-0.070944
39.332000	-0.018913
39.334000	0.035114
39.336000	0.086731
39.338000	-0.019815
39.340000	-0.006702
39.342000	-0.122514
39.344000	0.079657
39.346000	-0.063709
39.348000	0.022434
39.350000	0.014215
39.352000	0.299559
39.354000	-0.232554
39.356000	-0.025232
39.358000	0.121086
39.360000	-0.161690
39.362000	-0.045534
39.364000	0.011969
39.366000	-0.027730
39.368000	-0.032935
39.370000	0.352326
39.372000	-0.309766
39.374000	0.154125
39.376000	0.075606
39.378000	-0.029166
39.380000	-0.202884
39.382000	-0.092413
39.384000	-0.287456
39.386000	-0.067580
39.388000	-0.001526
39.390000	0.043108
39.392000	-0.088846
39.394000	0.133606
39.396000	0.134084
39.398000	0.103824
39.400000	-0.345691
39.402000	-0.093114
39.404000	0.078453
39.406000	0.133794
39.408000	0.008630
39.410000	0.030829
39.412000	0.251591
39.414000	-0.054364
39.416000	0.216056
39.418000	0.124706
39.420000	-0.069167
39.422000	0.147024
39.424000	0.125845
39.426000	0.161154
39.428000	-0.164625
39.430000	-0.471692
39.432000	-0.310943
39.434000	-0.184902
39.436000	-0.740636
39.438000	0.066635
39.440000	-0.464523
39.442000	0.116012
39.444000	-0.149469
39.446000	-0.000709
39.448000	-0.147764
39.450000	0.170939
39.452000	-0.241493
39.454000	-0.638179
39.456000	-0.013378
39.458000	-0.585414
39.460000	0.150282
39.462000	0.372019
39.464000	-0.404496
39.466000	-0.308734
39.468000	0.228456
39.470000	0.368711
39.472000	-0.409341
39.474000	-0.347251
39.476000	0.480326
39.478000	-0.088123
39.480000	-0.167134
39.482000	0.367976
39.484000	-0.064736
39.486000	0.130880
39.488000	-0.323949
39.490000	-0.156436
39.492000	-0.269462
39.494000	0.077300
39.496000	-0.184864
39.498000	0.057913
39.500000	-0.638778
39.502000	-0.119048
39.504000	0.325485
39.506000	-0.600659
39.508000	-0.200028
39.510000	-0.608164
39.512000	-0.223416
39.514000	0.155128
39.516000	0.404055
39.518000	-0.110731
39.520000	0.057497
39.522000	-0.111201
39.524000	-0.038282
39.526000	0.082573
39.528000	-0.003913
39.530000	-0.396594
39.532000	0.168816
39.534000	-0.291317
39.536000	-0.139751
39.538000	-0.388294
39.540000	0.146039
39.542000	-0.369380
39.544000	0.063195
39.546000	-0.649181
39.548000	0.139878
39.550000	-0.341894
39.552000	0.379042
39.554000	-0.121108
39.556000	0.069727
39.558000	0.102037
39.560000	0.139618
39.562000	0.020119
39.564000	-0.041966
39.566000	0.019115
39.568000	-0.294392
39.570000	-0.090238
39.572000	-0.051652
39.574000	0.001257
39.576000	0.093076
39.578000	0.001332
39.580000	0.206240
39.582000	-0.323724
39.584000	-0.300110
39.586000	0.276483
39.588000	-0.552738
39.590000	-0.270178
39.592000	-0.160290
39.594000	-0.092488
39.596000	0.089908
39.598000	0.236460
39.600000	-0.478318
39.602000	0.339105
39.604000	-0.221583
39.606000	0.030562
39.608000	0.438176
39.610000	0.167755
39.612000	-0.052427
39.614000	0.093299
39.616000	0.260935
39.618000	-0.118108
39.620000	0.407098
39.622000	0.283059
39.624000	-0.040582
39.626000	0.276383
39.628000	-0.138789
39.630000	0.156999
39.632000	0.052411
39.634000	-0.272524
39.636000	-0.043865
39.638000	0.070142
39.640000	0.227031
39.642000	-0.281360
39.644000	0.036653
39.646000	0.165992
39.648000	-0.075022
39.650000	0.530235
39.652000	-0.135437
39.654000	0.212502
39.656000	0.333783
39.658000	-0.138128
39.660000	-0.156398
39.662000	0.193078
39.664000	0.401455
39.666000	0.105878
39.668000	0.356817
39.670000	0.059920
39.672000	0.101918
39.674000	0.107460
39.676000	0.241175
39.678000	0.120449
39.680000	0.289151
39.682000	0.534194
39.684000	-0.122798
39.686000	0.307549
39.688000	-0.020179
39.690000	0.184627
39.692000	0.241789
39.694000	0.228946
39.696000	0.203757
39.698000	0.258223
39.700000	0.654563
39.702000	1.254954
39.704000	1.255140
39.706000	1.444314
39.708000	1.723246
39.710000	1.641926
39.712000	1.243219
39.714000	1.328771
39.716000	1.129747
39.718000	0.879776
39.720000	0.603879
39.722000	0.678204
39.724000	0.127786
39.726000	-0.315149
39.728000	-0.600614
39.730000	-0.566319
39.732000	-0.698753
39.734000	-1.068548
39.736000	-1.134555
39.738000	-0.475943
39.740000	-0.639017
39.742000	-0.913854
39.744000	-0.451753
39.746000	-0.318333
39.748000	-0.779609
39.750000	-0.405812
39.752000	0.084409
39.754000	-0.135591
39.756000	-0.255580
39.758000	0.248245
39.760000	-0.037343
39.762000	-0.129397
39.764000	-0.374381
39.766000	-0.312705
39.768000	-0.245120
39.770000	0.079461
39.772000	0.014463
39.774000	-0.180003
39.776000	0.035080
39.778000	-0.053250
39.780000	0.024886
39.782000	-0.225242
39.784000	-0.051572
39.786000	-0.080874
39.788000	0.021852
39.790000	-0.074983
39.792000	-0.605953
39.794000	-0.341946
39.796000	0.032290
39.798000	-0.173046
39.800000	0.592142
39.802000	-0.152427
39.804000	0.194531
39.806000	0.077264
39.808000	0.452994
39.810000	0.131761
39.812000	-0.112146
39.814000	0.069426
39.816000	0.052467
39.818000	-0.434206
39.820000	-0.079704
39.822000	-0.267285
39.824000	-0.054513
39.826000	-0.452304
39.828000	0.145550
39.830000	0.058881
39.832000	-0.138493
39.834000	0.020893
39.836000	-0.241947
39.838000	0.204349
39.840000	-0.328698
39.842000	0.268992
39.844000	0.543812
39.846000	-0.323376
39.848000	0.210692
39.850000	-0.124891
39.852000	-0.167157
39.854000	-0.137673
39.856000	0.313496
39.858000	0.290657
39.860000	-0.351186
39.862000	-0.389737
39.864000	-0.049144
39.866000	0.613204
39.868000	-0.063543
39.870000	0.594962
39.872000	0.130988
39.874000	0.087515
39.876000	-0.410598
39.878000	-0.440341
39.880000	0.234195
39.882000	0.484105
39.884000	-0.422652
39.886000	0.089194
39.888000	-0.021125
39.890000	0.581159
39.892000	-0.198324
39.894000	0.385089
39.896000	-0.349309
39.898000	-0.275673
39.900000	-0.680016
39.902000	0.069662
39.904000	0.113084
39.906000	-0.024952
39.908000	0.072634
39.910000	-0.158747
39.912000	0.018237
39.914000	0.026411
39.916000	-0.316387
39.918000	0.143880
39.920000	-0.444303
39.922000	-0.294841
39.924000	0.284247
39.926000	0.453527
39.928000	0.064089
39.930000	-0.199600
39.932000	-0.156866
39.934000	-0.130230
39.936000	-0.053699
39.938000	0.398105
39.940000	0.277559
39.942000	0.012773
39.944000	0.188436
39.946000	0.416485
39.948000	0.245560
39.950000	0.436605
39.952000	0.078098
39.954000	0.253977
39.956000	0.285203
39.958000	0.187885
39.960000	0.311561
39.962000	0.356000
39.964000	0.184050
39.966000	0.159454
39.968000	0.247920
39.970000	0.398089
39.972000	0.383292
39.974000	0.195310
39.976000	0.470802
39.978000	0.162779
39.980000	0.238438
39.982000	0.358425
39.984000	0.431591
39.986000	0.468315
39.988000	0.241415
39.990000	0.184859
39.992000	0.487340
39.994000	0.528135
39.996000	0.212653
39.998000	0.497705
40.000000	0.396958
40.002000	0.482987
40.004000	0.436791
40.006000	0.253973
40.008000	0.346004
40.010000	0.382531
40.012000	0.514158
40.014000	0.293501
40.016000	0.146995
40.018000	0.440799
40.020000	0.217491
40.022000	-0.072275
40.024000	0.372165
40.026000	0.174774
40.028000	0.519934
40.030000	0.490794
40.032000	0.197585
40.034000	0.197426
40.036000	0.272553
40.038000	0.094260
40.040000	0.347094
40.042000	0.113805
40.044000	0.168729
40.046000	0.081971
40.048000	-0.093188
40.050000	0.076903
40.052000	-0.006565
40.054000	0.082924
40.056000	0.097797
40.058000	0.126357
40.060000	-0.060744
40.062000	-0.009639
40.064000	0.068249
40.066000	0.203339
40.068000	0.107598
40.070000	0.064485
40.072000	0.027206
40.074000	-0.095666
40.076000	-0.014422
40.078000	-0.165552
40.080000	-0.064937
40.082000	0.004266
40.084000	0.022765
40.086000	-0.045907
40.088000	-0.228578
40.090000	-0.082932
40.092000	-0.017268
40.094000	0.151148
40.096000	-0.106953
40.098000	-0.131651
40.100000	-0.003460
40.102000	0.086624
40.104000	-0.202314
40.106000	-0.322914
40.108000	-0.172120
40.110000	0.025618
40.112000	0.183481
40.114000	-0.091919
40.116000	0.124406
40.118000	-0.008368
40.120000	-0.223851
40.122000	-0.173080
40.124000	-0.129512
40.126000	-0.135619
40.128000	0.136657
40.130000	0.013741
40.132000	-0.269834
40.134000	0.000942
40.136000	-0.147815
40.138000	-0.164306
40.140000	-0.219976
40.142000	-0.037902
40.144000	0.042667
40.146000	-0.267414
40.148000	0.148771
40.150000	-0.230036
40.152000	-0.032523
40.154000	-0.178217
40.156000	-0.110221
40.158000	-0.230084
40.160000	0.110744
40.162000	-0.238913
40.164000	-0.299097
40.166000	-0.133903
40.168000	-0.047922
40.170000	0.003085
40.172000	-0.040318
40.174000	0.161133
40.176000	-0.129799
40.178000	0.221849
40.180000	-0.331253
40.182000	0.024355
40.184000	0.051337
40.186000	0.028819
40.188000	-0.065995
40.190000	0.031163
40.192000	-0.008638
40.194000	-0.072412
40.196000	0.224109
40.198000	0.166526
40.200000	-0.075727
40.202000	-0.011382
40.204000	0.144426
40.206000	0.132554
40.208000	-0.010304
40.210000	-0.112822
40.212000	0.243619
40.214000	-0.133394
40.216000	-0.058974
40.218000	-0.240204
40.220000	0.055353
40.222000	-0.246911
40.224000	0.168797
40.226000	0.106353
40.228000	-0.107809
40.230000	-0.024858
40.232000	-0.229971
40.234000	0.169928
40.236000	0.058363
40.238000	0.093717
40.240000	-0.044567
40.242000	-0.053539
40.244000	0.121510
40.246000	0.037205
40.248000	-0.082500
40.250000	-0.106256
40.252000	-0.012862
40.254000	-0.093076
40.256000	0.044139
40.258000	0.018976
40.260000	0.166900
40.262000	0.190199
40.264000	0.039424
40.266000	0.143791
40.268000	0.021847
40.270000	-0.011201
40.272000	0.054883
40.274000	-0.046076
40.276000	-0.048634
40.278000	0.147868
40.280000	-0.057031
40.282000	-0.156345
40.284000	-0.004213
40.286000	-0.116920
40.288000	-0.137415
40.290000	-0.084595
40.292000	-0.074016
40.294000	-0.142875
40.296000	0.041494
40.298000	0.106485
40.300000	0.172505
40.302000	0.130744
40.304000	0.114045
40.306000	0.012197
40.308000	0.003890
40.310000	-0.055203
40.312000	0.043996
40.314000	0.028407
40.316000	0.036062
40.318000	-0.146488
40.320000	-0.014764
40.322000	-0.055285
40.324000	-0.062880
40.326000	0.099236
40.328000	0.049746
40.330000	-0.030038
40.332000	0.025131
40.334000	0.017263
40.336000	0.037331
40.338000	-0.092572
40.340000	0.017588
40.342000	-0.070701
40.344000	-0.176311
40.346000	-0.031327
40.348000	-0.058221
40.350000	-0.056143
40.352000	-0.001665
40.354000	-0.110572
40.356000	-0.086052
40.358000	-0.174040
40.360000	-0.101062
40.362000	0.004149
40.364000	-0.003400
40.366000	0.268337
40.368000	-0.023065
40.370000	-0.136629
40.372000	-0.054530
40.374000	-0.027432
40.376000	-0.069598
40.378000	0.036915
40.380000	0.005791
40.382000	-0.029233
40.384000	0.018577
40.386000	-0.133969
40.388000	0.013016
40.390000	0.036084
40.392000	0.076339
40.394000	-0.210232
40.396000	0.244736
40.398000	-0.183821
40.400000	-0.154933
40.402000	-0.025879
40.404000	-0.030296
40.406000	-0.044443
40.408000	0.087763
40.410000	-0.205899
40.412000	-0.100219
40.414000	-0.278068
40.416000	-0.160148
40.418000	0.141139
40.420000	-0.227623
40.422000	-0.101378
40.424000	0.151373
40.426000	-0.004672
40.428000	0.178622
40.430000	-0.116385
40.432000	0.159466
40.434000	0.039428
40.436000	-0.140059
40.438000	-0.024846
40.440000	0.018972
40.442000	-0.139229
40.444000	0.193820
40.446000	-0.110372
40.448000	-0.098839
40.450000	0.379676
40.452000	0.378426
40.454000	0.096511
40.456000	0.059586
40.458000	0.488287
40.460000	0.225676
40.462000	0.173396
40.464000	-0.353614
40.466000	-0.374772
40.468000	-0.072081
40.470000	-0.445692
40.472000	-0.019592
40.474000	0.227469
40.476000	-0.033321
40.478000	-0.591181
40.480000	-0.126683
40.482000	0.254623
40.484000	-0.180877
40.486000	0.304889
40.488000	-0.051229
40.490000	0.235457
40.492000	-0.340892
40.494000	0.226031
40.496000	-0.034753
40.498000	-0.242447
40.500000	-0.035874
40.502000	-0.155738
40.504000	-0.356057
40.506000	0.275417
40.508000	0.652081
40.510000	-0.412094
40.512000	0.048250
40.514000	0.327109
40.516000	0.293801
40.518000	-0.136659
40.520000	0.113245
40.522000	-0.220955
40.524000	-0.065894
40.526000	-0.272245
40.528000	-0.034397
40.530000	0.375709
40.532000	-0.204748
40.534000	-0.131511
40.536000	0.046764
40.538000	0.253699
40.540000	0.335211
40.542000	0.139770
40.544000	-0.394571
40.546000	-0.516206
40.548000	0.291658
40.550000	-0.246018
40.552000	-0.098891
40.554000	0.345290
40.556000	-0.125008
40.558000	-0.132462
40.560000	0.255936
40.562000	-0.021041
40.564000	0.192825
40.566000	0.067427
40.568000	0.338634
40.570000	0.431240
40.572000	0.313325
40.574000	0.080256
40.576000	0.198615
40.578000	-0.139291
40.580000	0.428415
40.582000	0.395105
40.584000	-0.269558
40.586000	0.215276
40.588000	0.349631
40.590000	0.102072
40.592000	-0.066403
40.594000	0.069485
40.596000	0.048565
40.598000	0.519295
40.600000	0.245654
40.602000	0.316449
40.604000	0.147810
40.606000	0.062885
40.608000	0.122099
40.610000	0.202969
40.612000	-0.194258
40.614000	-0.154603
40.616000	0.437444
40.618000	0.586300
40.620000	0.210131
40.622000	0.547146
40.624000	0.554559
40.626000	0.057918
40.628000	0.118540
40.630000	0.121392
40.632000	-0.057825
40.634000	0.035294
40.636000	0.505463
40.638000	0.039123
40.640000	0.493394
40.642000	0.438937
40.644000	-0.084840
40.646000	0.167184
40.648000	-0.111129
40.650000	-0.776925
40.652000	-0.302571
40.654000	0.453464
40.656000	-0.138949
40.658000	0.336548
40.660000	0.145442
40.662000	0.390358
40.664000	0.672869
40.666000	0.332755
40.668000	0.296847
40.670000	0.191841
40.672000	0.198683
40.674000	-0.063623
40.676000	0.309150
40.678000	0.297108
40.680000	0.506017
40.682000	0.136086
40.684000	-0.114724
40.686000	-0.022009
40.688000	0.303876
40.690000	-0.170260
40.692000	-0.181059
40.694000	0.223300
40.696000	0.298612
40.698000	0.527126
40.700000	0.605536
40.702000	0.277732
40.704000	0.174477
40.706000	-0.427642
40.708000	0.012816
40.710000	-0.071592
40.712000	-0.209529
40.714000	0.376142
40.716000	0.009055
40.718000	-0.209206
40.720000	0.316747
40.722000	-0.142668
40.724000	0.145936
40.726000	0.196069
40.728000	-0.308495
40.730000	0.398518
40.732000	-0.122185
40.734000	0.274791
40.736000	-0.402930
40.738000	0.017421
40.740000	0.312906
40.742000	0.819299
40.744000	0.226259
40.746000	-0.138066
40.748000	0.047771
40.750000	0.495718
40.752000	-0.233361
40.754000	-0.126504
40.756000	0.341727
40.758000	0.201798
40.760000	-0.127153
40.762000	0.288604
40.764000	0.742084
40.766000	0.007509
40.768000	-0.000113
40.770000	0.735245
40.772000	-0.007539
40.774000	0.097350
40.776000	0.600232
40.778000	-0.031798
40.780000	-0.022441
40.782000	-0.052821
40.784000	0.321460
40.786000	-0.283637
40.788000	-0.051342
40.790000	-0.159105
40.792000	-0.026991
40.794000	-0.065036
40.796000	0.270506
40.798000	-0.459931
40.800000	-0.761889
40.802000	0.152614
40.804000	-0.123152
40.806000	0.411184
40.808000	0.124478
40.810000	-0.199324
40.812000	0.078839
40.814000	0.072760
40.816000	-0.643558
40.818000	0.537585
40.820000	0.210734
40.822000	0.299849
40.824000	-0.096078
40.826000	0.253678
40.828000	-0.007171
40.830000	-0.162888
40.832000	0.835027
40.834000	0.126048
40.836000	-0.241919
40.838000	0.378702
40.840000	0.284284
40.842000	0.562341
40.844000	0.259536
40.846000	0.124269
40.848000	0.335139
40.850000	0.109865
40.852000	0.404351
40.854000	0.239671
40.856000	-0.216403
40.858000	0.384024
40.860000	-0.095851
40.862000	0.328723
40.864000	-0.086218
40.866000	0.270272
40.868000	0.302567
40.870000	-0.349287
40.872000	0.325372
40.874000	0.405666
40.876000	0.722876
40.878000	0.005699
40.880000	0.432960
40.882000	0.225749
40.884000	0.063643
40.886000	-0.216381
40.888000	-0.046965
40.890000	0.155835
40.892000	0.582275
40.894000	0.058698
40.896000	0.975122
40.898000	0.309601
40.900000	0.880632
40.902000	0.632045
40.904000	1.168692
40.906000	0.709948
40.908000	1.183146
40.910000	1.655769
40.912000	1.367589
40.914000	1.572715
40.916000	1.466887
40.918000	0.836665
40.920000	1.195091
40.922000	0.925377
40.924000	0.724537
40.926000	0.347727
40.928000	0.054073
40.930000	-0.603054
40.932000	-0.437819
40.934000	-1.194312
40.936000	-0.864619
40.938000	-1.113636
40.940000	-1.525456
40.942000	-0.998367
40.944000	-1.091041
40.946000	-0.504516
40.948000	-0.815227
40.950000	-0.836604
40.952000	-0.372152
40.954000	-0.362518
40.956000	-0.360530
40.958000	0.288226
40.960000	-0.257776
40.962000	-0.205713
40.964000	-0.044014
40.966000	-0.113314
40.968000	-0.138561
40.970000	0.146750
40.972000	0.067992
40.974000	-0.148054
40.976000	0.042502
40.978000	0.041016
40.980000	0.179207
40.982000	0.269484
40.984000	-0.021264
40.986000	0.146465
40.988000	-0.052912
40.990000	-0.166764
40.992000	-0.080260
40.994000	-0.003101
40.996000	0.166149
40.998000	0.026366
41.000000	0.269035
41.002000	-0.066842
41.004000	0.072148
41.006000	-0.052761
41.008000	0.107569
41.010000	-0.100551
41.012000	0.186748
41.014000	-0.076151
41.016000	0.050455
41.018000	0.176802
41.020000	0.030000
41.022000	0.142381
41.024000	-0.045417
41.026000	-0.014533
41.028000	-0.121401
41.030000	0.172886
41.032000	0.071901
41.034000	0.237686
41.036000	0.298704
41.038000	0.177999
41.040000	0.225469
41.042000	0.204905
41.044000	0.044901
41.046000	-0.112665
41.048000	-0.019466
41.050000	0.191413
41.052000	0.210584
41.054000	0.194709
41.056000	0.050611
41.058000	0.025249
41.060000	0.251964
41.062000	0.237742
41.064000	0.399462
41.066000	0.148547
41.068000	-0.054823
41.070000	0.320741
41.072000	0.260139
41.074000	0.267863
41.076000	0.250376
41.078000	0.198030
41.080000	0.489991
41.082000	0.048304
41.084000	0.152140
41.086000	0.094743
41.088000	0.202222
41.090000	0.098963
41.092000	0.325357
41.094000	0.066381
41.096000	0.187494
41.098000	0.329834
41.100000	0.089689
41.102000	0.340950
41.104000	0.093512
41.106000	0.147173
41.108000	0.423872
41.110000	-0.016527
41.112000	0.409459
41.114000	0.496236
41.116000	0.610547
41.118000	0.159420
41.120000	0.245320
41.122000	0.121228
41.124000	0.359462
41.126000	0.311550
41.128000	0.124364
41.130000	-0.068131
41.132000	0.364118
41.134000	0.426594
41.136000	0.196682
41.138000	0.550746
41.140000	0.463861
41.142000	0.025649
41.144000	0.210805
41.146000	0.461727
41.148000	0.378966
41.150000	0.413626
41.152000	0.367548
41.154000	0.294187
41.156000	0.277386
41.158000	0.481710
41.160000	0.350871
41.162000	0.304008
41.164000	0.585489
41.166000	0.384003
41.168000	0.147853
41.170000	0.164411
41.172000	0.424929
41.174000	0.360603
41.176000	0.234606
41.178000	0.358607
41.180000	0.299517
41.182000	0.427372
41.184000	0.407457
41.186000	0.660679
41.188000	0.454230
41.190000	0.438350
41.192000	0.478529
41.194000	0.477004
41.196000	0.423988
41.198000	0.385084
41.200000	0.200760
41.202000	0.424740
41.204000	-0.053371
41.206000	0.567640
41.208000	0.360221
41.210000	0.275747
41.212000	0.330651
41.214000	-0.017915
41.216000	0.466889
41.218000	0.296836
41.220000	0.483731
41.222000	0.336393
41.224000	0.161579
41.226000	0.285033
41.228000	0.102474
41.230000	0.077699
41.232000	0.160212
41.234000	0.126543
41.236000	0.258421
41.238000	0.107696
41.240000	0.286281
41.242000	-0.040108
41.244000	-0.044719
41.246000	-0.007475
41.248000	0.065283
41.250000	0.102920
41.252000	-0.020473
41.254000	-0.286831
41.256000	-0.186935
41.258000	0.175757
41.260000	0.099728
41.262000	-0.083117
41.264000	-0.216830
41.266000	-0.376863
41.268000	0.080311
41.270000	-0.078287
41.272000	-0.290366
41.274000	0.043914
41.276000	-0.158498
41.278000	-0.211669
41.280000	-0.051145
41.282000	-0.190793
41.284000	-0.080291
41.286000	-0.085277
41.288000	-0.027798
41.290000	-0.045979
41.292000	-0.078529
41.294000	0.059539
41.296000	0.054209
41.298000	-0.210068
41.300000	-0.154020
41.302000	-0.270770
41.304000	-0.034964
41.306000	-0.211753
41.308000	0.182648
41.310000	0.012887
41.312000	-0.142595
41.314000	-0.132540
41.316000	-0.246246
41.318000	-0.172989
41.320000	-0.054012
41.322000	-0.029817
41.324000	-0.037084
41.326000	0.061443
41.328000	-0.063910
41.330000	-0.025644
41.332000	0.015161
41.334000	-0.180411
41.336000	-0.264330
41.338000	-0.049855
41.340000	-0.058359
41.342000	0.036239
41.344000	-0.064696
41.346000	0.130568
41.348000	-0.151349
41.350000	-0.118061
41.352000	0.197726
41.354000	0.211957
41.356000	0.278706
41.358000	0.081182
41.360000	0.080486
41.362000	-0.060823
41.364000	-0.009392
41.366000	0.062186
41.368000	0.079786
41.370000	0.160176
41.372000	-0.126448
41.374000	-0.183331
41.376000	0.140705
41.378000	0.040704
41.380000	0.017014
41.382000	-0.120544
41.384000	-0.024233
41.386000	-0.038850
41.388000	0.019317
41.390000	-0.041532
41.392000	-0.130748
41.394000	0.089166
41.396000	-0.065570
41.398000	-0.054521
41.400000	-0.160614
41.402000	0.215674
41.404000	0.110140
41.406000	-0.061097
41.408000	0.004878
41.410000	-0.006694
41.412000	0.001923
41.414000	0.142678
41.416000	-0.019487
41.418000	-0.256819
41.420000	0.018314
41.422000	-0.152284
41.424000	0.078004
41.426000	0.011165
41.428000	0.231225
41.430000	0.101734
41.432000	0.077060
41.434000	-0.033468
41.436000	0.005482
41.438000	0.220145
41.440000	-0.041496
41.442000	-0.148367
41.444000	-0.266343
41.446000	-0.109942
41.448000	0.182526
41.450000	0.011348
41.452000	-0.201958
41.454000	-0.113349
41.456000	-0.006707
41.458000	0.071430
41.460000	-0.146017
41.462000	0.209797
41.464000	-0.242676
41.466000	0.063567
41.468000	0.202206
41.470000	-0.050781
41.472000	0.026285
41.474000	-0.063337
41.476000	-0.082073
41.478000	-0.036695
41.480000	-0.009303
41.482000	-0.103847
41.484000	-0.100175
41.486000	-0.050506
41.488000	0.017993
41.490000	-0.084939
41.492000	-0.064998
41.494000	-0.098446
41.496000	-0.060401
41.498000	-0.112744
41.500000	-0.049034
41.502000	0.058254
41.504000	-0.090591
41.506000	-0.073175
41.508000	-0.008989
41.510000	-0.070525
41.512000	-0.173003
41.514000	-0.041245
41.516000	-0.051521
41.518000	-0.076409
41.520000	-0.096173
41.522000	-0.010371
41.524000	-0.039487
41.526000	-0.054804
41.528000	-0.041860
41.530000	-0.120317
41.532000	-0.045895
41.534000	-0.106843
41.536000	-0.000162
41.538000	-0.118316
41.540000	-0.045429
41.542000	-0.085489
41.544000	-0.100248
41.546000	-0.127265
41.548000	-0.086437
41.550000	-0.127870
41.552000	-0.043492
41.554000	-0.105196
41.556000	-0.006027
41.558000	0.017344
41.560000	-0.062214
41.562000	-0.077626
41.564000	-0.131782
41.566000	-0.123868
41.568000	-0.041467
41.570000	-0.016899
41.572000	-0.141259
41.574000	-0.042347
41.576000	-0.166946
41.578000	-0.106744
41.580000	-0.059340
41.582000	-0.068605
41.584000	-0.063855
41.586000	-0.053443
41.588000	-0.103075
41.590000	-0.034501
41.592000	-0.184885
41.594000	-0.070595
41.596000	-0.064305
41.598000	-0.060826
41.600000	-0.088147
41.602000	-0.120684
41.604000	-0.185521
41.606000	-0.074978
41.608000	-0.146714
41.610000	-0.155409
41.612000	-0.124332
41.614000	-0.109781
41.616000	-0.023617
41.618000	0.014128
41.620000	-0.123760
41.622000	-0.074463
41.624000	-0.146279
41.626000	-0.161173
41.628000	-0.190084
41.630000	-0.081292
41.632000	-0.139535
41.634000	-0.055809
41.636000	-0.135513
41.638000	-0.116954
41.640000	-0.132886
41.642000	0.009102
41.644000	-0.116284
41.646000	-0.114372
41.648000	-0.097120
41.650000	-0.124048
41.652000	-0.140737
41.654000	-0.058705
41.656000	-0.040143
41.658000	-0.102599
41.660000	-0.122002
41.662000	-0.131676
41.664000	-0.164409
41.666000	-0.069396
41.668000	-0.017039
41.670000	-0.171687
41.672000	-0.065315
41.674000	-0.009468
41.676000	-0.160558
41.678000	-0.149727
41.680000	-0.095608
41.682000	-0.006073
41.684000	-0.152643
41.686000	-0.088482
41.688000	-0.141850
41.690000	-0.088588
41.692000	-0.106343
41.694000	-0.138348
41.696000	-0.082626
41.698000	-0.148129
41.700000	-0.069626
41.702000	-0.108466
41.704000	-0.133455
41.706000	-0.081869
41.708000	-0.073947
41.710000	-0.131645
41.712000	-0.007223
41.714000	-0.140749
41.716000	0.060006
41.718000	-0.167548
41.720000	-0.132461
41.722000	-0.056828
41.724000	-0.099296
41.726000	0.030151
41.728000	-0.135376
41.730000	-0.086660
41.732000	-0.172901
41.734000	-0.150540
41.736000	-0.134644
41.738000	-0.041237
41.740000	-0.115463
41.742000	-0.018789
41.744000	-0.038503
41.746000	-0.027896
41.748000	-0.172275
41.750000	-0.063883
41.752000	-0.113424
41.754000	-0.007182
41.756000	-0.051831
41.758000	-0.015031
41.760000	-0.082304
41.762000	-0.113652
41.764000	-0.017992
41.766000	-0.045549
41.768000	0.010418
41.770000	-0.133626
41.772000	-0.093975
41.774000	-0.030550
41.776000	-0.006394
41.778000	0.026791
41.780000	-0.047231
41.782000	-0.063329
41.784000	0.018878
41.786000	-0.098808
41.788000	-0.074878
41.790000	0.000659
41.792000	-0.148393
41.794000	-0.023584
41.796000	-0.111617
41.798000	-0.144273
41.800000	-0.134699
41.802000	-0.114318
41.804000	-0.036890
41.806000	-0.110421
41.808000	-0.131585
41.810000	0.003453
41.812000	-0.018719
41.814000	0.035507
41.816000	-0.088966
41.818000	0.029612
41.820000	-0.135051
41.822000	-0.018331
41.824000	0.041354
41.826000	-0.065209
41.828000	0.025582
41.830000	0.033384
41.832000	-0.077982
41.834000	-0.050864
41.836000	-0.055993
41.838000	-0.074726
41.840000	-0.044906
41.842000	-0.009384
41.844000	-0.039945
41.846000	-0.018614
41.848000	0.004559
41.850000	0.024661
41.852000	-0.072730
41.854000	-0.022224
41.856000	-0.026419
41.858000	-0.065645
41.860000	0.081050
41.862000	-0.091543
41.864000	-0.112296
41.866000	-0.107850
41.868000	-0.123617
41.870000	-0.114265
41.872000	-0.069379
41.874000	-0.008846
41.876000	0.004582
41.878000	-0.038333
41.880000	-0.015626
41.882000	-0.032738
41.884000	0.066119
41.886000	-0.014196
41.888000	-0.087320
41.890000	-0.038340
41.892000	-0.009602
41.894000	0.010288
41.896000	0.033806
41.898000	-0.001257
41.900000	-0.009175
41.902000	-0.025801
41.904000	0.020103
41.906000	-0.046540
41.908000	0.002951
41.910000	-0.000287
41.912000	0.103950
41.914000	-0.088152
41.916000	-0.008974
41.918000	0.056761
41.920000	-0.034429
41.922000	-0.010654
41.924000	0.007028
41.926000	0.007062
41.928000	0.001557
41.930000	0.145551
41.932000	-0.082498
41.934000	0.067524
41.936000	0.029337
41.938000	-0.012674
41.940000	-0.063069
41.942000	-0.036142
41.944000	-0.091960
41.946000	-0.028925
41.948000	0.010925
41.950000	0.021382
41.952000	-0.021674
41.954000	0.078891
41.956000	0.063748
41.958000	0.067144
41.960000	-0.093604
41.962000	-0.004994
41.964000	0.068672
41.966000	0.071241
41.968000	0.032495
41.970000	0.013958
41.972000	0.088495
41.974000	-0.034729
41.976000	0.096315
41.978000	0.047708
41.980000	-0.010110
41.982000	0.053385
41.984000	0.120997
41.986000	0.247339
41.988000	-0.159842
41.990000	0.224347
41.992000	0.055362
41.994000	0.204038
41.996000	0.478698
41.998000	-0.081200
42.000000	-0.266715
42.002000	0.289959
42.004000	-0.337086
42.006000	0.042342
42.008000	0.691127
42.010000	0.495629
42.012000	-0.131529
42.014000	-0.045655
42.016000	0.374876
42.018000	0.246882
42.020000	-0.218764
42.022000	-0.016919
42.024000	0.086034
42.026000	0.491018
42.028000	0.377618
42.030000	-0.026930
42.032000	-0.180772
42.034000	-0.077286
42.036000	-0.271822
42.038000	0.075323
42.040000	-0.067693
42.042000	0.187665
42.044000	0.050074
42.046000	-0.340640
42.048000	-0.120953
42.050000	-0.426454
42.052000	0.110672
42.054000	0.329561
42.056000	0.132442
42.058000	0.137745
42.060000	0.338415
42.062000	0.016517
42.064000	-0.173147
42.066000	0.352823
42.068000	-0.248922
42.070000	-0.231720
42.072000	-0.068587
42.074000	-0.201547
42.076000	0.025174
42.078000	0.251127
42.080000	-0.378678
42.082000	0.000443
42.084000	0.000463
42.086000	-0.155835
42.088000	-0.324132
42.090000	0.401516
42.092000	0.261165
42.094000	0.003578
42.096000	0.099098
42.098000	-0.252946
42.100000	-0.366463
42.102000	-0.230173
42.104000	-0.154032
42.106000	-0.089512
42.108000	-0.206854
42.110000	-0.364055
42.112000	-0.665713
42.114000	0.040200
42.116000	-0.022678
42.118000	0.423957
42.120000	0.071471
42.122000	0.399981
42.124000	0.637697
42.126000	0.966946
42.128000	0.774543
42.130000	0.858966
42.132000	1.463131
42.134000	1.459388
42.136000	1.787144
42.138000	1.697672
42.140000	2.081801
42.142000	1.201259
42.144000	1.891283
42.146000	1.317870
42.148000	1.009529
42.150000	0.309655
42.152000	0.802590
42.154000	-0.264060
42.156000	-0.011243
42.158000	-0.305164
42.160000	-0.796416
42.162000	-0.617191
42.164000	-0.687891
42.166000	-0.341450
42.168000	-0.771401
42.170000	-0.466515
42.172000	-0.090025
42.174000	0.222188
42.176000	0.040074
42.178000	-0.081020
42.180000	-0.696326
42.182000	0.574117
42.184000	-0.364089
42.186000	-0.508754
42.188000	0.213947
42.190000	0.112292
42.192000	0.275950
42.194000	-0.465954
42.196000	0.133958
42.198000	0.285170
42.200000	0.271815
42.202000	-0.181568
42.204000	0.129363
42.206000	0.380556
42.208000	-0.218226
42.210000	-0.232991
42.212000	0.247851
42.214000	0.398577
42.216000	0.002698
42.218000	0.084781
42.220000	-0.305884
42.222000	0.058114
42.224000	-0.345404
42.226000	0.430709
42.228000	0.146740
42.230000	0.437163
42.232000	0.223135
42.234000	0.227837
42.236000	-0.112472
42.238000	0.043829
42.240000	-0.084072
42.242000	0.212468
42.244000	0.498575
42.246000	0.166416
42.248000	-0.414563
42.250000	0.202712
42.252000	-0.070945
42.254000	-0.258049
42.256000	-0.298244
42.258000	-0.294793
42.260000	-0.123381
42.262000	0.451180
42.264000	0.552591
42.266000	0.136077
42.268000	0.026761
42.270000	0.004987
42.272000	-0.116976
42.274000	-0.114083
42.276000	-0.006703
42.278000	-0.317907
42.280000	-0.277953
42.282000	0.248918
42.284000	0.032008
42.286000	0.205613
42.288000	0.562922
42.290000	-0.316159
42.292000	-0.285989
42.294000	0.518280
42.296000	0.345787
42.298000	0.087694
42.300000	-0.030472
42.302000	-0.070817
42.304000	0.353770
42.306000	0.173088
42.308000	0.353529
42.310000	0.570281
42.312000	0.309655
42.314000	-0.000021
42.316000	-0.120708
42.318000	0.214538
42.320000	0.521432
42.322000	-0.144992
42.324000	0.479641
42.326000	0.356670
42.328000	0.331170
42.330000	0.691975
42.332000	-0.561619
42.334000	0.211521
42.336000	0.461868
42.338000	0.378528
42.340000	-0.411132
42.342000	-0.026503
42.344000	0.078812
42.346000	0.560211
42.348000	0.077891
42.350000	0.317993
42.352000	0.259270
42.354000	-0.045088
42.356000	-0.027824
42.358000	-0.429379
42.360000	0.159114
42.362000	-0.057091
42.364000	0.314295
42.366000	-0.181022
42.368000	0.237057
42.370000	0.268235
42.372000	0.058774
42.374000	0.415069
42.376000	-0.041257
42.378000	0.352658
42.380000	0.487166
42.382000	0.124552
42.384000	-0.138059
42.386000	0.393090
42.388000	0.150392
42.390000	0.702084
42.392000	0.176843
42.394000	0.127005
42.396000	0.153030
42.398000	0.437296
42.400000	0.121822
42.402000	0.347924
42.404000	0.037585
42.406000	0.681679
42.408000	0.378587
42.410000	-0.465556
42.412000	0.287967
42.414000	-0.458851
42.416000	0.367459
42.418000	0.303777
42.420000	-0.403677
42.422000	0.605372
42.424000	-0.276607
42.426000	-0.163695
42.428000	-0.194727
42.430000	-0.082621
42.432000	0.263884
42.434000	-0.104085
42.436000	-0.014942
42.438000	-0.198963
42.440000	-0.160312
42.442000	-0.128636
42.444000	-0.230739
42.446000	0.005228
42.448000	0.140010
42.450000	-0.377584
42.452000	0.042508
42.454000	-0.488117
42.456000	0.276629
42.458000	0.391080
42.460000	0.647209
42.462000	-0.155713
42.464000	0.008883
42.466000	-0.303695
42.468000	0.322957
42.470000	0.370050
42.472000	-0.214895
42.474000	-0.234979
42.476000	-0.139249
42.478000	-0.049370
42.480000	-0.653170
42.482000	-0.417750
42.484000	-0.326922
42.486000	-0.351905
42.488000	0.513010
42.490000	-0.469265
42.492000	-0.400944
42.494000	-0.192093
42.496000	0.065284
42.498000	-0.232581
42.500000	-0.275886
42.502000	-0.090062
42.504000	-0.119335
42.506000	-0.366541
42.508000	-0.320236
42.510000	-0.228092
42.512000	0.057051
42.514000	-0.314327
42.516000	-0.208811
42.518000	-0.333103
42.520000	-0.241562
42.522000	-0.401180
42.524000	-0.179349
42.526000	0.131240
42.528000	-0.379540
42.530000	-0.280611
42.532000	-0.102470
42.534000	-0.267490
42.536000	-0.572856
42.538000	-0.199757
42.540000	-0.177862
42.542000	-0.293235
42.544000	-0.329403
42.546000	-0.070461
42.548000	-0.133477
42.550000	-0.130051
42.552000	-0.203024
42.554000	-0.409654
42.556000	-0.134227
42.558000	-0.365857
42.560000	-0.032485
42.562000	-0.442517
42.564000	-0.187781
42.566000	-0.243153
42.568000	-0.326661
42.570000	-0.422702
42.572000	-0.275757
42.574000	-0.418696
42.576000	-0.113272
42.578000	-0.344509
42.580000	-0.008609
42.582000	0.086668
42.584000	-0.234059
42.586000	-0.231272
42.588000	-0.429801
42.590000	-0.388390
42.592000	-0.126491
42.594000	-0.078054
42.596000	-0.402288
42.598000	-0.121877
42.600000	-0.516021
42.602000	-0.302547
42.604000	-0.190696
42.606000	-0.167817
42.608000	-0.119770
42.610000	-0.160088
42.612000	-0.275472
42.614000	-0.100210
42.616000	-0.514492
42.618000	-0.232319
42.620000	-0.149279
42.622000	-0.180844
42.624000	-0.280973
42.626000	-0.351104
42.628000	-0.557504
42.630000	-0.236308
42.632000	-0.391259
42.634000	-0.423192
42.636000	-0.370315
42.638000	-0.266186
42.640000	-0.060821
42.642000	0.061139
42.644000	-0.324737
42.646000	-0.243508
42.648000	-0.378675
42.650000	-0.433659
42.652000	-0.537814
42.654000	-0.236864
42.656000	-0.387317
42.658000	-0.132770
42.660000	-0.352766
42.662000	-0.311687
42.664000	-0.352905
42.666000	0.040383
42.668000	-0.284502
42.670000	-0.289569
42.672000	-0.314160
42.674000	-0.321339
42.676000	-0.421381
42.678000	-0.197112
42.680000	-0.061699
42.682000	-0.224129
42.684000	-0.347494
42.686000	-0.315167
42.688000	-0.455917
42.690000	-0.196188
42.692000	0.016802
42.694000	-0.482543
42.696000	-0.156856
42.698000	0.021086
42.700000	-0.364646
42.702000	-0.431759
42.704000	-0.240366
42.706000	0.034981
42.708000	-0.430621
42.710000	-0.177523
42.712000	-0.377262
42.714000	-0.206255
42.716000	-0.274572
42.718000	-0.359979
42.720000	-0.217384
42.722000	-0.313931
42.724000	-0.179313
42.726000	-0.238351
42.728000	-0.345803
42.730000	-0.207256
42.732000	-0.197490
42.734000	-0.390252
42.736000	0.040024
42.738000	-0.451607
42.740000	0.200485
42.742000	-0.446563
42.744000	-0.376393
42.746000	-0.172581
42.748000	-0.261348
42.750000	0.092676
42.752000	-0.377971
42.754000	-0.208505
42.756000	-0.502684
42.758000	-0.447786
42.760000	-0.412426
42.762000	-0.147761
42.764000	-0.355858
42.766000	-0.032709
42.768000	-0.095445
42.770000	-0.033732
42.772000	-0.497147
42.774000	-0.165239
42.776000	-0.247028
42.778000	0.027768
42.780000	-0.159663
42.782000	-0.020583
42.784000	-0.229786
42.786000	-0.372105
42.788000	-0.036121
42.790000	-0.158915
42.792000	0.102531
42.794000	-0.366735
42.796000	-0.288352
42.798000	-0.121491
42.800000	-0.029583
42.802000	0.068472
42.804000	-0.161497
42.806000	-0.173724
42.808000	0.015783
42.810000	-0.281369
42.812000	-0.265156
42.814000	-0.029014
42.816000	-0.396278
42.818000	-0.115259
42.820000	-0.350868
42.822000	-0.474647
42.824000	-0.428651
42.826000	-0.373272
42.828000	-0.120091
42.830000	-0.305921
42.832000	-0.447308
42.834000	-0.011448
42.836000	-0.018375
42.838000	0.066362
42.840000	-0.275618
42.842000	0.072460
42.844000	-0.410765
42.846000	-0.012078
42.848000	0.129438
42.850000	-0.216425
42.852000	0.017442
42.854000	0.070399
42.856000	-0.271506
42.858000	-0.174765
42.860000	-0.191766
42.862000	-0.289609
42.864000	-0.169411
42.866000	-0.079183
42.868000	-0.150786
42.870000	-0.086909
42.872000	-0.042950
42.874000	0.018805
42.876000	-0.272244
42.878000	-0.053804
42.880000	-0.116370
42.882000	-0.176403
42.884000	0.211578
42.886000	-0.309556
42.888000	-0.306174
42.890000	-0.321501
42.892000	-0.344529
42.894000	-0.339214
42.896000	-0.217144
42.898000	-0.002570
42.900000	-0.015429
42.902000	-0.109893
42.904000	-0.016940
42.906000	-0.076841
42.908000	0.158999
42.910000	-0.067760
42.912000	-0.249754
42.914000	-0.098054
42.916000	-0.047268
42.918000	0.016688
42.920000	0.079414
42.922000	-0.050693
42.924000	-0.030271
42.926000	-0.124304
42.928000	0.057740
42.930000	-0.100910
42.932000	0.000734
42.934000	-0.006323
42.936000	0.318507
42.938000	-0.252179
42.940000	-0.014056
42.942000	0.128761
42.944000	-0.198018
42.946000	-0.082414
42.948000	-0.007267
42.950000	-0.023281
42.952000	-0.051037
42.954000	0.362553
42.956000	-0.344056
42.958000	0.124914
42.960000	0.098360
42.962000	-0.045317
42.964000	-0.186579
42.966000	-0.116498
42.968000	-0.339941
42.970000	-0.116204
42.972000	-0.006351
42.974000	0.052880
42.976000	-0.143145
42.978000	0.147871
42.980000	0.114491
42.982000	0.097055
42.984000	-0.373741
42.986000	-0.105452
42.988000	0.081157
42.990000	0.131494
42.992000	0.014427
42.994000	0.050678
42.996000	0.262062
42.998000	-0.056697
43.000000	0.248916
43.002000	0.132276
43.004000	-0.022538
43.006000	0.161356
43.008000	0.022886
43.010000	-0.233031
43.012000	-0.097762
43.014000	-0.395765
43.016000	-0.255671
43.018000	-0.137184
43.020000	-0.706065
43.022000	-0.086361
43.024000	-0.055608
43.026000	-0.114539
43.028000	-0.336070
43.030000	-0.047259
43.032000	-0.115343
43.034000	0.128865
43.036000	-0.332445
43.038000	-0.226625
43.040000	-0.047723
43.042000	-0.427635
43.044000	-0.041567
43.046000	0.263127
43.048000	-1.000023
43.050000	-0.434736
43.052000	0.150328
43.054000	-0.133347
43.056000	-0.214956
43.058000	-0.228278
43.060000	0.325395
43.062000	-0.136600
43.064000	-0.345556
43.066000	-0.100267
43.068000	-0.350480
43.070000	-0.034494
43.072000	-0.094216
43.074000	-0.346283
43.076000	-0.331240
43.078000	-0.075798
43.080000	-0.537138
43.082000	0.048440
43.084000	-0.689014
43.086000	-0.386672
43.088000	0.091423
43.090000	-0.775663
43.092000	-0.035271
43.094000	-0.404947
43.096000	-0.199211
43.098000	-0.108451
43.100000	-0.008554
43.102000	-0.083770
43.104000	0.009881
43.106000	-0.176233
43.108000	-0.354164
43.110000	-0.096054
43.112000	-0.124609
43.114000	-0.330171
43.116000	0.100854
43.118000	-0.482266
43.120000	-0.262701
43.122000	-0.232669
43.124000	-0.179825
43.126000	-0.295810
43.128000	-0.148474
43.130000	-0.644264
43.132000	-0.115686
43.134000	-0.371294
43.136000	0.160670
43.138000	0.022403
43.140000	-0.432094
43.142000	0.073788
43.144000	-0.185813
43.146000	-0.308366
43.148000	-0.007990
43.150000	0.187351
43.152000	-0.566117
43.154000	-0.120548
43.156000	-0.046067
43.158000	-0.198528
43.160000	-0.120797
43.162000	-0.346842
43.164000	-0.218841
43.166000	-0.311023
43.168000	-0.330263
43.170000	-0.002897
43.172000	-0.518386
43.174000	-0.325795
43.176000	-0.378808
43.178000	-0.282002
43.180000	-0.076568
43.182000	-0.072384
43.184000	-0.426026
43.186000	-0.194873
43.188000	-0.598960
43.190000	0.012135
43.192000	-0.102972
43.194000	0.020563
43.196000	-0.311822
43.198000	-0.189155
43.200000	0.072251
43.202000	-0.208573
43.204000	0.375975
43.206000	-0.200488
43.208000	-0.036999
43.210000	-0.034376
43.212000	-0.412483
43.214000	0.177797
43.216000	-0.177527
43.218000	-0.288285
43.220000	-0.372120
43.222000	0.209621
43.224000	0.230685
43.226000	0.047179
43.228000	-0.409789
43.230000	0.076084
43.232000	-0.335882
43.234000	-0.030737
43.236000	-0.067539
43.238000	0.175555
43.240000	0.035938
43.242000	0.030070
43.244000	-0.178020
43.246000	-0.026746
43.248000	0.381795
43.250000	-0.151960
43.252000	0.701987
43.254000	-0.179337
43.256000	-0.042216
43.258000	0.074921
43.260000	-0.035730
43.262000	0.008771
43.264000	-0.016456
43.266000	0.166069
43.268000	-0.216979
43.270000	-0.250488
43.272000	0.083491
43.274000	-0.206950
43.276000	-0.266800
43.278000	-0.211512
43.280000	-0.181400
43.282000	-0.157270
43.284000	-0.029831
43.286000	0.382849
43.288000	0.143470
43.290000	0.184479
43.292000	0.423983
43.294000	1.027526
43.296000	0.446039
43.298000	0.801096
43.300000	1.244150
43.302000	1.192701
43.304000	1.802919
43.306000	1.246906
43.308000	1.605424
43.310000	0.952009
43.312000	0.680001
43.314000	0.683522
43.316000	0.491585
43.318000	-0.345922
43.320000	-0.288726
43.322000	-0.661655
43.324000	-0.833524
43.326000	-0.663781
43.328000	-0.503742
43.330000	-0.662181
43.332000	-0.939408
43.334000	-0.953021
43.336000	-0.883808
43.338000	-0.710235
43.340000	-0.570997
43.342000	-0.016417
43.344000	-0.394055
43.346000	-0.529454
43.348000	-0.480915
43.350000	-0.634094
43.352000	-0.669933
43.354000	-0.014182
43.356000	-0.408212
43.358000	-0.408600
43.360000	-0.226207
43.362000	-0.079775
43.364000	-0.181308
43.366000	-0.179339
43.368000	-0.663897
43.370000	0.037795
43.372000	0.094947
43.374000	-0.133226
43.376000	-0.706283
43.378000	-0.554916
43.380000	0.239495
43.382000	0.084834
43.384000	0.372328
43.386000	-0.223651
43.388000	0.450236
43.390000	0.325037
43.392000	0.081799
43.394000	-0.417367
43.396000	-0.185229
43.398000	0.102552
43.400000	-0.400927
43.402000	-0.798799
43.404000	-0.464543
43.406000	-0.168400
43.408000	-0.052112
43.410000	-0.327194
43.412000	-0.146280
43.414000	-0.319939
43.416000	-0.373090
43.418000	0.361672
43.420000	-0.210062
43.422000	-0.083874
43.424000	-0.067061
43.426000	0.399892
43.428000	0.292771
43.430000	-0.400002
43.432000	0.003039
43.434000	0.096317
43.436000	-0.111474
43.438000	-0.372966
43.440000	0.299252
43.442000	0.079755
43.444000	-0.426057
43.446000	-0.144401
43.448000	-0.029833
43.450000	0.425705
43.452000	-0.177974
43.454000	0.393150
43.456000	-0.059392
43.458000	0.037615
43.460000	-0.622150
43.462000	-0.306352
43.464000	0.038062
43.466000	0.363307
43.468000	-0.583127
43.470000	-0.120292
43.472000	0.136828
43.474000	0.755228
43.476000	-0.085930
43.478000	0.172085
43.480000	-0.130552
43.482000	-0.508335
43.484000	-0.575046
43.486000	0.211857
43.488000	0.473518
43.490000	-0.073135
43.492000	0.438731
43.494000	-0.043628
43.496000	0.026165
43.498000	-0.418793
43.500000	-0.561174
43.502000	0.046467
43.504000	-0.397829
43.506000	-0.366774
43.508000	0.391178
43.510000	0.022323
43.512000	0.141747
43.514000	0.145810
43.516000	0.046975
43.518000	-0.356085
43.520000	-0.071406
43.522000	0.259196
43.524000	0.125454
43.526000	-0.036229
43.528000	0.076846
43.530000	0.228268
43.532000	0.090461
43.534000	0.279639
43.536000	0.047356
43.538000	0.079235
43.540000	0.156676
43.542000	0.011957
43.544000	0.204388
43.546000	0.183270
43.548000	0.052665
43.550000	0.155767
43.552000	0.073137
43.554000	0.243789
43.556000	0.275257
43.558000	0.089374
43.560000	0.241892
43.562000	0.080112
43.564000	0.158151
43.566000	0.223607
43.568000	0.275489
43.570000	0.373582
43.572000	0.167148
43.574000	0.149479
43.576000	0.368088
43.578000	0.359849
43.580000	0.151645
43.582000	0.325203
43.584000	0.350679
43.586000	0.324205
43.588000	0.352324
43.590000	0.156557
43.592000	0.207943
43.594000	0.222042
43.596000	0.410126
43.598000	0.191386
43.600000	0.121415
43.602000	0.319408
43.604000	0.200482
43.606000	0.010047
43.608000	0.281449
43.610000	0.091318
43.612000	0.362521
43.614000	0.373202
43.616000	0.179350
43.618000	0.207863
43.620000	0.180825
43.622000	0.059572
43.624000	0.179372
43.626000	0.075717
43.628000	0.155961
43.630000	0.070964
43.632000	-0.069468
43.634000	0.038345
43.636000	-0.043922
43.638000	0.088627
43.640000	-0.029002
43.642000	0.053252
43.644000	-0.063853
43.646000	-0.023680
43.648000	0.057020
43.650000	0.059343
43.652000	-0.059996
43.654000	0.035880
43.656000	-0.082504
43.658000	-0.218516
43.660000	-0.122166
43.662000	-0.220974
43.664000	-0.095575
43.666000	-0.003545
43.668000	-0.093596
43.670000	-0.125278
43.672000	-0.298921
43.674000	-0.222205
43.676000	-0.197005
43.678000	0.040342
43.680000	-0.230548
43.682000	-0.172483
43.684000	-0.125730
43.686000	-0.034366
43.688000	-0.247896
43.690000	-0.288527
43.692000	-0.211549
43.694000	-0.088857
43.696000	0.070961
43.698000	-0.205389
43.700000	-0.041584
43.702000	-0.090972
43.704000	-0.227178
43.706000	-0.240775
43.708000	-0.196011
43.710000	-0.223040
43.712000	-0.016793
43.714000	-0.063541
43.716000	-0.259606
43.718000	-0.153960
43.720000	-0.190022
43.722000	-0.155865
43.724000	-0.297551
43.726000	-0.151992
43.728000	-0.018308
43.730000	-0.226355
43.732000	-0.003110
43.734000	-0.277475
43.736000	-0.115204
43.738000	-0.239762
43.740000	-0.178977
43.742000	-0.297309
43.744000	0.033963
43.746000	-0.301087
43.748000	-0.322484
43.750000	-0.189475
43.752000	-0.132232
43.754000	-0.049195
43.756000	-0.086178
43.758000	0.052674
43.760000	-0.098395
43.762000	0.092570
43.764000	-0.229271
43.766000	-0.089938
43.768000	-0.090396
43.770000	0.007538
43.772000	-0.127500
43.774000	0.042248
43.776000	-0.098217
43.778000	-0.116424
43.780000	0.058706
43.782000	0.025545
43.784000	-0.186899
43.786000	-0.017567
43.788000	0.036092
43.790000	0.127165
43.792000	-0.047247
43.794000	-0.108908
43.796000	0.084975
43.798000	-0.162330
43.800000	-0.136451
43.802000	-0.223740
43.804000	0.005266
43.806000	-0.223896
43.808000	0.092720
43.810000	-0.005425
43.812000	-0.111305
43.814000	-0.050636
43.816000	-0.173318
43.818000	0.021991
43.820000	-0.030714
43.822000	0.051568
43.824000	-0.055417
43.826000	-0.043507
43.828000	0.055411
43.830000	-0.032414
43.832000	-0.059396
43.834000	-0.176759
43.836000	-0.075599
43.838000	-0.096315
43.840000	-0.069832
43.842000	-0.017459
43.844000	0.031636
43.846000	0.029714
43.848000	-0.069740
43.850000	0.012007
43.852000	-0.013725
43.854000	-0.098331
43.856000	-0.072476
43.858000	-0.021790
43.860000	-0.061270
43.862000	0.144035
43.864000	-0.115748
43.866000	-0.129164
43.868000	-0.086044
43.870000	-0.109014
43.872000	-0.077658
43.874000	-0.120882
43.876000	-0.042696
43.878000	-0.111370
43.880000	-0.052122
43.882000	0.050042
43.884000	0.101235
43.886000	0.020404
43.888000	0.030449
43.890000	-0.014276
43.892000	-0.014409
43.894000	-0.066738
43.896000	0.046740
43.898000	0.023718
43.900000	-0.058974
43.902000	-0.139765
43.904000	-0.060835
43.906000	-0.100463
43.908000	0.006659
43.910000	0.001500
43.912000	-0.030785
43.914000	-0.121320
43.916000	-0.051793
43.918000	-0.082558
43.920000	0.005673
43.922000	-0.077016
43.924000	0.022953
43.926000	-0.082054
43.928000	-0.161819
43.930000	-0.057390
43.932000	-0.015856
43.934000	-0.068225
43.936000	-0.064380
43.938000	-0.139981
43.940000	-0.076105
43.942000	-0.160351
43.944000	-0.030069
43.946000	0.004864
43.948000	-0.004148
43.950000	0.196450
43.952000	0.022976
43.954000	-0.130914
43.956000	-0.040709
43.958000	-0.033700
43.960000	0.040922
43.962000	-0.020575
43.964000	0.014302
43.966000	0.039482
43.968000	-0.033934
43.970000	-0.160192
43.972000	0.028187
43.974000	0.004098
43.976000	0.075180
43.978000	-0.047117
43.980000	0.131158
43.982000	-0.119787
43.984000	-0.086363
43.986000	-0.018960
43.988000	-0.069152
43.990000	-0.055072
43.992000	0.012331
43.994000	-0.190167
43.996000	-0.110934
43.998000	-0.232484
44.000000	-0.164684
44.002000	0.174890
44.004000	-0.169156
44.006000	-0.051593
44.008000	0.071311
44.010000	-0.016805
44.012000	0.173560
44.014000	-0.050978
44.016000	0.161839
44.018000	0.029742
44.020000	-0.028322
44.022000	-0.045595
44.024000	0.099516
44.026000	-0.087346
44.028000	0.164416
44.030000	-0.051768
44.032000	0.026444
44.034000	-0.054500
44.036000	-0.062020
44.038000	-0.023469
44.040000	-0.018468
44.042000	-0.182078
44.044000	-0.092207
44.046000	-0.064863
44.048000	0.013590
44.050000	-0.119119
44.052000	-0.039982
44.054000	0.026491
44.056000	-0.028465
44.058000	-0.119469
44.060000	-0.038132
44.062000	0.114328
44.064000	0.065195
44.066000	-0.012465
44.068000	0.031013
44.070000	-0.031960
44.072000	0.038491
44.074000	-0.021993
44.076000	-0.091882
44.078000	0.015585
44.080000	-0.000486
44.082000	-0.011125
44.084000	-0.120944
44.086000	0.005733
44.088000	-0.133164
44.090000	0.007725
44.092000	-0.039009
44.094000	0.074861
44.096000	-0.147294
44.098000	-0.002894
44.100000	-0.082011
44.102000	-0.005056
44.104000	-0.056966
44.106000	0.023499
44.108000	-0.041000
44.110000	-0.004297
44.112000	-0.116123
44.114000	-0.124089
44.116000	-0.100298
44.118000	0.079992
44.120000	0.039616
44.122000	-0.137386
44.124000	-0.077567
44.126000	-0.062347
44.128000	-0.011463
44.130000	0.035847
44.132000	0.043027
44.134000	0.006290
44.136000	0.073120
44.138000	0.000710
44.140000	-0.014398
44.142000	-0.061932
44.144000	0.073244
44.146000	-0.085733
44.148000	-0.023157
44.150000	-0.062075
44.152000	0.035229
44.154000	0.003325
44.156000	0.034934
44.158000	-0.154664
44.160000	0.083052
44.162000	-0.059693
44.164000	0.125411
44.166000	0.006423
44.168000	0.108609
44.170000	0.020704
44.172000	0.115401
44.174000	0.063330
44.176000	-0.052241
44.178000	-0.068965
44.180000	-0.020884
44.182000	0.051127
44.184000	0.115596
44.186000	-0.034755
44.188000	-0.073508
44.190000	-0.154182
44.192000	0.053004
44.194000	-0.082972
44.196000	0.020359
44.198000	0.002576
44.200000	-0.085997
44.202000	-0.077076
44.204000	0.094954
44.206000	-0.098435
44.208000	-0.001947
44.210000	0.020721
44.212000	0.004194
44.214000	0.010275
44.216000	-0.024648
44.218000	0.086195
44.220000	0.036676
44.222000	0.046282
44.224000	0.035158
44.226000	0.065342
44.228000	-0.004808
44.230000	0.037935
44.232000	0.034930
44.234000	0.063376
44.236000	0.058490
44.238000	-0.095097
44.240000	0.012436
44.242000	0.098930
44.244000	-0.053733
44.246000	0.110198
44.248000	-0.046125
44.250000	0.050937
44.252000	-0.092409
44.254000	0.125539
44.256000	-0.034344
44.258000	-0.014169
44.260000	0.172456
44.262000	0.032244
44.264000	0.117684
44.266000	-0.060201
44.268000	-0.039386
44.270000	-0.073105
44.272000	0.088287
44.274000	0.123622
44.276000	0.155172
44.278000	-0.042308
44.280000	0.013260
44.282000	-0.113056
44.284000	0.013187
44.286000	-0.100533
44.288000	0.117817
44.290000	0.153041
44.292000	0.071622
44.294000	0.015334
44.296000	0.159210
44.298000	-0.028887
44.300000	0.025940
44.302000	-0.026383
44.304000	-0.077839
44.306000	0.097455
44.308000	0.082140
44.310000	0.052078
44.312000	0.029913
44.314000	-0.032271
44.316000	-0.042944
44.318000	0.034216
44.320000	-0.033064
44.322000	-0.001307
44.324000	-0.002959
44.326000	0.080133
44.328000	0.033481
44.330000	-0.115487
44.332000	-0.005190
44.334000	-0.021944
44.336000	0.023923
44.338000	-0.063777
44.340000	-0.058849
44.342000	-0.066229
44.344000	0.001258
44.346000	0.105089
44.348000	0.112796
44.350000	0.074732
44.352000	0.085485
44.354000	0.023185
44.356000	-0.001085
44.358000	0.072986
44.360000	0.014814
44.362000	0.006480
44.364000	0.037028
44.366000	0.004479
44.368000	-0.047554
44.370000	-0.032168
44.372000	0.031748
44.374000	-0.036508
44.376000	0.056806
44.378000	-0.027978
44.380000	-0.046088
44.382000	0.051891
44.384000	-0.030109
44.386000	0.035404
44.388000	0.005971
44.390000	0.093161
44.392000	-0.016788
44.394000	0.081388
44.396000	-0.126168
44.398000	0.057427
44.400000	0.129335
44.402000	-0.028308
44.404000	-0.100318
44.406000	0.036911
44.408000	0.070300
44.410000	-0.138220
44.412000	0.106611
44.414000	-0.159033
44.416000	-0.055070
44.418000	0.046667
44.420000	0.017207
44.422000	-0.071882
44.424000	0.005911
44.426000	-0.021221
44.428000	0.086943
44.430000	-0.027680
44.432000	0.064106
44.434000	-0.129842
44.436000	-0.067877
44.438000	-0.017831
44.440000	-0.096273
44.442000	-0.074083
44.444000	-0.006385
44.446000	0.033360
44.448000	0.019111
44.450000	0.012311
44.452000	0.004658
44.454000	0.010041
44.456000	-0.036986
44.458000	-0.099939
44.460000	-0.006060
44.462000	0.050979
44.464000	-0.047468
44.466000	0.136387
44.468000	0.123261
44.470000	0.051269
44.472000	-0.118281
44.474000	-0.081352
44.476000	-0.001654
44.478000	-0.039733
44.480000	0.004081
44.482000	-0.067769
44.484000	-0.048604
44.486000	-0.044485
44.488000	0.028153
44.490000	0.068166
44.492000	0.034756
44.494000	0.062623
44.496000	-0.048454
44.498000	-0.002005
44.500000	0.027009
44.502000	0.041028
44.504000	-0.076615
44.506000	0.118052
44.508000	-0.062227
44.510000	-0.084593
44.512000	-0.015164
44.514000	-0.038887
44.516000	-0.069128
44.518000	-0.156042
44.520000	-0.025260
44.522000	0.126477
44.524000	0.163579
44.526000	0.183507
44.528000	0.034668
44.530000	0.328634
44.532000	0.441001
44.534000	0.559329
44.536000	0.365105
44.538000	0.536510
44.540000	0.573244
44.542000	0.425497
44.544000	0.708666
44.546000	1.312339
44.548000	1.882905
44.550000	1.135681
44.552000	2.327430
44.554000	2.237869
44.556000	2.190971
44.558000	1.982015
44.560000	0.783224
44.562000	1.490270
44.564000	0.706778
44.566000	1.148224
44.568000	-0.052904
44.570000	0.305473
44.572000	0.181145
44.574000	-0.628743
44.576000	0.179718
44.578000	-0.416972
44.580000	0.282241
44.582000	0.266241
44.584000	-0.143562
44.586000	-0.535100
44.588000	-0.454019
44.590000	-0.326659
44.592000	-0.074551
44.594000	-0.262131
44.596000	0.231542
44.598000	-0.606401
44.600000	-0.053651
44.602000	0.545268
44.604000	0.052721
44.606000	0.494793
44.608000	0.271087
44.610000	0.369765
44.612000	0.146184
44.614000	0.356486
44.616000	0.448979
44.618000	0.411225
44.620000	0.129691
44.622000	-0.151248
44.624000	-0.004978
44.626000	0.046583
44.628000	0.272082
44.630000	-0.339059
44.632000	0.327766
44.634000	0.479392
44.636000	0.715571
44.638000	0.505382
44.640000	0.561799
44.642000	0.044436
44.644000	0.315889
44.646000	0.183296
44.648000	0.907611
44.650000	0.150674
44.652000	0.158038
44.654000	-0.038544
44.656000	0.132735
44.658000	0.155064
44.660000	-0.177571
44.662000	-0.173960
44.664000	0.801702
44.666000	0.184953
44.668000	-0.260306
44.670000	0.205639
44.672000	-0.306617
44.674000	0.683329
44.676000	0.655151
44.678000	-0.255524
44.680000	0.887516
44.682000	0.488042
44.684000	0.289750
44.686000	0.344544
44.688000	-0.688878
44.690000	-0.128545
44.692000	0.326011
44.694000	0.157916
44.696000	0.171651
44.698000	0.954116
44.700000	0.835733
44.702000	0.442534
44.704000	0.213634
44.706000	0.362286
44.708000	0.593362
44.710000	0.182652
44.712000	-0.288311
44.714000	-0.314440
44.716000	-0.215791
44.718000	0.454042
44.720000	0.036151
44.722000	0.753434
44.724000	0.868215
44.726000	0.270890
44.728000	0.015864
44.730000	0.479490
44.732000	-0.212337
44.734000	-0.039692
44.736000	0.138116
44.738000	0.287754
44.740000	0.029125
44.742000	0.739396
44.744000	0.410831
44.746000	-0.235594
44.748000	0.493197
44.750000	0.019035
44.752000	-0.113926
44.754000	-0.107764
44.756000	0.770998
44.758000	0.556043
44.760000	0.427767
44.762000	0.581822
44.764000	0.524407
44.766000	0.149777
44.768000	0.462388
44.770000	0.528973
44.772000	0.036581
44.774000	0.471557
44.776000	0.554244
44.778000	0.112732
44.780000	0.472943
44.782000	0.371534
44.784000	0.140422
44.786000	-0.169556
44.788000	-0.150315
44.790000	0.480380
44.792000	1.009630
44.794000	0.158641
44.796000	-0.034360
44.798000	0.242120
44.800000	0.603138
44.802000	0.658558
44.804000	0.514420
44.806000	0.748730
44.808000	0.678828
44.810000	-0.214566
44.812000	0.483716
44.814000	-0.240775
44.816000	0.294062
44.818000	0.082906
44.820000	0.677514
44.822000	0.176099
44.824000	0.838676
44.826000	0.533330
44.828000	0.256679
44.830000	-0.403775
44.832000	0.041411
44.834000	0.502197
44.836000	0.337363
44.838000	0.275844
44.840000	-0.056527
44.842000	0.702949
44.844000	0.445853
44.846000	0.164799
44.848000	0.296381
44.850000	0.071048
44.852000	0.488595
44.854000	0.571305
44.856000	-0.223669
44.858000	0.024588
44.860000	-0.033328
44.862000	0.581074
44.864000	0.139859
44.866000	0.132618
44.868000	0.632118
44.870000	0.352800
44.872000	0.135210
44.874000	0.236482
44.876000	-0.164643
44.878000	0.630907
44.880000	-0.022846
44.882000	-0.496694
44.884000	-0.096413
44.886000	-0.361691
44.888000	0.178807
44.890000	-0.082921
44.892000	-0.199616
44.894000	-0.011752
44.896000	-0.733349
44.898000	-0.099903
44.900000	-0.178541
44.902000	0.118970
44.904000	0.629309
44.906000	-0.345112
44.908000	0.232700
44.910000	0.187321
44.912000	-0.177052
44.914000	-0.560223
44.916000	-0.057629
44.918000	-0.504743
44.920000	-0.486362
44.922000	-0.378101
44.924000	0.211921
44.926000	-0.489726
44.928000	0.047052
44.930000	0.098257
44.932000	-0.287479
44.934000	0.473711
44.936000	0.647291
44.938000	-0.192274
44.940000	0.293503
44.942000	-0.211891
44.944000	-0.421530
44.946000	-0.054720
44.948000	-0.289710
44.950000	-0.261041
44.952000	0.307052
44.954000	-0.327819
44.956000	0.044094
44.958000	0.496333
44.960000	0.345226
44.962000	-0.024832
44.964000	0.226854
44.966000	-0.038612
44.968000	-0.715300
44.970000	0.127268
44.972000	-0.203903
44.974000	0.403921
44.976000	-0.270746
44.978000	-0.323680
44.980000	-0.276363
44.982000	-0.176683
44.984000	-0.532268
44.986000	0.217088
44.988000	0.044103
44.990000	-0.249749
44.992000	-0.024751
44.994000	-0.144239
44.996000	-0.047754
44.998000	0.584363
45.000000	-0.040468
45.002000	-0.672554
45.004000	0.659343
45.006000	-0.123571
45.008000	0.020478
45.010000	0.116812
45.012000	-0.023212
45.014000	0.291580
45.016000	0.317287
45.018000	-0.190530
45.020000	-0.003612
45.022000	-0.096957
45.024000	0.082485
45.026000	-0.111348
45.028000	-0.078976
45.030000	0.096214
45.032000	0.011054
45.034000	-0.233509
45.036000	-0.228161
45.038000	-0.405578
45.040000	-0.284416
45.042000	-0.031783
45.044000	-0.424490
45.046000	0.501473
45.048000	-0.515421
45.050000	-0.234419
45.052000	-0.054275
45.054000	-0.271357
45.056000	0.012651
45.058000	-0.001163
45.060000	-0.017490
45.062000	-0.013183
45.064000	0.003576
45.066000	-0.012488
45.068000	-0.009886
45.070000	0.010652
45.072000	0.021063
45.074000	-0.009974
45.076000	0.002125
45.078000	-0.025883
45.080000	-0.003725
45.082000	-0.021801
45.084000	-0.005286
45.086000	0.039885
45.088000	-0.038026
45.090000	-0.002205
45.092000	0.019294
45.094000	-0.022426
45.096000	-0.047126
45.098000	-0.018400
45.100000	-0.013462
45.102000	-0.007193
45.104000	-0.009986
45.106000	0.030102
45.108000	0.007520
45.110000	-0.018035
45.112000	0.008537
45.114000	-0.023390
45.116000	-0.004461
45.118000	-0.025995
45.120000	0.024544
45.122000	-0.041292
45.124000	-0.003142
45.126000	-0.022537
45.128000	-0.029231
45.130000	-0.037330
45.132000	-0.002440
45.134000	-0.057655
45.136000	-0.009302
45.138000	-0.021134
45.140000	0.011703
45.142000	-0.001171
45.144000	-0.003668
45.146000	-0.019483
45.148000	-0.030546
45.150000	-0.024513
45.152000	-0.007029
45.154000	0.000565
45.156000	-0.037733
45.158000	-0.003921
45.160000	-0.054552
45.162000	-0.037529
45.164000	-0.025309
45.166000	-0.016918
45.168000	-0.025828
45.170000	-0.005365
45.172000	-0.048059
45.174000	-0.008100
45.176000	-0.068549
45.178000	-0.017253
45.180000	-0.030973
45.182000	-0.022078
45.184000	-0.039801
45.186000	-0.029516
45.188000	-0.071742
45.190000	-0.024319
45.192000	-0.054891
45.194000	-0.058385
45.196000	-0.063070
45.198000	-0.053488
45.200000	-0.004722
45.202000	0.024289
45.204000	-0.030310
45.206000	-0.034202
45.208000	-0.068014
45.210000	-0.056910
45.212000	-0.071415
45.214000	-0.017228
45.216000	-0.051109
45.218000	-0.019858
45.220000	-0.047057
45.222000	-0.029817
45.224000	-0.058014
45.226000	-0.010761
45.228000	-0.050521
45.230000	-0.024870
45.232000	-0.026092
45.234000	-0.035836
45.236000	-0.033588
45.238000	-0.020530
45.240000	-0.018839
45.242000	-0.039786
45.244000	-0.065741
45.246000	-0.057944
45.248000	-0.066049
45.250000	-0.025301
45.252000	-0.016060
45.254000	-0.060041
45.256000	-0.025195
45.258000	-0.008079
45.260000	-0.072744
45.262000	-0.062945
45.264000	-0.034148
45.266000	-0.017019
45.268000	-0.049580
45.270000	-0.041826
45.272000	-0.062552
45.274000	-0.036532
45.276000	-0.050591
45.278000	-0.085889
45.280000	-0.021208
45.282000	-0.072392
45.284000	-0.048548
45.286000	-0.047405
45.288000	-0.062499
45.290000	-0.034405
45.292000	-0.047749
45.294000	-0.046223
45.296000	-0.009833
45.298000	-0.062783
45.300000	-0.010849
45.302000	-0.061764
45.304000	-0.052918
45.306000	-0.029547
45.308000	-0.057259
45.310000	0.010029
45.312000	-0.073315
45.314000	-0.049448
45.316000	-0.062777
45.318000	-0.071417
45.320000	-0.087418
45.322000	-0.033615
45.324000	-0.053064
45.326000	-0.005679
45.328000	-0.016155
45.330000	-0.024356
45.332000	-0.065363
45.334000	-0.038041
45.336000	-0.040917
45.338000	-0.018854
45.340000	-0.027857
45.342000	-0.025262
45.344000	-0.027466
45.346000	-0.065630
45.348000	-0.023066
45.350000	-0.047679
45.352000	-0.014531
45.354000	-0.042596
45.356000	-0.052409
45.358000	-0.016524
45.360000	-0.015062
45.362000	-0.001631
45.364000	-0.017454
45.366000	-0.019146
45.368000	-0.002575
45.370000	-0.053652
45.372000	-0.054795
45.374000	-0.013154
45.376000	-0.067780
45.378000	-0.023610
45.380000	-0.045188
45.382000	-0.073683
45.384000	-0.073543
45.386000	-0.065590
45.388000	-0.023429
45.390000	-0.051054
45.392000	-0.064195
45.394000	-0.016542
45.396000	-0.009319
45.398000	0.023461
45.400000	-0.053079
45.402000	0.001065
45.404000	-0.080606
45.406000	-0.016004
45.408000	0.007363
45.410000	-0.055013
45.412000	-0.022073
45.414000	-0.004564
45.416000	-0.039575
45.418000	-0.022153
45.420000	-0.014439
45.422000	-0.047228
45.424000	-0.013884
45.426000	-0.014764
45.428000	-0.032519
45.430000	-0.032012
45.432000	-0.015367
45.434000	0.006757
45.436000	-0.041988
45.438000	-0.018675
45.440000	-0.008051
45.442000	-0.030486
45.444000	0.029807
45.446000	-0.037148
45.448000	-0.039341
45.450000	-0.047040
45.452000	-0.041266
45.454000	-0.041836
45.456000	-0.032195
45.458000	0.003186
45.460000	0.011061
45.462000	-0.014753
45.464000	-0.008504
45.466000	-0.004784
45.468000	0.025061
45.470000	-0.020464
45.472000	-0.035503
45.474000	-0.021159
45.476000	-0.017292
45.478000	-0.002705
45.480000	-0.002137
45.482000	-0.020730
45.484000	-0.009756
45.486000	0.005118
45.488000	0.001014
45.490000	-0.035216
45.492000	-0.002581
45.494000	0.003643
45.496000	0.045385
45.498000	-0.037591
45.500000	0.008153
45.502000	0.022029
45.504000	-0.021274
45.506000	-0.020714
45.508000	-0.002985
45.510000	0.009235
45.512000	-0.003617
45.514000	0.032020
45.516000	-0.029508
45.518000	0.001397
45.520000	0.010872
45.522000	-0.015839
45.524000	-0.017068
45.526000	-0.033342
45.528000	-0.053318
45.530000	-0.041188
45.532000	0.004166
45.534000	-0.013137
45.536000	-0.044912
45.538000	0.025509
45.540000	-0.007524
45.542000	-0.004250
45.544000	-0.065139
45.546000	-0.025946
45.548000	0.019448
45.550000	0.000597
45.552000	0.011187
45.554000	0.015927
45.556000	0.020984
45.558000	-0.013828
45.560000	0.035109
45.562000	0.006569
45.564000	0.013095
45.566000	0.014718
45.568000	-0.200651
45.570000	-0.382800
45.572000	0.523748
45.574000	0.185679
45.576000	-0.183978
45.578000	0.311198
45.580000	-0.204406
45.582000	-0.234131
45.584000	-0.610267
45.586000	-0.006107
45.588000	-0.018573
45.590000	0.244261
45.592000	-0.386998
45.594000	-0.407643
45.596000	-0.313315
45.598000	-0.096621
45.600000	0.231366
45.602000	0.288421
45.604000	0.472130
45.606000	0.119388
45.608000	0.209257
45.610000	-0.296859
45.612000	-0.487902
45.614000	0.126323
45.616000	0.135124
45.618000	-0.430497
45.620000	-0.303070
45.622000	0.165659
45.624000	0.031565
45.626000	-0.211683
45.628000	-0.331701
45.630000	0.154978
45.632000	0.000891
45.634000	-0.191464
45.636000	0.004877
45.638000	0.165787
45.640000	0.302885
45.642000	0.089460
45.644000	0.171630
45.646000	-0.071932
45.648000	-0.092675
45.650000	-0.127409
45.652000	0.271811
45.654000	-0.422127
45.656000	-0.460032
45.658000	0.164804
45.660000	0.254709
45.662000	-0.158663
45.664000	0.357320
45.666000	0.225343
45.668000	-0.273673
45.670000	0.015745
45.672000	0.164787
45.674000	0.089161
45.676000	-0.206799
45.678000	0.344581
45.680000	0.312521
45.682000	0.538980
45.684000	0.047852
45.686000	0.488084
45.688000	0.523113
45.690000	-0.121813
45.692000	0.095468
45.694000	0.073562
45.696000	-0.117704
45.698000	-0.291760
45.700000	0.242512
45.702000	-0.447366
45.704000	-0.263380
45.706000	0.140595
45.708000	-0.415010
45.710000	0.389685
45.712000	-0.317160
45.714000	0.249515
45.716000	0.427973
45.718000	-0.363059
45.720000	0.553428
45.722000	0.180214
45.724000	0.947368
45.726000	-0.090964
45.728000	-0.115588
45.730000	-0.128774
45.732000	-0.018723
45.734000	0.018944
45.736000	0.051422
45.738000	-0.045247
45.740000	0.212917
45.742000	-0.209188
45.744000	0.277512
45.746000	0.005017
45.748000	0.317717
45.750000	-0.680837
45.752000	-0.128735
45.754000	0.429613
45.756000	0.390170
45.758000	0.103969
45.760000	-0.250556
45.762000	0.283269
45.764000	-0.261424
45.766000	-0.000149
45.768000	0.014370
45.770000	-0.157100
45.772000	-0.178221
45.774000	0.626590
45.776000	-0.119451
45.778000	0.084659
45.780000	0.079938
45.782000	0.082551
45.784000	-0.602929
45.786000	0.123159
45.788000	0.026576
45.790000	0.706385
45.792000	0.288265
45.794000	0.298335
45.796000	0.452060
45.798000	0.456372
45.800000	0.373564
45.802000	0.655871
45.804000	1.588057
45.806000	1.140571
45.808000	1.435416
45.810000	1.913087
45.812000	1.310822
45.814000	1.234336
45.816000	1.852280
45.818000	1.417210
45.820000	1.034039
45.822000	0.300961
45.824000	0.672841
45.826000	-0.397151
45.828000	0.023588
45.830000	-0.416714
45.832000	-0.406660
45.834000	-0.085268
45.836000	-0.830933
45.838000	-0.661855
45.840000	-0.923131
45.842000	-0.426139
45.844000	-1.199761
45.846000	-0.882675
45.848000	0.039197
45.850000	-0.410503
45.852000	-0.443464
45.854000	-0.246025
45.856000	-0.224262
45.858000	0.141364
45.860000	0.199579
45.862000	-0.015426
45.864000	0.078040
45.866000	-0.206692
45.868000	0.131137
45.870000	-0.034145
45.872000	-0.145326
45.874000	-0.672986
45.876000	0.477116
45.878000	-0.145484
45.880000	-0.206436
45.882000	-0.046584
45.884000	-0.112586
45.886000	-0.020926
45.888000	-0.320157
45.890000	-0.197819
45.892000	-0.341794
45.894000	-0.101641
45.896000	-0.278756
45.898000	0.045673
45.900000	-0.101216
45.902000	-0.276641
45.904000	0.285563
45.906000	-0.238790
45.908000	-0.132605
45.910000	-0.428111
45.912000	0.219228
45.914000	-0.156387
45.916000	0.160037
45.918000	-0.464986
45.920000	0.103066
45.922000	0.220758
45.924000	-0.245753
45.926000	-0.108452
45.928000	-0.448144
45.930000	-0.005456
45.932000	0.449916
45.934000	0.329833
45.936000	0.322133
45.938000	0.105422
45.940000	0.183022
45.942000	0.122250
45.944000	-0.260944
45.946000	0.006355
45.948000	0.049972
45.950000	0.309155
45.952000	-0.287278
45.954000	0.155541
45.956000	0.380122
45.958000	-0.292294
45.960000	0.486761
45.962000	0.302062
45.964000	0.097092
45.966000	-0.043884
45.968000	0.225544
45.970000	0.068687
45.972000	0.079641
45.974000	0.564040
45.976000	-0.238900
45.978000	0.173902
45.980000	0.275057
45.982000	0.122742
45.984000	0.245779
45.986000	0.082794
45.988000	-0.173115
45.990000	-0.134411
45.992000	0.086090
45.994000	0.285101
45.996000	0.735338
45.998000	-0.199831
46.000000	-0.141132
46.002000	0.142850
46.004000	0.218084
46.006000	-0.027757
46.008000	0.105675
46.010000	-0.269944
46.012000	-0.143886
46.014000	0.073847
46.016000	0.452398
46.018000	-0.309611
46.020000	0.561777
46.022000	0.258236
46.024000	0.222741
46.026000	0.125814
46.028000	0.006217
46.030000	0.288739
46.032000	0.062649
46.034000	-0.124779
46.036000	0.160376
46.038000	0.096296
46.040000	0.561926
46.042000	0.501142
46.044000	0.192450
46.046000	0.415081
46.048000	0.385449
46.050000	0.074647
46.052000	0.167709
46.054000	-0.355520
46.056000	0.070489
46.058000	-0.005602
46.060000	0.090350
46.062000	-0.190250
46.064000	0.353221
46.066000	-0.373315
46.068000	0.134510
46.070000	0.551606
46.072000	-0.294601
46.074000	0.181182
46.076000	0.001784
46.078000	-0.060283
46.080000	0.153115
46.082000	0.192011
46.084000	0.162548
46.086000	0.030929
46.088000	0.315360
46.090000	0.152480
46.092000	0.068557
46.094000	0.365375
46.096000	0.243738
46.098000	0.196842
46.100000	0.203968
46.102000	0.151472
46.104000	0.125064
46.106000	0.127742
46.108000	0.259496
46.110000	0.299324
46.112000	0.178495
46.114000	0.235975
46.116000	0.395665
46.118000	0.119645
46.120000	0.011276
46.122000	0.072208
46.124000	0.047702
46.126000	0.146786
46.128000	0.135796
46.130000	0.335055
46.132000	0.096524
46.134000	-0.137907
46.136000	0.228744
46.138000	0.042550
46.140000	-0.025289
46.142000	0.035853
46.144000	0.138397
46.146000	-0.084789
46.148000	0.035687
46.150000	-0.082618
46.152000	-0.043273
46.154000	-0.104600
46.156000	-0.071995
46.158000	-0.337040
46.160000	-0.191337
46.162000	-0.100053
46.164000	0.027963
46.166000	-0.257607
46.168000	0.016666
46.170000	-0.077023
46.172000	-0.062060
46.174000	-0.117064
46.176000	-0.074857
46.178000	-0.078270
46.180000	-0.289433
46.182000	-0.029889
46.184000	-0.167040
46.186000	-0.317769
46.188000	-0.167761
46.190000	-0.227818
46.192000	-0.318490
46.194000	-0.092261
46.196000	-0.349086
46.198000	-0.141000
46.200000	-0.355959
46.202000	-0.083343
46.204000	-0.319225
46.206000	-0.282181
46.208000	-0.401371
46.210000	-0.055075
46.212000	-0.270006
46.214000	-0.284353
46.216000	-0.329058
46.218000	-0.307281
46.220000	-0.276267
46.222000	-0.409502
46.224000	-0.076233
46.226000	0.108674
46.228000	-0.195715
46.230000	-0.150207
46.232000	-0.502007
46.234000	-0.281880
46.236000	-0.325214
46.238000	-0.023193
46.240000	-0.266585
46.242000	-0.126340
46.244000	-0.242258
46.246000	-0.148723
46.248000	-0.553765
46.250000	-0.102853
46.252000	-0.411398
46.254000	-0.092268
46.256000	-0.087452
46.258000	-0.195489
46.260000	-0.181965
46.262000	-0.066600
46.264000	-0.190894
46.266000	-0.268281
46.268000	-0.442841
46.270000	-0.370422
46.272000	-0.279933
46.274000	-0.113021
46.276000	-0.135161
46.278000	-0.290027
46.280000	-0.192785
46.282000	-0.025999
46.284000	-0.460730
46.286000	-0.362580
46.288000	-0.232763
46.290000	-0.163188
46.292000	-0.180699
46.294000	-0.229416
46.296000	-0.340420
46.298000	-0.170355
46.300000	-0.242604
46.302000	-0.458213
46.304000	-0.113341
46.306000	-0.425586
46.308000	-0.269722
46.310000	-0.265482
46.312000	-0.271726
46.314000	-0.156736
46.316000	-0.128850
46.318000	-0.235386
46.320000	-0.041416
46.322000	-0.280497
46.324000	-0.116534
46.326000	-0.346435
46.328000	-0.080158
46.330000	-0.137920
46.332000	-0.215135
46.334000	0.149354
46.336000	-0.288460
46.338000	-0.195405
46.340000	-0.187012
46.342000	-0.234619
46.344000	-0.260848
46.346000	-0.168022
46.348000	-0.171932
46.350000	0.020984
46.352000	-0.029486
46.354000	-0.119859
46.356000	-0.216244
46.358000	-0.197225
46.360000	-0.169054
46.362000	-0.040882
46.364000	-0.046678
46.366000	-0.161145
46.368000	-0.095959
46.370000	-0.166834
46.372000	-0.093399
46.374000	-0.147276
46.376000	-0.095487
46.378000	-0.086474
46.380000	-0.137103
46.382000	-0.027782
46.384000	-0.001838
46.386000	0.075601
46.388000	-0.008013
46.390000	-0.042787
46.392000	-0.072233
46.394000	-0.251639
46.396000	-0.247564
46.398000	-0.054754
46.400000	-0.306073
46.402000	-0.008013
46.404000	-0.075590
46.406000	-0.231916
46.408000	-0.350784
46.410000	-0.144196
46.412000	-0.084823
46.414000	-0.242025
46.416000	-0.236865
46.418000	-0.084002
46.420000	-0.032437
46.422000	0.156030
46.424000	-0.265822
46.426000	-0.045717
46.428000	-0.438527
46.430000	-0.128377
46.432000	-0.071748
46.434000	-0.246262
46.436000	-0.060359
46.438000	-0.011657
46.440000	-0.094339
46.442000	-0.092802
46.444000	0.025030
46.446000	-0.098227
46.448000	0.004844
46.450000	-0.041195
46.452000	-0.196736
46.454000	-0.131240
46.456000	-0.018156
46.458000	0.045164
46.460000	-0.078220
46.462000	-0.156162
46.464000	0.032496
46.466000	-0.194242
46.468000	0.088555
46.470000	-0.176646
46.472000	-0.160789
46.474000	-0.209666
46.476000	-0.285670
46.478000	-0.200830
46.480000	-0.200197
46.482000	-0.020497
46.484000	0.009447
46.486000	-0.140742
46.488000	-0.153729
46.490000	-0.035895
46.492000	0.151237
46.494000	0.003036
46.496000	-0.185133
46.498000	-0.117341
46.500000	-0.086935
46.502000	-0.077416
46.504000	-0.125248
46.506000	-0.034660
46.508000	-0.033728
46.510000	0.123026
46.512000	-0.029022
46.514000	-0.194392
46.516000	-0.045953
46.518000	0.038223
46.520000	0.160131
46.522000	-0.204203
46.524000	-0.031517
46.526000	0.036052
46.528000	-0.103026
46.530000	-0.044301
46.532000	-0.076253
46.534000	0.060156
46.536000	0.019924
46.538000	0.061228
46.540000	-0.054168
46.542000	0.030007
46.544000	-0.120023
46.546000	-0.104129
46.548000	-0.168992
46.550000	-0.172569
46.552000	-0.244799
46.554000	-0.285749
46.556000	0.028107
46.558000	-0.164657
46.560000	-0.179661
46.562000	0.168479
46.564000	-0.049658
46.566000	-0.058281
46.568000	-0.302523
46.570000	-0.103040
46.572000	0.243763
46.574000	0.006046
46.576000	0.102968
46.578000	0.143427
46.580000	0.009279
46.582000	-0.022630
46.584000	0.141449
46.586000	0.045492
46.588000	0.088151
46.590000	0.030389
46.592000	0.354499
46.594000	-0.232130
46.596000	-0.233802
46.598000	-0.163844
46.600000	-0.670010
46.602000	-0.606454
46.604000	-0.365110
46.606000	0.063212
46.608000	0.115006
46.610000	-0.096016
46.612000	-0.567467
46.614000	-0.546670
46.616000	-0.210290
46.618000	0.156793
46.620000	0.413801
46.622000	0.169675
46.624000	0.010076
46.626000	-0.386580
46.628000	-0.536371
46.630000	0.198365
46.632000	-0.110166
46.634000	-0.051264
46.636000	-0.169733
46.638000	-0.330925
46.640000	-0.392446
46.642000	0.159812
46.644000	-0.044911
46.646000	0.232852
46.648000	-0.246238
46.650000	-0.276244
46.652000	-0.076774
46.654000	-0.269045
46.656000	0.321898
46.658000	-0.347636
46.660000	0.068755
46.662000	0.203068
46.664000	-0.094069
46.666000	-0.193337
46.668000	-0.396782
46.670000	-0.244829
46.672000	-0.043340
46.674000	-0.373990
46.676000	-0.002417
46.678000	-0.243232
46.680000	-0.338326
46.682000	-0.284405
46.684000	-0.715609
46.686000	-0.449730
46.688000	0.091081
46.690000	0.099685
46.692000	-0.233725
46.694000	-0.111781
46.696000	-0.476210
46.698000	-0.175375
46.700000	-0.025121
46.702000	0.470352
46.704000	-0.131609
46.706000	-0.642753
46.708000	0.098382
46.710000	-0.195945
46.712000	-0.211688
46.714000	-0.250829
46.716000	-0.180939
46.718000	-0.508526
46.720000	-0.330573
46.722000	-0.021806
46.724000	-0.308363
46.726000	-0.309329
46.728000	-0.508849
46.730000	-0.325081
46.732000	0.127000
46.734000	-0.319356
46.736000	-0.023351
46.738000	-0.541445
46.740000	-0.084569
46.742000	-0.193060
46.744000	-0.475537
46.746000	-0.482450
46.748000	-0.434013
46.750000	0.157741
46.752000	0.167156
46.754000	-0.005499
46.756000	-0.066346
46.758000	-0.117523
46.760000	0.235297
46.762000	-0.250666
46.764000	0.094891
46.766000	-0.550021
46.768000	-0.216690
46.770000	-0.504578
46.772000	-0.389088
46.774000	-0.105048
46.776000	0.089630
46.778000	0.430908
46.780000	-0.200886
46.782000	-0.082823
46.784000	-0.066762
46.786000	-0.364127
46.788000	0.470029
46.790000	-0.309736
46.792000	-0.098826
46.794000	0.328583
46.796000	0.121744
46.798000	0.170758
46.800000	0.127304
46.802000	-0.019866
46.804000	-0.560406
46.806000	0.248514
46.808000	0.356173
46.810000	-0.135054
46.812000	0.135079
46.814000	0.228229
46.816000	-0.072905
46.818000	-0.543687
46.820000	-0.346158
46.822000	-0.246928
46.824000	-0.442372
46.826000	-0.270269
46.828000	-0.115724
46.830000	-0.339146
46.832000	0.021884
46.834000	0.137307
46.836000	-0.045582
46.838000	0.063391
46.840000	0.043007
46.842000	0.263045
46.844000	-0.357120
46.846000	-0.312492
46.848000	-0.166227
46.850000	0.207979
46.852000	-0.128030
46.854000	-0.249985
46.856000	0.232900
46.858000	-0.529231
46.860000	0.288736
46.862000	0.305518
46.864000	-0.418696
46.866000	-0.104633
46.868000	-0.286066
46.870000	-0.015199
46.872000	0.387964
46.874000	0.648231
46.876000	-0.103528
46.878000	-0.253208
46.880000	0.003153
46.882000	0.349240
46.884000	-0.428219
46.886000	-0.159113
46.888000	0.098129
46.890000	-0.314381
46.892000	0.245677
46.894000	-0.475266
46.896000	0.026544
46.898000	0.062450
46.900000	0.210408
46.902000	-0.355745
46.904000	0.369649
46.906000	0.090579
46.908000	-0.435958
46.910000	-0.166549
46.912000	-0.391217
46.914000	-0.335074
46.916000	0.240234
46.918000	0.050023
46.920000	-0.442535
46.922000	-0.068788
46.924000	0.031130
46.926000	-0.004531
46.928000	0.082489
46.930000	0.358521
46.932000	-0.156606
46.934000	-0.062737
46.936000	0.054438
46.938000	0.006925
46.940000	0.035608
46.942000	0.300733
46.944000	0.294494
46.946000	-0.092424
46.948000	-0.102649
46.950000	-0.269764
46.952000	-0.237701
46.954000	-0.071969
46.956000	-0.054060
46.958000	-0.179293
46.960000	0.296208
46.962000	-0.349442
46.964000	0.151247
46.966000	0.011033
46.968000	0.320824
46.970000	-0.460992
46.972000	-0.139710
46.974000	-0.260929
46.976000	-0.060884
46.978000	0.472631
46.980000	-0.015200
46.982000	-0.156090
46.984000	0.202437
46.986000	-0.013627
46.988000	0.202032
46.990000	0.398928
46.992000	0.088899
46.994000	0.362624
46.996000	0.122976
46.998000	0.220846
47.000000	0.402802
47.002000	-0.459612
47.004000	0.493285
47.006000	0.309775
47.008000	0.322730
47.010000	0.656956
47.012000	0.365400
47.014000	0.794627
47.016000	0.713008
47.018000	0.784021
47.020000	1.108778
47.022000	0.385303
47.024000	1.663971
47.026000	1.556354
47.028000	1.200395
47.030000	1.601138
47.032000	1.200312
47.034000	0.420089
47.036000	0.126413
47.038000	0.731758
47.040000	-0.322738
47.042000	-0.355918
47.044000	-0.624079
47.046000	-0.905236
47.048000	-1.166333
47.050000	-0.738955
47.052000	-1.282887
47.054000	-1.005150
47.056000	-0.965460
47.058000	-0.607484
47.060000	-1.027223
47.062000	-0.740915
47.064000	-0.525757
47.066000	0.046071
47.068000	-0.301015
47.070000	-0.644040
47.072000	0.244089
47.074000	-0.630213
47.076000	-0.312552
47.078000	-0.218148
47.080000	-0.035658
47.082000	0.426131
47.084000	0.417572
47.086000	-0.325042
47.088000	0.178187
47.090000	-0.155904
47.092000	-0.169694
47.094000	0.160772
47.096000	-0.518099
47.098000	-0.005511
47.100000	-0.140938
47.102000	-0.042592
47.104000	-0.107606
47.106000	-0.215114
47.108000	-0.166962
47.110000	-0.173708
47.112000	-0.148303
47.114000	-0.021773
47.116000	-0.017049
47.118000	-0.214288
47.120000	0.028220
47.122000	-0.036743
47.124000	0.040769
47.126000	0.059243
47.128000	-0.079299
47.130000	-0.069949
47.132000	-0.103921
47.134000	-0.019712
47.136000	-0.316363
47.138000	-0.084241
47.140000	-0.020922
47.142000	-0.228128
47.144000	-0.033432
47.146000	-0.120524
47.148000	-0.070086
47.150000	-0.136208
47.152000	-0.026502
47.154000	-0.053847
47.156000	0.078597
47.158000	-0.181853
47.160000	-0.092252
47.162000	-0.099017
47.164000	0.032993
47.166000	-0.130689
47.168000	-0.075034
47.170000	-0.209500
47.172000	-0.171143
47.174000	-0.001985
47.176000	-0.055106
47.178000	-0.014166
47.180000	0.174336
47.182000	-0.025343
47.184000	0.212370
47.186000	0.042985
47.188000	0.032192
47.190000	0.036754
47.192000	-0.066256
47.194000	0.061496
47.196000	-0.091502
47.198000	-0.046238
47.200000	-0.009759
47.202000	0.032595
47.204000	0.098255
47.206000	0.155745
47.208000	0.048408
47.210000	0.009545
47.212000	-0.184946
47.214000	0.237968
47.216000	0.176918
47.218000	0.192739
47.220000	0.139787
47.222000	0.108506
47.224000	0.116975
47.226000	0.043607
47.228000	0.093835
47.230000	0.070095
47.232000	0.040200
47.234000	-0.051473
47.236000	-0.011062
47.238000	0.013323
47.240000	-0.000878
47.242000	0.105208
47.244000	-0.048410
47.246000	0.163006
47.248000	0.148579
47.250000	0.171611
47.252000	0.276936
47.254000	-0.066113
47.256000	0.250520
47.258000	0.282919
47.260000	0.261851
47.262000	0.072243
47.264000	0.226306
47.266000	0.020997
47.268000	0.201098
47.270000	0.227162
47.272000	0.189537
47.274000	0.018981
47.276000	0.236890
47.278000	0.252857
47.280000	0.153281
47.282000	0.339959
47.284000	0.392319
47.286000	0.031325
47.288000	0.301786
47.290000	0.333089
47.292000	0.273548
47.294000	0.360822
47.296000	0.146149
47.298000	0.282924
47.300000	0.356064
47.302000	0.287962
47.304000	0.329444
47.306000	0.230636
47.308000	0.347313
47.310000	0.222525
47.312000	0.089590
47.314000	0.208380
47.316000	0.224039
47.318000	0.236935
47.320000	0.041612
47.322000	0.183618
47.324000	0.068704
47.326000	0.101716
47.328000	0.270981
47.330000	0.246276
47.332000	0.255732
47.334000	0.169536
47.336000	0.080854
47.338000	0.158087
47.340000	0.015193
47.342000	0.096548
47.344000	-0.049762
47.346000	0.033270
47.348000	-0.083918
47.350000	0.141174
47.352000	-0.026342
47.354000	-0.001350
47.356000	-0.034834
47.358000	-0.179890
47.360000	-0.074525
47.362000	-0.086784
47.364000	-0.017109
47.366000	-0.121037
47.368000	-0.256091
47.370000	-0.086601
47.372000	-0.197275
47.374000	-0.202887
47.376000	-0.017507
47.378000	-0.066478
47.380000	-0.139309
47.382000	-0.118906
47.384000	-0.063568
47.386000	-0.156156
47.388000	-0.240781
47.390000	-0.059824
47.392000	-0.110505
47.394000	-0.227636
47.396000	-0.140546
47.398000	-0.355666
47.400000	-0.149302
47.402000	-0.058745
47.404000	-0.137662
47.406000	-0.104251
47.408000	-0.241042
47.410000	-0.288100
47.412000	-0.037909
47.414000	-0.116359
47.416000	-0.123240
47.418000	-0.030303
47.420000	-0.199802
47.422000	-0.107486
47.424000	-0.194149
47.426000	-0.236739
47.428000	-0.156551
47.430000	-0.268437
47.432000	-0.162199
47.434000	-0.237408
47.436000	-0.115135
47.438000	-0.066095
47.440000	-0.086837
47.442000	-0.185057
47.444000	-0.093785
47.446000	-0.121399
47.448000	-0.093180
47.450000	-0.056770
47.452000	-0.055030
47.454000	0.002246
47.456000	0.034104
47.458000	-0.181011
47.460000	-0.217752
47.462000	-0.117847
47.464000	-0.090140
47.466000	-0.017374
47.468000	-0.094324
47.470000	-0.037512
47.472000	0.082124
47.474000	-0.034303
47.476000	-0.054819
47.478000	-0.122009
47.480000	-0.253197
47.482000	0.038288
47.484000	-0.149968
47.486000	0.043578
47.488000	-0.085769
47.490000	0.093520
47.492000	-0.005186
47.494000	-0.118940
47.496000	-0.059496
47.498000	0.082180
47.500000	0.046539
47.502000	0.022539
47.504000	-0.055660
47.506000	-0.012799
47.508000	0.068913
47.510000	0.067192
47.512000	0.116149
47.514000	0.134773
47.516000	0.011973
47.518000	-0.299876
47.520000	0.091127
47.522000	0.106968
47.524000	-0.026454
47.526000	0.065872
47.528000	0.019814
47.530000	-0.148283
47.532000	-0.035184
47.534000	-0.021885
47.536000	-0.131359
47.538000	-0.086763
47.540000	0.058008
47.542000	-0.013892
47.544000	0.028862
47.546000	0.047400
47.548000	0.154910
47.550000	0.027503
47.552000	0.025669
47.554000	-0.006272
47.556000	0.000687
47.558000	0.215581
47.560000	-0.075267
47.562000	-0.085219
47.564000	-0.088777
47.566000	-0.113325
47.568000	0.148281
47.570000	-0.102596
47.572000	0.212738
47.574000	-0.060662
47.576000	-0.122262
47.578000	-0.046584
47.580000	0.104864
47.582000	0.217147
47.584000	-0.159939
47.586000	-0.032462
47.588000	-0.155734
47.590000	-0.087033
47.592000	-0.104300
47.594000	-0.042458
47.596000	-0.100996
47.598000	-0.065280
47.600000	0.029015
47.602000	0.130502
47.604000	-0.013237
47.606000	0.041632
47.608000	-0.050332
47.610000	0.067839
47.612000	0.148752
47.614000	0.039850
47.616000	0.000370
47.618000	-0.181100
47.620000	-0.189385
47.622000	-0.035677
47.624000	-0.093041
47.626000	-0.252122
47.628000	-0.230930
47.630000	-0.154214
47.632000	0.016563
47.634000	-0.209564
47.636000	-0.155082
47.638000	-0.216581
47.640000	-0.162044
47.642000	-0.258366
47.644000	-0.105662
47.646000	0.029395
47.648000	-0.173380
47.650000	-0.141674
47.652000	-0.096563
47.654000	-0.130604
47.656000	-0.323828
47.658000	-0.088823
47.660000	-0.088775
47.662000	-0.158937
47.664000	-0.190359
47.666000	-0.071874
47.668000	-0.113707
47.670000	-0.016998
47.672000	-0.116591
47.674000	-0.255749
47.676000	-0.087965
47.678000	-0.214653
47.680000	-0.038427
47.682000	-0.247451
47.684000	-0.113813
47.686000	-0.148342
47.688000	-0.194733
47.690000	-0.264162
47.692000	-0.224842
47.694000	-0.217419
47.696000	-0.080752
47.698000	-0.172040
47.700000	-0.014141
47.702000	0.048847
47.704000	-0.146643
47.706000	-0.125058
47.708000	-0.272352
47.710000	-0.266367
47.712000	-0.087962
47.714000	-0.074397
47.716000	-0.260588
47.718000	-0.090154
47.720000	-0.304646
47.722000	-0.173314
47.724000	-0.134203
47.726000	-0.143447
47.728000	-0.092465
47.730000	-0.131300
47.732000	-0.156368
47.734000	-0.074632
47.736000	-0.319823
47.738000	-0.179526
47.740000	-0.092495
47.742000	-0.112078
47.744000	-0.162656
47.746000	-0.218107
47.748000	-0.313891
47.750000	-0.138921
47.752000	-0.231657
47.754000	-0.239315
47.756000	-0.203115
47.758000	-0.137903
47.760000	-0.046874
47.762000	0.004470
47.764000	-0.211892
47.766000	-0.131491
47.768000	-0.201785
47.770000	-0.278872
47.772000	-0.305437
47.774000	-0.139229
47.776000	-0.212051
47.778000	-0.079384
47.780000	-0.205787
47.782000	-0.176550
47.784000	-0.170018
47.786000	0.058619
47.788000	-0.147140
47.790000	-0.178845
47.792000	-0.203356
47.794000	-0.220505
47.796000	-0.265437
47.798000	-0.108107
47.800000	-0.041988
47.802000	-0.143131
47.804000	-0.169133
47.806000	-0.177265
47.808000	-0.239654
47.810000	-0.117777
47.812000	-0.007162
47.814000	-0.264837
47.816000	-0.085966
47.818000	0.011663
47.820000	-0.183479
47.822000	-0.215885
47.824000	-0.119685
47.826000	0.053369
47.828000	-0.244642
47.830000	-0.106217
47.832000	-0.180263
47.834000	-0.101305
47.836000	-0.115765
47.838000	-0.135541
47.840000	-0.145897
47.842000	-0.146594
47.844000	-0.088189
47.846000	-0.114268
47.848000	-0.166000
47.850000	-0.106521
47.852000	-0.082730
47.854000	-0.215097
47.856000	0.044895
47.858000	-0.231177
47.860000	0.150792
47.862000	-0.246676
47.864000	-0.207608
47.866000	-0.095509
47.868000	-0.103521
47.870000	0.067466
47.872000	-0.205377
47.874000	-0.101920
47.876000	-0.282541
47.878000	-0.222572
47.880000	-0.162291
47.882000	-0.052490
47.884000	-0.184190
47.886000	-0.000552
47.888000	-0.038226
47.890000	-0.020908
47.892000	-0.254181
47.894000	-0.064825
47.896000	-0.127514
47.898000	0.042951
47.900000	-0.047736
47.902000	0.016791
47.904000	-0.106782
47.906000	-0.156946
47.908000	0.015958
47.910000	-0.023958
47.912000	0.098792
47.914000	-0.212582
47.916000	-0.155083
47.918000	-0.055965
47.920000	0.016208
47.922000	0.077319
47.924000	-0.102162
47.926000	-0.090019
47.928000	0.025981
47.930000	-0.121754
47.932000	-0.087514
47.934000	0.001857
47.936000	-0.168048
47.938000	-0.015497
47.940000	-0.192439
47.942000	-0.217236
47.944000	-0.173463
47.946000	-0.141782
47.948000	-0.059023
47.950000	-0.152323
47.952000	-0.219734
47.954000	0.046312
47.956000	0.017668
47.958000	0.058932
47.960000	-0.085992
47.962000	0.055069
47.964000	-0.159063
47.966000	0.029562
47.968000	0.105457
47.970000	-0.051981
47.972000	0.083056
47.974000	0.065553
47.976000	-0.112047
47.978000	-0.067776
47.980000	-0.075432
47.982000	-0.119615
47.984000	-0.096811
47.986000	0.003204
47.988000	-0.022556
47.990000	0.024613
47.992000	0.023952
47.994000	0.036719
47.996000	-0.097234
47.998000	0.031112
48.000000	-0.014194
48.002000	-0.039810
48.004000	0.147282
48.006000	-0.117496
48.008000	-0.148966
48.010000	-0.128558
48.012000	-0.209481
48.014000	-0.125349
48.016000	-0.065221
48.018000	0.030737
48.020000	0.002553
48.022000	-0.040036
48.024000	-0.015940
48.026000	-0.052269
48.028000	0.065389
48.030000	-0.019744
48.032000	-0.173970
48.034000	-0.082211
48.036000	-0.056709
48.038000	-0.013324
48.040000	0.043169
48.042000	-0.029548
48.044000	-0.008841
48.046000	-0.123374
48.048000	0.034387
48.050000	-0.049946
48.052000	-0.009850
48.054000	-0.006807
48.056000	0.164682
48.058000	-0.127447
48.060000	-0.041477
48.062000	0.039542
48.064000	-0.119763
48.066000	-0.000053
48.068000	0.013494
48.070000	-0.064772
48.072000	-0.030597
48.074000	0.200286
48.076000	-0.213426
48.078000	0.099649
48.080000	0.030718
48.082000	0.000560
48.084000	-0.141775
48.086000	-0.044650
48.088000	-0.168195
48.090000	-0.015569
48.092000	-0.006594
48.094000	0.031760
48.096000	-0.047415
48.098000	0.064757
48.100000	0.111501
48.102000	0.073033
48.104000	-0.204333
48.106000	-0.053637
48.108000	0.027284
48.110000	0.088766
48.112000	-0.001510
48.114000	-0.006190
48.116000	0.134076
48.118000	-0.067676
48.120000	0.101850
48.122000	0.027853
48.124000	-0.121338
48.126000	0.026158
48.128000	-0.360283
48.130000	-0.227344
48.132000	-0.145710
48.134000	-0.127619
48.136000	-0.563167
48.138000	-0.304630
48.140000	-0.168938
48.142000	-0.120844
48.144000	0.028124
48.146000	0.030104
48.148000	0.306533
48.150000	0.132816
48.152000	0.259311
48.154000	1.009475
48.156000	0.901815
48.158000	0.697295
48.160000	1.918500
48.162000	1.799658
48.164000	1.685765
48.166000	1.943084
48.168000	2.258384
48.170000	1.550823
48.172000	1.215845
48.174000	1.280125
48.176000	0.874197
48.178000	0.686968
48.180000	0.218548
48.182000	-0.341058
48.184000	0.126506
48.186000	-0.123806
48.188000	-0.716053
48.190000	-0.102548
48.192000	-0.897691
48.194000	-0.414876
48.196000	-0.528704
48.198000	-0.295569
48.200000	-0.080108
48.202000	0.114201
48.204000	0.080795
48.206000	0.273400
48.208000	-0.791807
48.210000	-0.097237
48.212000	-0.421382
48.214000	-0.581918
48.216000	0.095606
48.218000	-0.046170
48.220000	0.197849
48.222000	0.061059
48.224000	-0.376299
48.226000	-0.448466
48.228000	-0.015656
48.230000	0.038573
48.232000	0.233110
48.234000	-0.131725
48.236000	0.223759
48.238000	-0.217766
48.240000	-0.273896
48.242000	0.329057
48.244000	0.077320
48.246000	-0.196086
48.248000	0.331534
48.250000	0.042764
48.252000	-0.288614
48.254000	-0.608800
48.256000	-0.466103
48.258000	0.560447
48.260000	0.519718
48.262000	-0.293072
48.264000	0.005760
48.266000	0.347521
48.268000	0.135029
48.270000	-0.542000
48.272000	0.363104
48.274000	0.251653
48.276000	0.243116
48.278000	0.089276
48.280000	-0.014684
48.282000	0.427407
48.284000	0.360368
48.286000	0.253146
48.288000	0.598257
48.290000	0.356698
48.292000	-0.025199
48.294000	0.204608
48.296000	-0.395514
48.298000	0.375157
48.300000	0.089632
48.302000	0.608970
48.304000	0.433459
48.306000	0.351569
48.308000	-0.093470
48.310000	0.183227
48.312000	0.207726
48.314000	-0.419065
48.316000	-0.146047
48.318000	-0.073277
48.320000	0.194000
48.322000	-0.238530
48.324000	-0.107724
48.326000	0.017727
48.328000	-0.101598
48.330000	0.565437
48.332000	-0.030855
48.334000	0.241219
48.336000	0.209072
48.338000	-0.184946
48.340000	0.169585
48.342000	0.090227
48.344000	-0.042885
48.346000	0.068472
48.348000	-0.021167
48.350000	0.146790
48.352000	-0.250196
48.354000	0.217266
48.356000	0.279522
48.358000	0.035425
48.360000	0.430728
48.362000	0.561102
48.364000	0.649069
48.366000	0.135839
48.368000	0.177326
48.370000	0.318044
48.372000	-0.370606
48.374000	0.322029
48.376000	0.483361
48.378000	0.119234
48.380000	0.658213
48.382000	0.167899
48.384000	0.343647
48.386000	0.191717
48.388000	0.975640
48.390000	0.208998
48.392000	0.423148
48.394000	0.312744
48.396000	0.417310
48.398000	0.499860
48.400000	0.418849
48.402000	0.233717
48.404000	0.552574
48.406000	0.243618
48.408000	0.182922
48.410000	-0.273106
48.412000	0.529554
48.414000	0.685368
48.416000	0.557218
48.418000	0.524686
48.420000	-0.314811
48.422000	0.112240
48.424000	0.152870
48.426000	0.579065
48.428000	0.600004
48.430000	0.185685
48.432000	0.329460
48.434000	0.330106
48.436000	0.177064
48.438000	0.508297
48.440000	-0.111542
48.442000	0.526984
48.444000	0.155593
48.446000	-0.329813
48.448000	0.540568
48.450000	0.219674
48.452000	0.691487
48.454000	0.143173
48.456000	0.228820
48.458000	0.366633
48.460000	0.187641
48.462000	-0.035337
48.464000	0.590651
48.466000	0.244962
48.468000	0.016114
48.470000	0.175240
48.472000	-0.026733
48.474000	-0.421718
48.476000	0.250878
48.478000	-0.379188
48.480000	-0.310770
48.482000	0.153451
48.484000	-0.276537
48.486000	-0.390418
48.488000	-0.194574
48.490000	-0.031563
48.492000	0.178922
48.494000	0.111091
48.496000	0.090728
48.498000	0.202976
48.500000	-0.326202
48.502000	-0.127344
48.504000	0.196283
48.506000	-0.036277
48.508000	0.630302
48.510000	0.423284
48.512000	0.322805
48.514000	-0.583819
48.516000	-0.469438
48.518000	-0.522660
48.520000	0.179915
48.522000	0.185478
48.524000	-0.205033
48.526000	0.076842
48.528000	-0.047360
48.530000	-0.187585
48.532000	-0.128445
48.534000	-0.242698
48.536000	-0.474786
48.538000	0.469279
48.540000	-0.481255
48.542000	-0.194340
48.544000	-0.208457
48.546000	-0.134172
48.548000	0.040673
48.550000	-0.364504
48.552000	-0.481549
48.554000	-0.111367
48.556000	-0.104929
48.558000	-0.189882
48.560000	-0.257902
48.562000	0.088063
48.564000	-0.138604
48.566000	0.239405
48.568000	-0.189244
48.570000	0.263397
48.572000	-0.015896
48.574000	-0.154866
48.576000	0.047541
48.578000	0.311700
48.580000	-0.717432
48.582000	-0.271708
48.584000	0.306045
48.586000	-0.271077
48.588000	-0.095467
48.590000	0.074414
48.592000	-0.632724
48.594000	-0.049759
48.596000	0.279172
48.598000	-0.027247
48.600000	0.067812
48.602000	-0.492895
48.604000	0.304931
48.606000	-0.022351
48.608000	0.132548
48.610000	0.088260
48.612000	-0.296175
48.614000	-0.626668
48.616000	0.454002
48.618000	0.186275
48.620000	0.363062
48.622000	-0.120568
48.624000	-0.332112
48.626000	0.295558
48.628000	-0.169730
48.630000	-0.029558
48.632000	-0.029231
48.634000	0.111357
48.636000	0.589351
48.638000	-0.121835
48.640000	0.011162
48.642000	-0.079288
48.644000	-0.096486
48.646000	-0.046452
48.648000	-0.039348
48.650000	-0.123464
48.652000	-0.120028
48.654000	-0.062620
48.656000	0.026555
48.658000	-0.103767
48.660000	-0.062360
48.662000	-0.110433
48.664000	-0.065288
48.666000	-0.119502
48.668000	-0.050163
48.670000	0.059186
48.672000	-0.110590
48.674000	-0.072489
48.676000	-0.014330
48.678000	-0.078609
48.680000	-0.174199
48.682000	-0.050683
48.684000	-0.047798
48.686000	-0.079533
48.688000	-0.090199
48.690000	-0.000654
48.692000	-0.034912
48.694000	-0.033526
48.696000	-0.038705
48.698000	-0.119301
48.700000	-0.040011
48.702000	-0.111256
48.704000	0.004049
48.706000	-0.135629
48.708000	-0.051234
48.710000	-0.079304
48.712000	-0.104525
48.714000	-0.135808
48.716000	-0.088392
48.718000	-0.144229
48.720000	-0.043448
48.722000	-0.105698
48.724000	-0.000733
48.726000	0.012367
48.728000	-0.068973
48.730000	-0.075453
48.732000	-0.138394
48.734000	-0.128992
48.736000	-0.045766
48.738000	-0.021427
48.740000	-0.142954
48.742000	-0.040392
48.744000	-0.170494
48.746000	-0.106741
48.748000	-0.068723
48.750000	-0.059910
48.752000	-0.054630
48.754000	-0.056476
48.756000	-0.100039
48.758000	-0.028342
48.760000	-0.185078
48.762000	-0.079449
48.764000	-0.062488
48.766000	-0.070613
48.768000	-0.098248
48.770000	-0.127950
48.772000	-0.195193
48.774000	-0.088613
48.776000	-0.159010
48.778000	-0.161517
48.780000	-0.136951
48.782000	-0.109957
48.784000	-0.027772
48.786000	0.018442
48.788000	-0.123228
48.790000	-0.092541
48.792000	-0.153308
48.794000	-0.168112
48.796000	-0.199993
48.798000	-0.084598
48.800000	-0.145580
48.802000	-0.058938
48.804000	-0.132849
48.806000	-0.112377
48.808000	-0.139492
48.810000	0.002965
48.812000	-0.107595
48.814000	-0.103823
48.816000	-0.100118
48.818000	-0.124771
48.820000	-0.149963
48.822000	-0.071282
48.824000	-0.034294
48.826000	-0.090490
48.828000	-0.127357
48.830000	-0.123694
48.832000	-0.155997
48.834000	-0.067119
48.836000	-0.008348
48.838000	-0.175637
48.840000	-0.067778
48.842000	0.003002
48.844000	-0.146856
48.846000	-0.154567
48.848000	-0.088445
48.850000	0.001723
48.852000	-0.153106
48.854000	-0.078687
48.856000	-0.136010
48.858000	-0.081906
48.860000	-0.101493
48.862000	-0.133237
48.864000	-0.074977
48.866000	-0.133372
48.868000	-0.071934
48.870000	-0.093832
48.872000	-0.125192
48.874000	-0.072601
48.876000	-0.068074
48.878000	-0.132965
48.880000	0.013700
48.882000	-0.142371
48.884000	0.054906
48.886000	-0.158405
48.888000	-0.131764
48.890000	-0.053205
48.892000	-0.090920
48.894000	0.034127
48.896000	-0.135410
48.898000	-0.081151
48.900000	-0.170704
48.902000	-0.158491
48.904000	-0.143545
48.906000	-0.047284
48.908000	-0.123399
48.910000	-0.004542
48.912000	-0.038054
48.914000	-0.025962
48.916000	-0.171555
48.918000	-0.067356
48.920000	-0.098931
48.922000	-0.000974
48.924000	-0.057111
48.926000	-0.019146
48.928000	-0.076849
48.930000	-0.122290
48.932000	-0.019289
48.934000	-0.053569
48.936000	0.020263
48.938000	-0.132635
48.940000	-0.099061
48.942000	-0.037840
48.944000	-0.015148
48.946000	0.022557
48.948000	-0.052392
48.950000	-0.068568
48.952000	0.003094
48.954000	-0.105373
48.956000	-0.092785
48.958000	-0.016352
48.960000	-0.148186
48.962000	-0.032290
48.964000	-0.127276
48.966000	-0.159566
48.968000	-0.157468
48.970000	-0.128140
48.972000	-0.044644
48.974000	-0.120099
48.976000	-0.152802
48.978000	-0.002535
48.980000	-0.012249
48.982000	0.032035
48.984000	-0.099813
48.986000	0.013817
48.988000	-0.147933
48.990000	-0.017260
48.992000	0.037910
48.994000	-0.081958
48.996000	0.010351
48.998000	0.019705
49.000000	-0.099212
49.002000	-0.050955
49.004000	-0.058310
49.006000	-0.092598
49.008000	-0.051742
49.010000	-0.015232
49.012000	-0.045859
49.014000	-0.020696
49.016000	0.001730
49.018000	0.021321
49.020000	-0.084088
49.022000	-0.021341
49.024000	-0.032114
49.026000	-0.059938
49.028000	0.076097
49.030000	-0.108164
49.032000	-0.109794
49.034000	-0.107797
49.036000	-0.122752
49.038000	-0.109870
49.040000	-0.066456
49.042000	-0.004660
49.044000	-0.003388
49.046000	-0.036304
49.048000	-0.016753
49.050000	-0.026890
49.052000	0.062673
49.054000	-0.023384
49.056000	-0.089796
49.058000	-0.037207
49.060000	-0.020405
49.062000	-0.002757
49.064000	0.027944
49.066000	-0.008236
49.068000	-0.003770
49.070000	-0.032056
49.072000	0.028179
49.074000	-0.035547
49.076000	0.005259
49.078000	0.007266
49.080000	0.119650
49.082000	-0.087082
49.084000	-0.001446
49.086000	0.052286
49.088000	-0.059978
49.090000	-0.026778
49.092000	0.005623
49.094000	-0.007121
49.096000	-0.008106
49.098000	0.129535
49.100000	-0.110252
49.102000	0.047163
49.104000	0.022281
49.106000	-0.016801
49.108000	-0.070606
49.110000	-0.046694
49.112000	-0.115842
49.114000	-0.046752
49.116000	-0.005031
49.118000	0.004351
49.120000	-0.048763
49.122000	0.053922
49.124000	0.032023
49.126000	0.028079
49.128000	-0.130126
49.130000	-0.033124
49.132000	0.042132
49.134000	0.048251
49.136000	0.021207
49.138000	0.023790
49.140000	0.085130
49.142000	-0.022060
49.144000	0.085643
49.146000	0.047234
49.148000	-0.005532
49.150000	0.053810
49.152000	0.292228
49.154000	-0.243212
49.156000	-0.326839
49.158000	-0.227063
49.160000	0.047212
49.162000	0.205141
49.164000	-0.071125
49.166000	0.010969
49.168000	0.449899
49.170000	-0.040798
49.172000	-0.091396
49.174000	0.340904
49.176000	0.288073
49.178000	-0.254379
49.180000	-0.132893
49.182000	-0.567134
49.184000	0.002067
49.186000	0.129059
49.188000	-0.057147
49.190000	-0.236496
49.192000	-0.090900
49.194000	-0.053521
49.196000	-0.123268
49.198000	-0.841555
49.200000	-0.104784
49.202000	-0.249465
49.204000	-0.068214
49.206000	-0.431398
49.208000	-0.021278
49.210000	-0.056235
49.212000	0.217967
49.214000	-0.073307
49.216000	-0.059872
49.218000	-0.165308
49.220000	-0.755209
49.222000	-0.287164
49.224000	-0.132113
49.226000	0.033797
49.228000	-0.100784
49.230000	0.471565
49.232000	0.295024
49.234000	0.338336
49.236000	-0.457205
49.238000	-0.462963
49.240000	0.193845
49.242000	0.030098
49.244000	-0.091073
49.246000	-0.268672
49.248000	0.307042
49.250000	0.235558
49.252000	0.194908
49.254000	0.133203
49.256000	0.179699
49.258000	-0.122319
49.260000	-0.167663
49.262000	0.552795
49.264000	0.454133
49.266000	-0.004712
49.268000	0.266490
49.270000	0.030008
49.272000	0.197280
49.274000	0.000095
49.276000	-0.293081
49.278000	-0.310912
49.280000	0.279209
49.282000	-0.157652
49.284000	0.486083
49.286000	-0.019673
49.288000	-0.063680
49.290000	-0.112056
49.292000	0.672165
49.294000	0.371080
49.296000	0.086045
49.298000	-0.103406
49.300000	0.405417
49.302000	-0.133327
49.304000	0.008616
49.306000	0.262792
49.308000	0.117792
49.310000	0.468228
49.312000	0.444022
49.314000	-0.141427
49.316000	0.293514
49.318000	0.295938
49.320000	0.036341
49.322000	0.154499
49.324000	0.336681
49.326000	-0.209152
49.328000	0.257478
49.330000	0.183683
49.332000	0.695894
49.334000	-0.096025
49.336000	0.345156
49.338000	0.169757
49.340000	0.390479
49.342000	0.533949
49.344000	0.011056
49.346000	-0.161351
49.348000	0.136958
49.350000	0.256285
49.352000	0.195599
49.354000	0.065158
49.356000	0.601799
49.358000	0.420232
49.360000	0.692716
49.362000	0.929810
49.364000	0.996158
49.366000	1.008088
49.368000	1.224343
49.370000	1.665861
49.372000	1.282341
49.374000	1.727212
49.376000	2.039739
49.378000	1.756625
49.380000	1.267971
49.382000	1.124022
49.384000	1.132606
49.386000	0.689996
49.388000	0.030026
49.390000	0.075201
49.392000	-0.558494
49.394000	-0.925291
49.396000	-0.678564
49.398000	0.011467
49.400000	-0.332112
49.402000	-0.197836
49.404000	-0.320955
49.406000	-0.743540
49.408000	-0.454653
49.410000	-0.186415
49.412000	-0.351127
49.414000	-0.244604
49.416000	0.495081
49.418000	0.037562
49.420000	0.340714
49.422000	-0.291639
49.424000	0.191836
49.426000	-0.501046
49.428000	0.366049
49.430000	0.474749
49.432000	-0.281415
49.434000	-0.086801
49.436000	-0.273584
49.438000	0.276321
49.440000	-0.614058
49.442000	0.141411
49.444000	0.004861
49.446000	-0.067619
49.448000	-0.413831
49.450000	-0.328408
49.452000	0.501288
49.454000	0.323673
49.456000	0.159429
49.458000	-0.018890
49.460000	0.260522
49.462000	-0.263149
49.464000	-0.208856
49.466000	0.845333
49.468000	-0.039298
49.470000	0.251521
49.472000	0.212770
49.474000	0.116225
49.476000	0.260798
49.478000	0.281337
49.480000	0.414225
49.482000	0.618370
49.484000	-0.175662
49.486000	0.232602
49.488000	-0.015686
49.490000	-0.184220
49.492000	-0.148484
49.494000	-0.070940
49.496000	0.159106
49.498000	-0.128288
49.500000	-0.076633
49.502000	-0.001751
49.504000	-0.223857
49.506000	-0.173468
49.508000	0.083056
49.510000	-0.327621
49.512000	0.552151
49.514000	0.285458
49.516000	-0.637329
49.518000	0.197239
49.520000	-0.141705
49.522000	0.141546
49.524000	0.206360
49.526000	0.025369
49.528000	0.475056
49.530000	0.343400
49.532000	0.163313
49.534000	0.013249
49.536000	-0.073368
49.538000	0.715285
49.540000	-0.281048
49.542000	0.344785
49.544000	-0.104446
49.546000	0.637174
49.548000	0.323937
49.550000	0.648091
49.552000	-0.136087
49.554000	0.216322
49.556000	0.737973
49.558000	0.113949
49.560000	-0.173690
49.562000	0.342780
49.564000	0.249925
49.566000	-0.474880
49.568000	0.198972
49.570000	0.291288
49.572000	-0.079460
49.574000	-0.054625
49.576000	0.769572
49.578000	-0.249706
49.580000	0.258002
49.582000	0.222990
49.584000	-0.212489
49.586000	-0.075249
49.588000	0.433272
49.590000	0.090099
49.592000	0.240717
49.594000	0.495189
49.596000	0.319043
49.598000	-0.102230
49.600000	0.314458
49.602000	0.315906
49.604000	0.193805
49.606000	0.174379
49.608000	0.935294
49.610000	-0.189922
49.612000	0.169202
49.614000	0.043423
49.616000	0.513300
49.618000	0.190809
49.620000	0.484971
49.622000	-0.043137
49.624000	0.073570
49.626000	0.490943
49.628000	0.338751
49.630000	0.310779
49.632000	-0.058361
49.634000	0.055366
49.636000	-0.289948
49.638000	-0.074139
49.640000	0.168535
49.642000	0.000273
49.644000	0.177801
49.646000	0.214265
49.648000	-0.100898
49.650000	0.404461
49.652000	0.314185
49.654000	-0.242596
49.656000	-0.560936
49.658000	-0.116351
49.660000	-0.075711
49.662000	-0.201856
49.664000	0.231039
49.666000	0.218418
49.668000	0.225765
49.670000	0.111872
49.672000	0.389720
49.674000	0.197241
49.676000	0.171798
49.678000	0.377470
49.680000	0.240770
49.682000	0.256317
49.684000	0.189890
49.686000	0.208789
49.688000	0.078996
49.690000	0.104407
49.692000	0.232246
49.694000	0.224781
49.696000	0.127727
49.698000	0.127262
49.700000	0.307223
49.702000	0.092170
49.704000	-0.092410
49.706000	-0.003417
49.708000	-0.065906
49.710000	0.040641
49.712000	0.016015
49.714000	0.184302
49.716000	0.017476
49.718000	-0.241707
49.720000	0.093157
49.722000	-0.049905
49.724000	-0.080298
49.726000	-0.079199
49.728000	0.058509
49.730000	-0.141038
49.732000	-0.038403
49.734000	-0.103523
49.736000	-0.083843
49.738000	-0.137077
49.740000	-0.135187
49.742000	-0.351690
49.744000	-0.194071
49.746000	-0.173164
49.748000	0.005395
49.750000	-0.224706
49.752000	-0.018119
49.754000	-0.069949
49.756000	-0.096899
49.758000	-0.140533
49.760000	-0.053719
49.762000	-0.067176
49.764000	-0.270644
49.766000	-0.017974
49.768000	-0.161793
49.770000	-0.277850
49.772000	-0.145893
49.774000	-0.196152
49.776000	-0.246666
49.778000	-0.056322
49.780000	-0.315263
49.782000	-0.147540
49.784000	-0.269797
49.786000	-0.074176
49.788000	-0.295432
49.790000	-0.218132
49.792000	-0.379206
49.794000	-0.032539
49.796000	-0.212129
49.798000	-0.270692
49.800000	-0.231936
49.802000	-0.215632
49.804000	-0.215127
49.806000	-0.328251
49.808000	-0.088381
49.810000	0.102192
49.812000	-0.161935
49.814000	-0.118039
49.816000	-0.387624
49.818000	-0.167735
49.820000	-0.236156
49.822000	-0.018127
49.824000	-0.182689
49.826000	-0.083007
49.828000	-0.174425
49.830000	-0.134073
49.832000	-0.458049
49.834000	-0.056743
49.836000	-0.368016
49.838000	-0.073500
49.840000	-0.114291
49.842000	-0.124050
49.844000	-0.134972
49.846000	-0.041487
49.848000	-0.121174
49.850000	-0.193040
49.852000	-0.381807
49.854000	-0.296167
49.856000	-0.271690
49.858000	-0.072535
49.860000	-0.060510
49.862000	-0.217950
49.864000	-0.104641
49.866000	-0.013325
49.868000	-0.345415
49.870000	-0.320661
49.872000	-0.230068
49.874000	-0.091706
49.876000	-0.133526
49.878000	-0.136182
49.880000	-0.275660
49.882000	-0.095564
49.884000	-0.166940
49.886000	-0.381763
49.888000	-0.103869
49.890000	-0.313884
49.892000	-0.191706
49.894000	-0.206920
49.896000	-0.221131
49.898000	-0.140489
49.900000	-0.091096
49.902000	-0.207119
49.904000	-0.029931
49.906000	-0.319514
49.908000	-0.067104
49.910000	-0.307974
49.912000	-0.026210
49.914000	-0.124616
49.916000	-0.205396
49.918000	0.129751
49.920000	-0.241247
49.922000	-0.139237
49.924000	-0.191503
49.926000	-0.223224
49.928000	-0.205102
49.930000	-0.199591
49.932000	-0.160525
49.934000	-0.042734
49.936000	-0.020924
49.938000	-0.095502
49.940000	-0.213079
49.942000	-0.161804
49.944000	-0.100628
49.946000	0.023558
49.948000	-0.061727
49.950000	-0.136309
49.952000	-0.135980
49.954000	-0.158874
49.956000	-0.064452
49.958000	-0.133997
49.960000	-0.055606
49.962000	-0.070264
49.964000	-0.132420
49.966000	-0.043764
49.968000	0.018390
49.970000	0.062555
49.972000	-0.018806
49.974000	0.009220
49.976000	-0.053012
49.978000	-0.191101
49.980000	-0.223816
49.982000	0.016505
49.984000	-0.278755
49.986000	-0.033579
49.988000	-0.048135
49.990000	-0.243550
49.992000	-0.308230
49.994000	-0.161677
49.996000	-0.098211
49.998000	-0.183904
50.000000	-0.210207
50.002000	-0.098077
50.004000	-0.018076
50.006000	0.107838
50.008000	-0.201153
50.010000	-0.001952
50.012000	-0.411201
50.014000	-0.082852
50.016000	-0.075683
50.018000	-0.190892
50.020000	-0.058454
50.022000	0.019306
50.024000	-0.024290
50.026000	-0.120084
50.028000	0.028345
50.030000	-0.094269
50.032000	-0.001539
50.034000	-0.092465
50.036000	-0.185922
50.038000	-0.142835
50.040000	-0.050945
50.042000	0.020111
50.044000	-0.080967
50.046000	-0.140802
50.048000	0.034701
50.050000	-0.158804
50.052000	0.079735
50.054000	-0.152809
50.056000	-0.096098
50.058000	-0.196966
50.060000	-0.249342
50.062000	-0.196826
50.064000	-0.223984
50.066000	0.020147
50.068000	0.022611
50.070000	-0.121004
50.072000	-0.101890
50.074000	-0.051431
50.076000	0.143964
50.078000	0.045338
50.080000	-0.127825
50.082000	-0.078463
50.084000	-0.047176
50.086000	-0.039219
50.088000	-0.152272
50.090000	-0.034711
50.092000	-0.047262
50.094000	0.101291
50.096000	-0.039403
50.098000	-0.174352
50.100000	-0.040349
50.102000	0.028830
50.104000	0.119289
50.106000	-0.176028
50.108000	-0.017763
50.110000	0.031618
50.112000	-0.089574
50.114000	-0.022245
50.116000	-0.075735
50.118000	0.087475
50.120000	-0.013804
50.122000	0.041001
50.124000	-0.029170
50.126000	0.062998
50.128000	-0.065990
50.130000	-0.111360
50.132000	-0.145511
50.134000	-0.144574
50.136000	-0.223374
50.138000	-0.223105
50.140000	0.049320
50.142000	-0.109924
50.144000	-0.131263
50.146000	0.134293
50.148000	-0.013975
50.150000	-0.033691
50.152000	-0.291766
50.154000	-0.095245
50.156000	0.191901
50.158000	0.012894
50.160000	0.059583
50.162000	0.132634
50.164000	0.020626
50.166000	0.012793
50.168000	0.105530
50.170000	0.047619
50.172000	0.046053
50.174000	0.030085
50.176000	0.163085
50.178000	0.035178
50.180000	-0.053849
50.182000	0.167485
50.184000	-0.400911
50.186000	-0.537857
50.188000	-0.526556
50.190000	0.229344
50.192000	-0.166211
50.194000	-0.053276
50.196000	-0.526098
50.198000	-0.758331
50.200000	-0.218724
50.202000	0.048435
50.204000	0.017393
50.206000	0.422602
50.208000	-0.087308
50.210000	-0.471282
50.212000	-0.713228
50.214000	0.046215
50.216000	-0.431073
50.218000	-0.116457
50.220000	-0.072894
50.222000	-0.183610
50.224000	-0.124440
50.226000	0.101372
50.228000	-0.213681
50.230000	0.195577
50.232000	-0.052481
50.234000	0.033514
50.236000	-0.225319
50.238000	-0.278669
50.240000	0.400665
50.242000	-0.323212
50.244000	-0.025442
50.246000	0.020055
50.248000	-0.082156
50.250000	-0.375136
50.252000	-0.528654
50.254000	0.033430
50.256000	-0.105545
50.258000	-0.385533
50.260000	0.051390
50.262000	-0.178105
50.264000	-0.217996
50.266000	-0.332466
50.268000	-0.489484
50.270000	-0.247139
50.272000	-0.226902
50.274000	-0.038916
50.276000	-0.059084
50.278000	-0.389862
50.280000	-0.592328
50.282000	-0.183971
50.284000	-0.195928
50.286000	0.318529
50.288000	0.136357
50.290000	-0.775657
50.292000	0.111797
50.294000	-0.157337
50.296000	-0.425818
50.298000	-0.063829
50.300000	-0.258271
50.302000	-0.683667
50.304000	-0.370866
50.306000	-0.209414
50.308000	-0.382691
50.310000	-0.336261
50.312000	-0.537656
50.314000	-0.141328
50.316000	0.183072
50.318000	-0.685753
50.320000	0.462616
50.322000	-0.325708
50.324000	-0.045760
50.326000	0.033205
50.328000	-0.595195
50.330000	-0.247560
50.332000	-0.399560
50.334000	0.143119
50.336000	0.212408
50.338000	-0.283474
50.340000	-0.110795
50.342000	0.075114
50.344000	-0.215250
50.346000	-0.287718
50.348000	0.072097
50.350000	-0.530856
50.352000	-0.035051
50.354000	-0.557299
50.356000	-0.339061
50.358000	-0.175443
50.360000	-0.003715
50.362000	0.151527
50.364000	-0.026101
50.366000	0.054503
50.368000	-0.321205
50.370000	-0.484925
50.372000	0.492200
50.374000	-0.345188
50.376000	-0.191322
50.378000	0.399622
50.380000	0.239099
50.382000	0.030707
50.384000	-0.162381
50.386000	0.031572
50.388000	-0.472742
50.390000	0.025646
50.392000	0.123292
50.394000	-0.201846
50.396000	0.223726
50.398000	0.223811
50.400000	-0.049702
50.402000	-0.263373
50.404000	-0.388177
50.406000	-0.297879
50.408000	-0.456934
50.410000	-0.171995
50.412000	-0.242917
50.414000	-0.379455
50.416000	0.040817
50.418000	0.181704
50.420000	0.063733
50.422000	0.206711
50.424000	0.156989
50.426000	0.235920
50.428000	0.057719
50.430000	-0.239243
50.432000	0.099719
50.434000	0.006673
50.436000	-0.297132
50.438000	-0.156258
50.440000	0.503166
50.442000	-0.307961
50.444000	0.154098
50.446000	-0.100009
50.448000	-0.411590
50.450000	-0.035608
50.452000	-0.290179
50.454000	0.269328
50.456000	0.503041
50.458000	0.696233
50.460000	-0.417475
50.462000	-0.291733
50.464000	-0.204295
50.466000	0.085636
50.468000	-0.478528
50.470000	0.031049
50.472000	-0.169839
50.474000	-0.137545
50.476000	0.167896
50.478000	-0.227355
50.480000	0.200492
50.482000	-0.199621
50.484000	0.473411
50.486000	-0.221728
50.488000	0.436896
50.490000	0.117932
50.492000	-0.446167
50.494000	-0.180207
50.496000	-0.328314
50.498000	-0.358671
50.500000	-0.105667
50.502000	-0.105903
50.504000	-0.186850
50.506000	-0.028569
50.508000	0.360660
50.510000	0.349141
50.512000	0.257139
50.514000	0.199730
50.516000	0.100754
50.518000	0.057368
50.520000	-0.034971
50.522000	-0.218069
50.524000	-0.076261
50.526000	0.153716
50.528000	0.370399
50.530000	0.205564
50.532000	-0.224842
50.534000	-0.049578
50.536000	-0.015226
50.538000	-0.142995
50.540000	-0.047438
50.542000	-0.322298
50.544000	0.441657
50.546000	-0.199292
50.548000	0.207701
50.550000	0.250667
50.552000	0.257244
50.554000	-0.482301
50.556000	-0.231172
50.558000	-0.210498
50.560000	-0.017269
50.562000	0.306188
50.564000	-0.022389
50.566000	0.105908
50.568000	0.219154
50.570000	0.028280
50.572000	-0.074215
50.574000	0.286905
50.576000	0.102455
50.578000	0.402870
50.580000	0.096516
50.582000	0.211854
50.584000	0.824042
50.586000	-0.051988
50.588000	0.934397
50.590000	0.896418
50.592000	1.001970
50.594000	0.942139
50.596000	0.699252
50.598000	1.226885
50.600000	1.412718
50.602000	1.367844
50.604000	1.153760
50.606000	0.785966
50.608000	1.064354
50.610000	1.030654
50.612000	0.218156
50.614000	0.187466
50.616000	0.072262
50.618000	-0.980195
50.620000	-0.838277
50.622000	-0.690505
50.624000	-1.134846
50.626000	-1.063291
50.628000	-1.111124
50.630000	-1.080021
50.632000	-1.006838
50.634000	-0.196427
50.636000	-1.137055
50.638000	-0.546573
50.640000	-0.432975
50.642000	-0.351634
50.644000	-0.276564
50.646000	-0.222508
50.648000	-0.432303
50.650000	-0.054883
50.652000	-0.186908
50.654000	-0.520636
50.656000	0.264125
50.658000	-0.149247
50.660000	0.152241
50.662000	0.078029
50.664000	-0.176713
50.666000	0.322763
50.668000	0.230556
50.670000	-0.392924
50.672000	0.225438
50.674000	-0.505219
50.676000	-0.044064
50.678000	-0.159872
50.680000	-0.271909
50.682000	0.136457
50.684000	0.020154
50.686000	0.192776
50.688000	-0.109646
50.690000	-0.163626
50.692000	-0.143680
50.694000	-0.177341
50.696000	-0.136205
50.698000	0.019124
50.700000	0.053161
50.702000	-0.180372
50.704000	0.008795
50.706000	0.019602
50.708000	0.063570
50.710000	0.081886
50.712000	-0.019852
50.714000	0.000176
50.716000	-0.073212
50.718000	-0.017585
50.720000	-0.273599
50.722000	-0.051389
50.724000	-0.051950
50.726000	-0.209736
50.728000	0.041172
50.730000	-0.075023
50.732000	-0.032923
50.734000	-0.059536
50.736000	0.022778
50.738000	-0.020020
50.740000	0.108473
50.742000	-0.167851
50.744000	-0.077402
50.746000	-0.050611
50.748000	0.055631
50.750000	-0.094375
50.752000	-0.074278
50.754000	-0.133567
50.756000	-0.118004
50.758000	0.025132
50.760000	-0.003788
50.762000	0.044885
50.764000	0.216515
50.766000	0.036624
50.768000	0.236913
50.770000	0.086488
50.772000	0.025511
50.774000	0.065138
50.776000	-0.009902
50.778000	0.079874
50.780000	-0.040941
50.782000	0.021514
50.784000	0.003103
50.786000	0.047954
50.788000	0.183856
50.790000	0.175091
50.792000	0.101540
50.794000	0.066668
50.796000	-0.151146
50.798000	0.252181
50.800000	0.184347
50.802000	0.217380
50.804000	0.181275
50.806000	0.111928
50.808000	0.163461
50.810000	0.111272
50.812000	0.131429
50.814000	0.129052
50.816000	0.100090
50.818000	0.019307
50.820000	0.053141
50.822000	0.103771
50.824000	0.087815
50.826000	0.187781
50.828000	0.018487
50.830000	0.200050
50.832000	0.187735
50.834000	0.161857
50.836000	0.332490
50.838000	0.015487
50.840000	0.332042
50.842000	0.355735
50.844000	0.315946
50.846000	0.110640
50.848000	0.321445
50.850000	0.051628
50.852000	0.250948
50.854000	0.280088
50.856000	0.307727
50.858000	0.032446
50.860000	0.288435
50.862000	0.298211
50.864000	0.215914
50.866000	0.379070
50.868000	0.463885
50.870000	0.097681
50.872000	0.326705
50.874000	0.346625
50.876000	0.327689
50.878000	0.418587
50.880000	0.217532
50.882000	0.322544
50.884000	0.361508
50.886000	0.369930
50.888000	0.355063
50.890000	0.203865
50.892000	0.375600
50.894000	0.283590
50.896000	0.132533
50.898000	0.177588
50.900000	0.258311
50.902000	0.230871
50.904000	0.090829
50.906000	0.154074
50.908000	0.059378
50.910000	0.081287
50.912000	0.248627
50.914000	0.208783
50.916000	0.238779
50.918000	0.150069
50.920000	0.050219
50.922000	0.108605
50.924000	-0.061997
50.926000	0.112812
50.928000	-0.134580
50.930000	0.052220
50.932000	-0.148696
50.934000	0.155742
50.936000	-0.045523
50.938000	-0.030795
50.940000	-0.056430
50.942000	-0.225653
50.944000	-0.093760
50.946000	-0.113796
50.948000	0.007678
50.950000	-0.092455
50.952000	-0.250995
50.954000	-0.114836
50.956000	-0.165857
50.958000	-0.240557
50.960000	-0.022368
50.962000	-0.077170
50.964000	-0.074274
50.966000	-0.101956
50.968000	-0.061610
50.970000	-0.178761
50.972000	-0.210619
50.974000	-0.044255
50.976000	-0.064930
50.978000	-0.210941
50.980000	-0.155966
50.982000	-0.322301
50.984000	-0.147679
50.986000	0.008193
50.988000	-0.116448
50.990000	-0.073970
50.992000	-0.230310
50.994000	-0.269577
50.996000	-0.036072
50.998000	-0.069822
51.000000	-0.079346
51.002000	0.006383
51.004000	-0.142206
51.006000	-0.091782
51.008000	-0.118060
51.010000	-0.217765
51.012000	-0.082941
51.014000	-0.194214
51.016000	-0.078401
51.018000	-0.204754
51.020000	-0.084366
51.022000	-0.008388
51.024000	-0.001467
51.026000	-0.168108
51.028000	-0.073561
51.030000	-0.106827
51.032000	-0.040005
51.034000	-0.037924
51.036000	-0.004907
51.038000	-0.001237
51.040000	0.038331
51.042000	-0.134402
51.044000	-0.224252
51.046000	-0.117448
51.048000	-0.035851
51.050000	0.017638
51.052000	-0.055527
51.054000	-0.001275
51.056000	0.145381
51.058000	-0.026518
51.060000	-0.043593
51.062000	-0.111584
51.064000	-0.242645
51.066000	0.045839
51.068000	-0.092870
51.070000	0.058235
51.072000	-0.051902
51.074000	0.104674
51.076000	-0.023454
51.078000	-0.039462
51.080000	-0.045261
51.082000	0.113853
51.084000	0.088626
51.086000	0.081698
51.088000	-0.028032
51.090000	-0.015402
51.092000	0.072646
51.094000	0.087069
51.096000	0.132602
51.098000	0.138271
51.100000	-0.022635
51.102000	-0.311834
51.104000	0.132485
51.106000	0.134196
51.108000	-0.014664
51.110000	0.103436
51.112000	0.002785
51.114000	-0.170172
51.116000	-0.063749
51.118000	0.004496
51.120000	-0.146930
51.122000	-0.104216
51.124000	0.064497
51.126000	-0.012512
51.128000	-0.026495
51.130000	0.078359
51.132000	0.168066
51.134000	0.023491
51.136000	0.072264
51.138000	0.005665
51.140000	-0.024057
51.142000	0.227754
51.144000	-0.095895
51.146000	-0.125172
51.148000	-0.027893
51.150000	-0.144887
51.152000	0.143250
51.154000	-0.103168
51.156000	0.263120
51.158000	-0.055712
51.160000	-0.073731
51.162000	-0.024300
51.164000	0.123103
51.166000	0.205854
51.168000	-0.142485
51.170000	-0.044468
51.172000	-0.142446
51.174000	-0.086535
51.176000	-0.065835
51.178000	-0.026871
51.180000	-0.111268
51.182000	-0.081612
51.184000	0.025917
51.186000	0.121007
51.188000	-0.049639
51.190000	0.017344
51.192000	-0.044040
51.194000	0.039136
51.196000	0.153965
51.198000	0.017641
51.200000	0.017365
51.202000	-0.123724
51.204000	-0.123600
51.206000	-0.041313
51.208000	-0.062999
51.210000	-0.167276
51.212000	-0.153512
51.214000	-0.107361
51.216000	0.009847
51.218000	-0.136681
51.220000	-0.113409
51.222000	-0.139824
51.224000	-0.105745
51.226000	-0.164608
51.228000	-0.075399
51.230000	0.030147
51.232000	-0.111179
51.234000	-0.112384
51.236000	-0.070700
51.238000	-0.087560
51.240000	-0.211796
51.242000	-0.057098
51.244000	-0.068643
51.246000	-0.116304
51.248000	-0.137688
51.250000	-0.060550
51.252000	-0.074718
51.254000	-0.032191
51.256000	-0.094986
51.258000	-0.168536
51.260000	-0.061000
51.262000	-0.144678
51.264000	-0.034867
51.266000	-0.158323
51.268000	-0.084349
51.270000	-0.098716
51.272000	-0.130845
51.274000	-0.164204
51.276000	-0.143140
51.278000	-0.136597
51.280000	-0.053661
51.282000	-0.132666
51.284000	-0.016973
51.286000	0.026613
51.288000	-0.099198
51.290000	-0.089389
51.292000	-0.180769
51.294000	-0.174869
51.296000	-0.056718
51.298000	-0.038553
51.300000	-0.165771
51.302000	-0.065460
51.304000	-0.195101
51.306000	-0.118061
51.308000	-0.080036
51.310000	-0.081381
51.312000	-0.052422
51.314000	-0.093474
51.316000	-0.092035
51.318000	-0.047414
51.320000	-0.194004
51.322000	-0.103582
51.324000	-0.051366
51.326000	-0.079393
51.328000	-0.091590
51.330000	-0.148053
51.332000	-0.189318
51.334000	-0.085841
51.336000	-0.154623
51.338000	-0.155834
51.340000	-0.116328
51.342000	-0.093304
51.344000	-0.030086
51.346000	-0.010134
51.348000	-0.131347
51.350000	-0.075503
51.352000	-0.122854
51.354000	-0.171241
51.356000	-0.194981
51.358000	-0.097940
51.360000	-0.129938
51.362000	-0.043617
51.364000	-0.129797
51.366000	-0.115020
51.368000	-0.104273
51.370000	0.037915
51.372000	-0.081955
51.374000	-0.121559
51.376000	-0.115124
51.378000	-0.128553
51.380000	-0.162679
51.382000	-0.065515
51.384000	-0.017730
51.386000	-0.075736
51.388000	-0.091848
51.390000	-0.105342
51.392000	-0.157361
51.394000	-0.078950
51.396000	0.010402
51.398000	-0.172877
51.400000	-0.056770
51.402000	0.013555
51.404000	-0.114582
51.406000	-0.123605
51.408000	-0.077064
51.410000	0.045138
51.412000	-0.155772
51.414000	-0.048670
51.416000	-0.111457
51.418000	-0.055281
51.420000	-0.076298
51.422000	-0.072877
51.424000	-0.079527
51.426000	-0.095313
51.428000	-0.036552
51.430000	-0.075846
51.432000	-0.105126
51.434000	-0.066780
51.436000	-0.054422
51.438000	-0.142038
51.440000	0.020310
51.442000	-0.140499
51.444000	0.105269
51.446000	-0.153469
51.448000	-0.128486
51.450000	-0.048441
51.452000	-0.064057
51.454000	0.027255
51.456000	-0.119653
51.458000	-0.058349
51.460000	-0.184763
51.462000	-0.152664
51.464000	-0.089651
51.466000	-0.030174
51.468000	-0.114827
51.470000	-0.008622
51.472000	-0.033656
51.474000	-0.008860
51.476000	-0.173049
51.478000	-0.032653
51.480000	-0.089078
51.482000	0.031404
51.484000	-0.050963
51.486000	0.012224
51.488000	-0.086855
51.490000	-0.096799
51.492000	0.003903
51.494000	-0.016922
51.496000	0.052128
51.498000	-0.148940
51.500000	-0.081777
51.502000	-0.035964
51.504000	0.009374
51.506000	0.035579
51.508000	-0.055232
51.510000	-0.076684
51.512000	0.026012
51.514000	-0.067272
51.516000	-0.056415
51.518000	0.003235
51.520000	-0.128366
51.522000	-0.010319
51.524000	-0.121871
51.526000	-0.135184
51.528000	-0.115701
51.530000	-0.095034
51.532000	-0.028752
51.534000	-0.098483
51.536000	-0.131303
51.538000	0.022853
51.540000	-0.003128
51.542000	0.017994
51.544000	-0.060796
51.546000	0.039916
51.548000	-0.098783
51.550000	0.008774
51.552000	0.059516
51.554000	-0.038748
51.556000	0.047476
51.558000	0.044921
51.560000	-0.075262
51.562000	-0.051482
51.564000	-0.071054
51.566000	-0.076890
51.568000	-0.061673
51.570000	-0.001033
51.572000	-0.016036
51.574000	0.011845
51.576000	0.020721
51.578000	0.008817
51.580000	-0.067471
51.582000	-0.000149
51.584000	-0.020920
51.586000	-0.034223
51.588000	0.081329
51.590000	-0.089035
51.592000	-0.105320
51.594000	-0.078016
51.596000	-0.111950
51.598000	-0.083090
51.600000	-0.036598
51.602000	0.016063
51.604000	0.010057
51.606000	-0.025091
51.608000	0.003733
51.610000	-0.028178
51.612000	0.070441
51.614000	0.008193
51.616000	-0.080294
51.618000	-0.019182
51.620000	-0.003435
51.622000	0.021867
51.624000	0.059301
51.626000	0.007334
51.628000	0.015862
51.630000	-0.060317
51.632000	0.043074
51.634000	-0.000705
51.636000	0.018037
51.638000	0.011968
51.640000	0.113901
51.642000	-0.082046
51.644000	-0.019969
51.646000	0.046369
51.648000	-0.049748
51.650000	-0.000388
51.652000	0.010951
51.654000	-0.027838
51.656000	-0.010365
51.658000	0.146944
51.660000	-0.128790
51.662000	0.072633
51.664000	0.022130
51.666000	-0.003327
51.668000	-0.080098
51.670000	-0.027737
51.672000	-0.096572
51.674000	0.005825
51.676000	0.001645
51.678000	0.034354
51.680000	0.000722
51.682000	0.052760
51.684000	0.077993
51.686000	0.055138
51.688000	-0.108213
51.690000	-0.013939
51.692000	0.033199
51.694000	0.070743
51.696000	0.009492
51.698000	0.000813
51.700000	0.098155
51.702000	-0.026370
51.704000	0.074946
51.706000	0.053177
51.708000	-0.049875
51.710000	0.053748
51.712000	0.201989
51.714000	-0.287350
51.716000	-0.024249
51.718000	0.098933
51.720000	0.083014
51.722000	-0.002763
51.724000	0.688313
51.726000	0.099720
51.728000	0.150417
51.730000	0.433972
51.732000	0.165431
51.734000	-0.012080
51.736000	-0.020743
51.738000	0.272005
51.740000	-0.107028
51.742000	0.127815
51.744000	0.015870
51.746000	0.577523
51.748000	-0.811267
51.750000	0.424729
51.752000	0.995274
51.754000	0.326342
51.756000	-0.026259
51.758000	1.144316
51.760000	0.235583
51.762000	-0.216403
51.764000	-0.076332
51.766000	0.632260
51.768000	-0.425296
51.770000	0.315900
51.772000	0.300560
51.774000	0.051037
51.776000	-0.141884
51.778000	0.356115
51.780000	-0.051994
51.782000	-0.110692
51.784000	-0.041657
51.786000	0.129883
51.788000	0.017310
51.790000	0.159565
51.792000	0.259136
51.794000	-0.521265
51.796000	-0.001701
51.798000	0.023285
51.800000	0.483234
51.802000	0.094875
51.804000	0.581672
51.806000	-0.226445
51.808000	0.027591
51.810000	0.006989
51.812000	-0.026752
51.814000	0.047930
51.816000	0.230349
51.818000	0.459884
51.820000	-0.156279
51.822000	0.153380
51.824000	-0.224012
51.826000	0.470075
51.828000	-0.012462
51.830000	-0.221318
51.832000	0.007400
51.834000	0.524883
51.836000	0.434547
51.838000	0.305121
51.840000	0.383494
51.842000	0.101956
51.844000	0.455663
51.846000	0.138903
51.848000	0.272285
51.850000	0.204598
51.852000	-0.272631
51.854000	-0.319880
51.856000	-0.054996
51.858000	-0.514070
51.860000	0.366113
51.862000	0.345868
51.864000	-0.127121
51.866000	0.204650
51.868000	0.475781
51.870000	0.494996
51.872000	0.619484
51.874000	0.867195
51.876000	1.221448
51.878000	1.241153
51.880000	1.892565
51.882000	1.571464
51.884000	1.853774
51.886000	1.609008
51.888000	1.773046
51.890000	1.829235
51.892000	1.537624
51.894000	1.206510
51.896000	0.998462
51.898000	0.750745
51.900000	0.223154
51.902000	-0.138028
51.904000	-0.398642
51.906000	-0.326890
51.908000	-0.550299
51.910000	-0.077906
51.912000	-0.157464
51.914000	-1.109389
51.916000	-0.683498
51.918000	0.591072
51.920000	-0.299529
51.922000	0.089148
51.924000	-0.375636
51.926000	-0.049846
51.928000	0.380163
51.930000	0.007677
51.932000	0.284020
51.934000	0.285498
51.936000	-0.193043
51.938000	0.046796
51.940000	0.012718
51.942000	0.144107
51.944000	-0.336782
51.946000	0.161780
51.948000	-0.447438
51.950000	0.450123
51.952000	-0.114114
51.954000	0.448926
51.956000	-0.444216
51.958000	0.738286
51.960000	0.410033
51.962000	-0.004789
51.964000	-0.377400
51.966000	-0.588732
51.968000	0.089294
51.970000	0.192297
51.972000	0.137307
51.974000	0.285558
51.976000	0.555249
51.978000	0.101301
51.980000	0.019430
51.982000	-0.511410
51.984000	0.084821
51.986000	-0.035916
51.988000	0.084669
51.990000	0.544806
51.992000	0.511083
51.994000	0.035164
51.996000	-0.162784
51.998000	0.562173
52.000000	0.181860
52.002000	-0.108518
52.004000	-0.165022
52.006000	-0.202196
52.008000	-0.343719
52.010000	0.447323
52.012000	-0.002451
52.014000	-0.352372
52.016000	0.071371
52.018000	-0.126646
52.020000	0.228917
52.022000	0.280224
52.024000	0.477907
52.026000	0.173374
52.028000	0.347280
52.030000	0.189811
52.032000	0.574653
52.034000	0.548963
52.036000	0.355528
52.038000	0.489744
52.040000	0.682431
52.042000	0.232106
52.044000	0.434971
52.046000	0.390713
52.048000	0.188243
52.050000	0.042895
52.052000	-0.003223
52.054000	-0.575402
52.056000	0.125353
52.058000	-0.079522
52.060000	0.536548
52.062000	-0.076184
52.064000	0.040728
52.066000	-0.095471
52.068000	-0.298180
52.070000	-0.038363
52.072000	0.489768
52.074000	-0.114892
52.076000	0.081546
52.078000	0.209980
52.080000	0.364596
52.082000	0.455178
52.084000	0.577008
52.086000	0.432698
52.088000	-0.120515
52.090000	-0.039281
52.092000	0.517278
52.094000	0.130089
52.096000	0.545435
52.098000	-0.150371
52.100000	-0.281548
52.102000	0.805056
52.104000	0.122264
52.106000	0.193040
52.108000	0.716956
52.110000	0.275414
52.112000	0.336695
52.114000	0.160142
52.116000	-0.033609
52.118000	0.399539
52.120000	0.493241
52.122000	0.274290
52.124000	-0.013576
52.126000	0.155895
52.128000	0.452754
52.130000	0.651574
52.132000	0.522038
52.134000	0.622377
52.136000	0.099749
52.138000	-0.114299
52.140000	0.038440
52.142000	0.366454
52.144000	-0.254352
52.146000	0.502515
52.148000	0.245311
52.150000	0.057427
52.152000	-0.124455
52.154000	0.350710
52.156000	0.064266
52.158000	0.239395
52.160000	0.999851
52.162000	0.524730
52.164000	0.057445
52.166000	0.669051
52.168000	0.122217
52.170000	-0.300903
52.172000	0.502334
52.174000	0.135200
52.176000	0.290537
52.178000	0.269873
52.180000	0.293575
52.182000	-0.429490
52.184000	0.043888
52.186000	0.761872
52.188000	0.409607
52.190000	-0.214424
52.192000	0.202513
52.194000	-0.109495
52.196000	-0.073165
52.198000	-0.318654
52.200000	0.014551
52.202000	0.007808
52.204000	-0.310333
52.206000	-0.163498
52.208000	0.100046
52.210000	-0.172407
52.212000	-0.930230
52.214000	0.062108
52.216000	-0.569082
52.218000	-0.209484
52.220000	-0.436742
52.222000	-0.373440
52.224000	0.127279
52.226000	-0.026087
52.228000	-0.064306
52.230000	-0.001039
52.232000	0.056589
52.234000	-0.124486
52.236000	-0.097546
52.238000	-0.021320
52.240000	0.075037
52.242000	-0.098748
52.244000	-0.077764
52.246000	-0.141926
52.248000	-0.125945
52.250000	-0.205870
52.252000	-0.073922
52.254000	0.113625
52.256000	-0.230505
52.258000	-0.154645
52.260000	0.006683
52.262000	-0.140555
52.264000	-0.362948
52.266000	-0.137887
52.268000	-0.136331
52.270000	-0.172021
52.272000	-0.183013
52.274000	0.001739
52.276000	-0.059754
52.278000	-0.162049
52.280000	-0.102753
52.282000	-0.238825
52.284000	-0.088260
52.286000	-0.234910
52.288000	0.006629
52.290000	-0.274449
52.292000	-0.108723
52.294000	-0.158395
52.296000	-0.199673
52.298000	-0.267856
52.300000	-0.153632
52.302000	-0.316487
52.304000	-0.087099
52.306000	-0.226579
52.308000	0.007015
52.310000	0.020688
52.312000	-0.114963
52.314000	-0.131570
52.316000	-0.246142
52.318000	-0.217695
52.320000	-0.054674
52.322000	-0.023888
52.324000	-0.258756
52.326000	-0.053737
52.328000	-0.309342
52.330000	-0.208228
52.332000	-0.113403
52.334000	-0.102546
52.336000	-0.099042
52.338000	-0.077473
52.340000	-0.215697
52.342000	-0.082569
52.344000	-0.330742
52.346000	-0.136986
52.348000	-0.148021
52.350000	-0.132438
52.352000	-0.230977
52.354000	-0.194536
52.356000	-0.363991
52.358000	-0.185951
52.360000	-0.251332
52.362000	-0.285543
52.364000	-0.258223
52.366000	-0.224208
52.368000	-0.065881
52.370000	0.066556
52.372000	-0.208806
52.374000	-0.173859
52.376000	-0.298338
52.378000	-0.255767
52.380000	-0.352664
52.382000	-0.133658
52.384000	-0.261523
52.386000	-0.098374
52.388000	-0.233278
52.390000	-0.208449
52.392000	-0.290433
52.394000	-0.001465
52.396000	-0.248445
52.398000	-0.183204
52.400000	-0.195508
52.402000	-0.200366
52.404000	-0.245118
52.406000	-0.122772
52.408000	-0.055569
52.410000	-0.162016
52.412000	-0.292271
52.414000	-0.241447
52.416000	-0.334596
52.418000	-0.122166
52.420000	-0.005655
52.422000	-0.314332
52.424000	-0.099630
52.426000	-0.002652
52.428000	-0.278374
52.430000	-0.319891
52.432000	-0.183115
52.434000	-0.001910
52.436000	-0.257804
52.438000	-0.133799
52.440000	-0.279561
52.442000	-0.146783
52.444000	-0.194523
52.446000	-0.318192
52.448000	-0.132535
52.450000	-0.256991
52.452000	-0.156135
52.454000	-0.184056
52.456000	-0.258293
52.458000	-0.158645
52.460000	-0.142421
52.462000	-0.254723
52.464000	0.004727
52.466000	-0.345924
52.468000	0.082093
52.470000	-0.321398
52.472000	-0.219623
52.474000	-0.127190
52.476000	-0.229009
52.478000	0.064129
52.480000	-0.290642
52.482000	-0.152415
52.484000	-0.335422
52.486000	-0.312169
52.488000	-0.316804
52.490000	-0.149783
52.492000	-0.244274
52.494000	-0.043886
52.496000	-0.062567
52.498000	-0.045166
52.500000	-0.334147
52.502000	-0.149186
52.504000	-0.164862
52.506000	0.008283
52.508000	-0.121859
52.510000	-0.063751
52.512000	-0.170401
52.514000	-0.270453
52.516000	-0.045086
52.518000	-0.143642
52.520000	0.031241
52.522000	-0.229183
52.524000	-0.209086
52.526000	-0.080363
52.528000	-0.030371
52.530000	0.037916
52.532000	-0.098629
52.534000	-0.089936
52.536000	-0.006405
52.538000	-0.220936
52.540000	-0.212801
52.542000	0.001538
52.544000	-0.303008
52.546000	-0.096833
52.548000	-0.205703
52.550000	-0.345488
52.552000	-0.325148
52.554000	-0.277467
52.556000	-0.100726
52.558000	-0.206078
52.560000	-0.309340
52.562000	-0.046929
52.564000	-0.024859
52.566000	0.056565
52.568000	-0.213724
52.570000	0.042830
52.572000	-0.343832
52.574000	-0.025791
52.576000	0.045690
52.578000	-0.178280
52.580000	-0.018766
52.582000	0.038038
52.584000	-0.158378
52.586000	-0.134300
52.588000	-0.106143
52.590000	-0.197701
52.592000	-0.095235
52.594000	-0.099101
52.596000	-0.135331
52.598000	-0.103999
52.600000	-0.062085
52.602000	0.002694
52.604000	-0.199647
52.606000	-0.075864
52.608000	-0.076197
52.610000	-0.142851
52.612000	0.128133
52.614000	-0.210007
52.616000	-0.185379
52.618000	-0.248221
52.620000	-0.248292
52.622000	-0.259210
52.624000	-0.197305
52.626000	0.005248
52.628000	0.011085
52.630000	-0.089421
52.632000	-0.020405
52.634000	-0.064924
52.636000	0.125429
52.638000	-0.044395
52.640000	-0.166880
52.642000	-0.075779
52.644000	-0.028944
52.646000	0.010661
52.648000	0.008869
52.650000	-0.041100
52.652000	-0.034779
52.654000	-0.033402
52.656000	0.015820
52.658000	-0.115572
52.660000	-0.001607
52.662000	-0.001131
52.664000	0.213262
52.666000	-0.176652
52.668000	0.006473
52.670000	0.091042
52.672000	-0.129516
52.674000	-0.071065
52.676000	-0.023310
52.678000	0.030821
52.680000	-0.034730
52.682000	0.206162
52.684000	-0.175824
52.686000	0.075853
52.688000	0.058141
52.690000	-0.057362
52.692000	-0.126872
52.694000	-0.102353
52.696000	-0.240950
52.698000	-0.115789
52.700000	0.014263
52.702000	0.012993
52.704000	-0.124327
52.706000	0.134425
52.708000	0.047935
52.710000	0.053359
52.712000	-0.275410
52.714000	-0.085370
52.716000	0.085594
52.718000	0.064774
52.720000	0.022695
52.722000	0.058517
52.724000	0.160033
52.726000	-0.021257
52.728000	0.174053
52.730000	0.079464
52.732000	0.013941
52.734000	0.102642
52.736000	-0.225223
52.738000	-0.252546
52.740000	-0.307183
52.742000	0.114437
52.744000	-0.193134
52.746000	-0.075475
52.748000	-0.340861
52.750000	-0.064799
52.752000	0.258299
52.754000	0.131601
52.756000	-0.179114
52.758000	0.087295
52.760000	0.034165
52.762000	-0.370981
52.764000	-0.047309
52.766000	-0.211244
52.768000	-0.306241
52.770000	-0.011592
52.772000	-0.438809
52.774000	-0.256721
52.776000	-0.009424
52.778000	0.008264
52.780000	-0.024254
52.782000	0.008878
52.784000	-0.013560
52.786000	0.275033
52.788000	-0.122394
52.790000	-0.014123
52.792000	-0.225234
52.794000	-0.054782
52.796000	-0.153067
52.798000	-0.175793
52.800000	-0.288270
52.802000	-0.187426
52.804000	-0.077769
52.806000	-0.230851
52.808000	0.071557
52.810000	-0.031592
52.812000	-0.417645
52.814000	0.276735
52.816000	-0.110486
52.818000	-0.071079
52.820000	-0.205516
52.822000	0.617092
52.824000	-0.555877
52.826000	-0.290692
52.828000	-0.138690
52.830000	-0.447174
52.832000	-0.340022
52.834000	0.127306
52.836000	0.025474
52.838000	-0.094165
52.840000	-0.103460
52.842000	-0.237047
52.844000	0.134156
52.846000	-0.134138
52.848000	-0.145230
52.850000	-0.216356
52.852000	0.503231
52.854000	-0.312577
52.856000	-0.409923
52.858000	0.166639
52.860000	0.089738
52.862000	-0.010803
52.864000	-0.586563
52.866000	0.087793
52.868000	-0.023308
52.870000	-0.623336
52.872000	0.029711
52.874000	-0.277596
52.876000	0.488047
52.878000	0.159784
52.880000	-0.060807
52.882000	-0.177778
52.884000	-0.186140
52.886000	-0.408837
52.888000	-0.138651
52.890000	-0.367307
52.892000	-0.070016
52.894000	-0.045367
52.896000	-0.198329
52.898000	-0.347419
52.900000	0.090326
52.902000	0.465710
52.904000	-0.156385
52.906000	0.211157
52.908000	-0.505150
52.910000	-0.211635
52.912000	0.399324
52.914000	-0.423556
52.916000	-0.555821
52.918000	-0.144654
52.920000	-0.297658
52.922000	-0.386807
52.924000	-0.029781
52.926000	0.041724
52.928000	-0.125595
52.930000	0.227803
52.932000	0.107144
52.934000	-0.468064
52.936000	0.103812
52.938000	-0.021384
52.940000	-0.141750
52.942000	-0.356506
52.944000	-0.023579
52.946000	0.106045
52.948000	-0.510945
52.950000	0.060247
52.952000	0.149367
52.954000	-0.683615
52.956000	-0.400769
52.958000	-0.052516
52.960000	-0.017892
52.962000	-0.124046
52.964000	-0.334760
52.966000	-0.190050
52.968000	-0.051594
52.970000	-0.126000
52.972000	-0.070814
52.974000	-0.175317
52.976000	-0.219258
52.978000	-0.061571
52.980000	0.717719
52.982000	-0.517712
52.984000	0.119750
52.986000	-0.498904
52.988000	0.029230
52.990000	-0.542242
52.992000	-0.139687
52.994000	-0.014348
52.996000	-0.266902
52.998000	0.172125
53.000000	0.077030
53.002000	-0.021982
53.004000	0.104937
53.006000	-0.362372
53.008000	0.027442
53.010000	0.061772
53.012000	-0.423900
53.014000	-0.052912
53.016000	-0.242786
53.018000	0.155227
53.020000	-0.179916
53.022000	-0.119030
53.024000	-0.205566
53.026000	0.254015
53.028000	0.164924
53.030000	-0.010354
53.032000	0.344311
53.034000	-0.424395
53.036000	-0.169383
53.038000	-0.235563
53.040000	0.151081
53.042000	0.217992
53.044000	0.068257
53.046000	0.184118
53.048000	-0.407024
53.050000	-0.135544
53.052000	0.361105
53.054000	0.020348
53.056000	0.365864
53.058000	-0.003074
53.060000	-0.361575
53.062000	0.154472
53.064000	0.300125
53.066000	0.374706
53.068000	-0.555760
53.070000	-0.258953
53.072000	0.043868
53.074000	0.034762
53.076000	-0.041417
53.078000	-0.101835
53.080000	0.562970
53.082000	0.833182
53.084000	0.419241
53.086000	0.866915
53.088000	0.958656
53.090000	0.854665
53.092000	1.151721
53.094000	0.867905
53.096000	1.155434
53.098000	1.221945
53.100000	1.074139
53.102000	1.732469
53.104000	0.933485
53.106000	0.518248
53.108000	0.342988
53.110000	0.731046
53.112000	-0.391714
53.114000	0.029406
53.116000	-0.640278
53.118000	-0.607433
53.120000	-0.890434
53.122000	-0.859209
53.124000	-1.220344
53.126000	-0.754599
53.128000	-0.763276
53.130000	-0.938136
53.132000	-1.141110
53.134000	-0.867886
53.136000	-0.226533
53.138000	-0.425172
53.140000	-0.176808
53.142000	-0.459865
53.144000	-0.433922
53.146000	-0.457863
53.148000	-0.489766
53.150000	0.081095
53.152000	-0.079786
53.154000	-0.105325
53.156000	0.255037
53.158000	-0.312917
53.160000	-0.008993
53.162000	0.130749
53.164000	-0.219998
53.166000	-0.401801
53.168000	-0.046467
53.170000	-0.019384
53.172000	-0.371553
53.174000	-0.416422
53.176000	0.049533
53.178000	-0.203169
53.180000	0.041933
53.182000	-0.044462
53.184000	-0.273057
53.186000	-0.165352
53.188000	-0.031886
53.190000	-0.023518
53.192000	-0.026092
53.194000	0.138716
53.196000	-0.060133
53.198000	0.256158
53.200000	-0.351774
53.202000	-0.196477
53.204000	-0.369913
53.206000	-0.101219
53.208000	-0.387203
53.210000	0.235507
53.212000	0.415921
53.214000	0.400483
53.216000	-0.241048
53.218000	0.083982
53.220000	0.324739
53.222000	0.190534
53.224000	-0.120522
53.226000	0.391474
53.228000	-0.123436
53.230000	0.623541
53.232000	0.072570
53.234000	0.425978
53.236000	-0.604206
53.238000	0.191465
53.240000	0.363747
53.242000	-0.224912
53.244000	-0.012599
53.246000	0.057776
53.248000	-0.051850
53.250000	0.057426
53.252000	-0.133542
53.254000	-0.091943
53.256000	-0.193425
53.258000	-0.029351
53.260000	0.193065
53.262000	-0.035177
53.264000	-0.104790
53.266000	0.029229
53.268000	0.058857
53.270000	-0.104062
53.272000	0.220950
53.274000	0.085648
53.276000	-0.108147
53.278000	0.095354
53.280000	-0.221646
53.282000	-0.039845
53.284000	-0.099751
53.286000	-0.140034
53.288000	-0.027631
53.290000	-0.037370
53.292000	0.038370
53.294000	0.099617
53.296000	0.004085
53.298000	0.093537
53.300000	0.106814
53.302000	-0.011801
53.304000	0.043970
53.306000	0.067004
53.308000	0.022535
53.310000	-0.023301
53.312000	0.142370
53.314000	0.051472
53.316000	0.168297
53.318000	0.064215
53.320000	0.089599
53.322000	0.140469
53.324000	0.301758
53.326000	0.088874
53.328000	0.113081
53.330000	0.078413
53.332000	-0.001119
53.334000	0.248087
53.336000	0.151146
53.338000	-0.046662
53.340000	0.159966
53.342000	0.311602
53.344000	0.116917
53.346000	0.160361
53.348000	0.281238
53.350000	0.096482
53.352000	-0.017794
53.354000	0.288186
53.356000	0.259217
53.358000	0.257011
53.360000	0.166362
53.362000	0.290774
53.364000	0.064285
53.366000	0.221975
53.368000	0.094543
53.370000	0.328461
53.372000	0.186631
53.374000	0.351603
53.376000	0.323534
53.378000	0.185574
53.380000	0.026746
53.382000	0.390989
53.384000	0.231238
53.386000	0.189556
53.388000	0.040867
53.390000	0.180848
53.392000	0.208954
53.394000	0.139802
53.396000	0.136194
53.398000	0.098036
53.400000	0.159985
53.402000	0.091819
53.404000	0.007255
53.406000	0.061983
53.408000	0.075552
53.410000	0.054791
53.412000	0.023882
53.414000	0.030332
53.416000	0.258246
53.418000	-0.047394
53.420000	0.049735
53.422000	-0.068864
53.424000	0.011324
53.426000	-0.078622
53.428000	-0.024508
53.430000	-0.044815
53.432000	-0.120618
53.434000	-0.114386
53.436000	-0.098153
53.438000	-0.085790
53.440000	-0.132907
53.442000	-0.070256
53.444000	-0.206819
53.446000	-0.066020
53.448000	-0.117151
53.450000	-0.228033
53.452000	-0.199520
53.454000	-0.137752
53.456000	-0.006465
53.458000	-0.324324
53.460000	-0.202215
53.462000	-0.225802
53.464000	-0.116812
53.466000	-0.308966
53.468000	-0.194315
53.470000	-0.350013
53.472000	-0.138592
53.474000	-0.247647
53.476000	-0.197720
53.478000	-0.150185
53.480000	-0.233405
53.482000	-0.180748
53.484000	-0.296373
53.486000	0.020013
53.488000	-0.203311
53.490000	-0.077914
53.492000	-0.194513
53.494000	0.007199
53.496000	-0.201212
53.498000	-0.043507
53.500000	-0.289143
53.502000	-0.092952
53.504000	-0.146448
53.506000	-0.227796
53.508000	-0.039096
53.510000	-0.105013
53.512000	-0.432009
53.514000	-0.070825
53.516000	-0.053148
53.518000	-0.074239
53.520000	-0.114682
53.522000	-0.094038
53.524000	-0.159281
53.526000	-0.135447
53.528000	-0.079200
53.530000	-0.217128
53.532000	-0.067275
53.534000	-0.065393
53.536000	-0.000142
53.538000	-0.284315
53.540000	-0.138048
53.542000	-0.236486
53.544000	-0.132837
53.546000	0.002061
53.548000	-0.145291
53.550000	-0.029157
53.552000	-0.065811
53.554000	-0.091750
53.556000	-0.083460
53.558000	0.102275
53.560000	0.082845
53.562000	-0.169303
53.564000	-0.138560
53.566000	-0.020279
53.568000	0.011002
53.570000	-0.158450
53.572000	-0.008374
53.574000	-0.117808
53.576000	-0.032142
53.578000	-0.296121
53.580000	-0.052356
53.582000	-0.065926
53.584000	0.013386
53.586000	-0.018574
53.588000	-0.027941
53.590000	0.073751
53.592000	-0.066989
53.594000	0.090808
53.596000	-0.145486
53.598000	-0.016360
53.600000	0.131863
53.602000	-0.078149
53.604000	-0.200745
53.606000	-0.057839
53.608000	-0.090871
53.610000	0.041673
53.612000	0.047214
53.614000	-0.177272
53.616000	0.089741
53.618000	-0.094014
53.620000	-0.155673
53.622000	-0.214584
53.624000	-0.091964
53.626000	0.035717
53.628000	-0.144504
53.630000	-0.058009
53.632000	-0.127166
53.634000	-0.181573
53.636000	-0.026218
53.638000	-0.066731
53.640000	-0.068509
53.642000	-0.249981
53.644000	0.067032
53.646000	-0.189801
53.648000	-0.138088
53.650000	-0.053696
53.652000	-0.042265
53.654000	0.043818
53.656000	-0.000026
53.658000	-0.060250
53.660000	-0.102793
53.662000	-0.192735
53.664000	0.049457
53.666000	-0.039502
53.668000	-0.017290
53.670000	0.063937
53.672000	0.009213
53.674000	-0.157203
53.676000	-0.174781
53.678000	0.064161
53.680000	-0.005283
53.682000	-0.135516
53.684000	-0.034493
53.686000	-0.044546
53.688000	0.029234
53.690000	-0.017245
53.692000	0.139053
53.694000	0.187833
53.696000	0.044479
53.698000	-0.183295
53.700000	-0.026330
53.702000	0.052667
53.704000	-0.027669
53.706000	0.058191
53.708000	0.130928
53.710000	-0.137588
53.712000	0.186684
53.714000	-0.139183
53.716000	0.167236
53.718000	-0.116281
53.720000	-0.031242
53.722000	-0.088233
53.724000	0.059804
53.726000	-0.026697
53.728000	-0.122119
53.730000	0.014618
53.732000	-0.034911
53.734000	0.044789
53.736000	0.019349
53.738000	0.000356
53.740000	-0.021939
53.742000	0.005355
53.744000	0.015664
53.746000	-0.013600
53.748000	0.027788
53.750000	-0.038731
53.752000	0.245953
53.754000	-0.065174
53.756000	0.186306
53.758000	0.041623
53.760000	-0.025118
53.762000	-0.100495
53.764000	0.004556
53.766000	-0.145481
53.768000	0.100697
53.770000	-0.144193
53.772000	0.304823
53.774000	-0.116780
53.776000	-0.150563
53.778000	0.112916
53.780000	0.299827
53.782000	-0.033641
53.784000	0.062748
53.786000	0.234313
53.788000	-0.050007
53.790000	-0.165604
53.792000	-0.133255
53.794000	0.580624
53.796000	-0.166701
53.798000	0.048370
53.800000	0.232420
53.802000	0.143039
53.804000	-0.208104
53.806000	-0.141420
53.808000	-0.248017
53.810000	-0.058834
53.812000	-0.286675
53.814000	0.104261
53.816000	-0.562702
53.818000	-0.139560
53.820000	0.558501
53.822000	-0.163803
53.824000	-0.466409
53.826000	0.068976
53.828000	0.062232
53.830000	-0.142231
53.832000	0.138630
53.834000	0.325275
53.836000	0.106778
53.838000	-0.109942
53.840000	-0.296032
53.842000	0.128482
53.844000	0.094255
53.846000	-0.257230
53.848000	-0.242594
53.850000	0.266244
53.852000	-0.120638
53.854000	-0.242508
53.856000	-0.268765
53.858000	-0.092076
53.860000	-0.410629
53.862000	-0.068461
53.864000	0.020973
53.866000	0.410499
53.868000	0.401961
53.870000	-0.360663
53.872000	-0.349126
53.874000	0.289396
53.876000	0.121316
53.878000	-0.023707
53.880000	0.319865
53.882000	-0.025828
53.884000	0.227327
53.886000	0.280540
53.888000	-0.111498
53.890000	-0.149199
53.892000	0.212986
53.894000	-0.121725
53.896000	-0.420247
53.898000	-0.176913
53.900000	0.172454
53.902000	0.261538
53.904000	-0.714996
53.906000	-0.289232
53.908000	-0.381841
53.910000	-0.140503
53.912000	0.234808
53.914000	-0.197882
53.916000	-0.334156
53.918000	-0.344375
53.920000	0.215228
53.922000	-0.016276
53.924000	-0.035370
53.926000	-0.477257
53.928000	0.628942
53.930000	0.314255
53.932000	0.164473
53.934000	0.213186
53.936000	-0.160224
53.938000	0.117642
53.940000	-0.396873
53.942000	-0.033047
53.944000	0.328995
53.946000	0.185373
53.948000	0.586797
53.950000	0.032375
53.952000	0.389363
53.954000	0.103500
53.956000	-0.060407
53.958000	-0.000901
53.960000	-0.382328
53.962000	-0.459727
53.964000	-0.218052
53.966000	-0.071922
53.968000	0.049111
53.970000	0.113296
53.972000	0.296046
53.974000	0.346981
53.976000	0.009282
53.978000	0.351338
53.980000	-0.144439
53.982000	0.237369
53.984000	0.092544
53.986000	-0.275439
53.988000	-0.064103
53.990000	0.045626
53.992000	0.409244
53.994000	0.289195
53.996000	-0.197728
53.998000	-0.219667
54.000000	0.116115
54.002000	-0.076813
54.004000	-0.269958
54.006000	-0.124006
54.008000	0.039613
54.010000	0.102592
54.012000	-0.028875
54.014000	-0.278883
54.016000	0.051013
54.018000	0.187405
54.020000	-0.242399
54.022000	-0.282491
54.024000	-0.281154
54.026000	-0.158843
54.028000	0.318316
54.030000	0.121730
54.032000	0.007882
54.034000	-0.015443
54.036000	-0.135124
54.038000	-0.033719
54.040000	-0.051063
54.042000	0.368066
54.044000	0.132988
54.046000	0.127980
54.048000	-0.336069
54.050000	0.299596
54.052000	-0.033554
54.054000	0.053936
54.056000	-0.198186
54.058000	-0.266938
54.060000	0.339944
54.062000	-0.435907
54.064000	-0.271168
54.066000	-0.128427
54.068000	-0.606843
54.070000	-0.729708
54.072000	0.030963
54.074000	0.034027
54.076000	0.005800
54.078000	-0.015684
54.080000	-0.120253
54.082000	0.399932
54.084000	-0.341762
54.086000	0.170151
54.088000	-0.147312
54.090000	0.111249
54.092000	-0.528403
54.094000	-0.341026
54.096000	-0.209333
54.098000	-0.125490
54.100000	-0.237634
54.102000	-0.015610
54.104000	-0.201881
54.106000	0.050432
54.108000	-0.010106
54.110000	0.008001
54.112000	-0.282862
54.114000	-0.269678
54.116000	0.084877
54.118000	0.214379
54.120000	-0.088333
54.122000	0.406797
54.124000	-0.276268
54.126000	0.136645
54.128000	-0.247974
54.130000	0.119224
54.132000	-0.006251
54.134000	0.202949
54.136000	0.420209
54.138000	-0.186509
54.140000	0.095767
54.142000	-0.114619
54.144000	0.262661
54.146000	0.512648
54.148000	-0.092341
54.150000	0.122346
54.152000	0.106948
54.154000	0.026230
54.156000	0.779741
54.158000	0.114370
54.160000	0.247673
54.162000	0.116921
54.164000	0.124669
54.166000	0.481161
54.168000	-0.063587
54.170000	0.523696
54.172000	-0.117827
54.174000	0.284540
54.176000	-0.030348
54.178000	0.198038
54.180000	-0.024004
54.182000	0.140279
54.184000	0.099922
54.186000	0.027101
54.188000	0.243458
54.190000	0.056454
54.192000	0.684017
54.194000	0.522972
54.196000	0.728037
54.198000	0.815821
54.200000	0.874178
54.202000	0.529815
54.204000	0.571248
54.206000	1.318368
54.208000	1.349635
54.210000	1.239766
54.212000	1.801132
54.214000	1.178372
54.216000	1.355282
54.218000	0.509774
54.220000	0.829164
54.222000	0.561416
54.224000	0.255058
54.226000	0.218049
54.228000	-0.429959
54.230000	-0.791688
54.232000	-0.810660
54.234000	-1.205664
54.236000	-0.894130
54.238000	-1.145903
54.240000	-0.496132
54.242000	-0.953487
54.244000	-0.346390
54.246000	-0.986566
54.248000	-0.646216
54.250000	-0.659191
54.252000	-0.248936
54.254000	-0.341401
54.256000	-0.286061
54.258000	0.372356
54.260000	-0.444605
54.262000	0.107658
54.264000	-0.255931
54.266000	-0.059329
54.268000	-0.506269
54.270000	0.237714
54.272000	-0.118582
54.274000	-0.168730
54.276000	-0.053221
54.278000	-0.073950
54.280000	-0.098154
54.282000	0.053540
54.284000	0.007081
54.286000	-0.203014
54.288000	0.025771
54.290000	-0.014283
54.292000	0.079891
54.294000	0.161270
54.296000	-0.085665
54.298000	-0.025767
54.300000	-0.061340
54.302000	-0.077901
54.304000	-0.213445
54.306000	-0.011155
54.308000	0.102541
54.310000	-0.134917
54.312000	0.120972
54.314000	-0.075388
54.316000	-0.024772
54.318000	-0.121132
54.320000	0.057589
54.322000	-0.073524
54.324000	0.074266
54.326000	-0.141611
54.328000	-0.002922
54.330000	-0.009142
54.332000	0.047936
54.334000	0.026489
54.336000	-0.016892
54.338000	-0.120701
54.340000	-0.147528
54.342000	0.076554
54.344000	0.010963
54.346000	0.080758
54.348000	0.243540
54.350000	0.051311
54.352000	0.205202
54.354000	0.150622
54.356000	0.054855
54.358000	-0.028723
54.360000	-0.058771
54.362000	0.122699
54.364000	0.011858
54.366000	0.016715
54.368000	-0.007600
54.370000	0.024280
54.372000	0.102903
54.374000	0.151946
54.376000	0.172207
54.378000	0.012772
54.380000	-0.200760
54.382000	0.264047
54.384000	0.183541
54.386000	0.216509
54.388000	0.159022
54.390000	0.123342
54.392000	0.255349
54.394000	0.030350
54.396000	0.093421
54.398000	0.073023
54.400000	0.056750
54.402000	-0.000604
54.404000	0.127600
54.406000	-0.022117
54.408000	0.047105
54.410000	0.191422
54.412000	-0.001945
54.414000	0.233478
54.416000	0.121164
54.418000	0.163494
54.420000	0.320541
54.422000	-0.082958
54.424000	0.292111
54.426000	0.354994
54.428000	0.407023
54.430000	0.127857
54.432000	0.208526
54.434000	0.026113
54.436000	0.293375
54.438000	0.269921
54.440000	0.118673
54.442000	-0.019492
54.444000	0.257363
54.446000	0.297619
54.448000	0.174608
54.450000	0.423014
54.452000	0.434063
54.454000	0.007300
54.456000	0.222372
54.458000	0.408469
54.460000	0.313257
54.462000	0.389535
54.464000	0.223914
54.466000	0.308269
54.468000	0.311701
54.470000	0.351867
54.472000	0.355894
54.474000	0.266931
54.476000	0.460917
54.478000	0.282865
54.480000	0.090058
54.482000	0.236342
54.484000	0.337140
54.486000	0.292278
54.488000	0.071503
54.490000	0.295142
54.492000	0.195885
54.494000	0.257433
54.496000	0.368347
54.498000	0.438380
54.500000	0.372147
54.502000	0.303553
54.504000	0.250000
54.506000	0.332125
54.508000	0.258737
54.510000	0.214269
54.512000	0.094674
54.514000	0.237270
54.516000	-0.037749
54.518000	0.365668
54.520000	0.191082
54.522000	0.131132
54.524000	0.148000
54.526000	-0.081333
54.528000	0.172606
54.530000	0.071058
54.532000	0.217393
54.534000	0.055151
54.536000	-0.060846
54.538000	0.069993
54.540000	-0.077794
54.542000	-0.064267
54.544000	0.051534
54.546000	0.024531
54.548000	0.005842
54.550000	-0.076875
54.552000	0.067506
54.554000	-0.122351
54.556000	-0.218603
54.558000	-0.110066
54.560000	-0.111186
54.562000	-0.143517
54.564000	-0.173468
54.566000	-0.415194
54.568000	-0.242483
54.570000	-0.024489
54.572000	-0.065426
54.574000	-0.091169
54.576000	-0.220863
54.578000	-0.308303
54.580000	0.047308
54.582000	-0.077107
54.584000	-0.181721
54.586000	0.015407
54.588000	-0.160823
54.590000	-0.121876
54.592000	-0.166572
54.594000	-0.222714
54.596000	-0.120802
54.598000	-0.196673
54.600000	-0.134135
54.602000	-0.112494
54.604000	-0.048361
54.606000	-0.001043
54.608000	-0.028138
54.610000	-0.203563
54.612000	-0.111371
54.614000	-0.185716
54.616000	-0.089089
54.618000	-0.147302
54.620000	0.026586
54.622000	0.009190
54.624000	-0.051644
54.626000	-0.158120
54.628000	-0.233183
54.630000	-0.126161
54.632000	-0.086677
54.634000	-0.003248
54.636000	-0.078863
54.638000	0.027114
54.640000	0.063643
54.642000	0.003873
54.644000	-0.015484
54.646000	-0.109796
54.648000	-0.278757
54.650000	0.031780
54.652000	-0.111934
54.654000	0.049351
54.656000	-0.098994
54.658000	0.155900
54.660000	-0.038649
54.662000	-0.123374
54.664000	0.086188
54.666000	0.198715
54.668000	0.133776
54.670000	0.064650
54.672000	0.005702
54.674000	-0.016450
54.676000	0.054232
54.678000	0.059580
54.680000	0.101792
54.682000	0.145780
54.684000	-0.021362
54.686000	-0.234586
54.688000	0.100371
54.690000	0.058829
54.692000	-0.033199
54.694000	-0.005038
54.696000	-0.003145
54.698000	-0.072980
54.700000	0.042608
54.702000	-0.019384
54.704000	-0.161822
54.706000	-0.032357
54.708000	0.014877
54.710000	-0.029394
54.712000	-0.052210
54.714000	0.071894
54.716000	0.103998
54.718000	-0.081460
54.720000	-0.000508
54.722000	0.000645
54.724000	0.045069
54.726000	0.209058
54.728000	-0.080834
54.730000	-0.208716
54.732000	-0.026162
54.734000	-0.115814
54.736000	0.084856
54.738000	-0.079693
54.740000	0.189085
54.742000	0.006421
54.744000	-0.012887
54.746000	-0.017377
54.748000	0.095744
54.750000	0.221245
54.752000	-0.116646
54.754000	-0.059630
54.756000	-0.205457
54.758000	-0.088061
54.760000	0.009553
54.762000	-0.024504
54.764000	-0.093954
54.766000	-0.076921
54.768000	0.053907
54.770000	0.112132
54.772000	-0.063674
54.774000	0.113687
54.776000	-0.173948
54.778000	0.076790
54.780000	0.177036
54.782000	0.022177
54.784000	0.035598
54.786000	-0.134190
54.788000	-0.126334
54.790000	-0.050058
54.792000	-0.038219
54.794000	-0.184100
54.796000	-0.172740
54.798000	-0.115808
54.800000	-0.013932
54.802000	-0.172909
54.804000	-0.149619
54.806000	-0.182364
54.808000	-0.119194
54.810000	-0.186447
54.812000	-0.076070
54.814000	0.043137
54.816000	-0.114361
54.818000	-0.110027
54.820000	-0.071983
54.822000	-0.089738
54.824000	-0.260301
54.826000	-0.069225
54.828000	-0.083465
54.830000	-0.119119
54.832000	-0.137159
54.834000	-0.057450
54.836000	-0.067112
54.838000	-0.052314
54.840000	-0.079137
54.842000	-0.196737
54.844000	-0.050956
54.846000	-0.162722
54.848000	-0.019212
54.850000	-0.153132
54.852000	-0.084219
54.854000	-0.131036
54.856000	-0.155891
54.858000	-0.201854
54.860000	-0.162883
54.862000	-0.186083
54.864000	-0.064982
54.866000	-0.136048
54.868000	-0.019759
54.870000	0.009618
54.872000	-0.081146
54.874000	-0.095785
54.876000	-0.214399
54.878000	-0.210550
54.880000	-0.056167
54.882000	-0.033385
54.884000	-0.214836
54.886000	-0.077896
54.888000	-0.248726
54.890000	-0.151111
54.892000	-0.122474
54.894000	-0.130393
54.896000	-0.100989
54.898000	-0.136608
54.900000	-0.146940
54.902000	-0.061271
54.904000	-0.243132
54.906000	-0.136850
54.908000	-0.078169
54.910000	-0.099264
54.912000	-0.087491
54.914000	-0.200193
54.916000	-0.234541
54.918000	-0.070719
54.920000	-0.226076
54.922000	-0.194969
54.924000	-0.158282
54.926000	-0.115797
54.928000	-0.023043
54.930000	-0.001203
54.932000	-0.165241
54.934000	-0.074109
54.936000	-0.149288
54.938000	-0.211838
54.940000	-0.251949
54.942000	-0.138459
54.944000	-0.154152
54.946000	-0.050955
54.948000	-0.181994
54.950000	-0.156192
54.952000	-0.134054
54.954000	0.040104
54.956000	-0.103752
54.958000	-0.140391
54.960000	-0.145323
54.962000	-0.160230
54.964000	-0.180481
54.966000	-0.069969
54.968000	-0.029701
54.970000	-0.094488
54.972000	-0.103408
54.974000	-0.139645
54.976000	-0.187207
54.978000	-0.074062
54.980000	-0.010556
54.982000	-0.193481
54.984000	-0.067248
54.986000	0.006092
54.988000	-0.138529
54.990000	-0.127315
54.992000	-0.103347
54.994000	0.051205
54.996000	-0.169789
54.998000	-0.083449
55.000000	-0.148665
55.002000	-0.066163
55.004000	-0.080702
55.006000	-0.111716
55.008000	-0.103625
55.010000	-0.162538
55.012000	-0.042523
55.014000	-0.114444
55.016000	-0.153938
55.018000	-0.100709
55.020000	-0.087134
55.022000	-0.176056
55.024000	0.006254
55.026000	-0.187533
55.028000	0.110590
55.030000	-0.191113
55.032000	-0.167753
55.034000	-0.048057
55.036000	-0.097142
55.038000	0.047717
55.040000	-0.166338
55.042000	-0.100730
55.044000	-0.232813
55.046000	-0.217454
55.048000	-0.135847
55.050000	-0.047040
55.052000	-0.153582
55.054000	-0.005083
55.056000	-0.046000
55.058000	-0.040895
55.060000	-0.202352
55.062000	-0.046380
55.064000	-0.156987
55.066000	0.005868
55.068000	-0.048278
55.070000	-0.000184
55.072000	-0.126125
55.074000	-0.141309
55.076000	-0.011471
55.078000	-0.024535
55.080000	0.040983
55.082000	-0.202836
55.084000	-0.128185
55.086000	-0.031751
55.088000	-0.006073
55.090000	0.046468
55.092000	-0.080583
55.094000	-0.104023
55.096000	0.052394
55.098000	-0.088824
55.100000	-0.071824
55.102000	-0.000704
55.104000	-0.193244
55.106000	0.006606
55.108000	-0.144508
55.110000	-0.179892
55.112000	-0.135805
55.114000	-0.110799
55.116000	-0.019834
55.118000	-0.130612
55.120000	-0.154704
55.122000	0.009910
55.124000	-0.012414
55.126000	0.040920
55.128000	-0.093076
55.130000	0.031103
55.132000	-0.152578
55.134000	-0.039505
55.136000	0.051810
55.138000	-0.070089
55.140000	0.038861
55.142000	0.033943
55.144000	-0.139630
55.146000	-0.080755
55.148000	-0.113811
55.150000	-0.108952
55.152000	-0.053895
55.154000	0.057413
55.156000	0.025712
55.158000	0.032305
55.160000	0.043322
55.162000	0.019735
55.164000	-0.084879
55.166000	0.001505
55.168000	0.034394
55.170000	0.032951
55.172000	0.165712
55.174000	-0.054537
55.176000	-0.097705
55.178000	-0.024700
55.180000	-0.084227
55.182000	-0.034841
55.184000	0.002222
55.186000	0.060723
55.188000	0.064513
55.190000	-0.002855
55.192000	0.009611
55.194000	-0.016936
55.196000	0.113371
55.198000	0.009479
55.200000	-0.105331
55.202000	-0.010237
55.204000	-0.013514
55.206000	0.043138
55.208000	0.066756
55.210000	-0.003833
55.212000	0.014406
55.214000	-0.047809
55.216000	0.071579
55.218000	-0.026355
55.220000	0.026715
55.222000	0.023451
55.224000	0.130445
55.226000	-0.118996
55.228000	-0.016156
55.230000	0.076763
55.232000	-0.010790
55.234000	0.037019
55.236000	0.046867
55.238000	-0.022149
55.240000	0.011854
55.242000	0.191731
55.244000	-0.133378
55.246000	0.114129
55.248000	0.041453
55.250000	-0.002650
55.252000	-0.093235
55.254000	-0.029740
55.256000	-0.066875
55.258000	0.036813
55.260000	0.007163
55.262000	0.036340
55.264000	0.014056
55.266000	0.073700
55.268000	0.102169
55.270000	0.085707
55.272000	-0.156386
55.274000	-0.045940
55.276000	0.031052
55.278000	0.063446
55.280000	0.019256
55.282000	-0.012674
55.284000	0.121019
55.286000	-0.061588
55.288000	0.086105
55.290000	0.065921
55.292000	-0.063532
55.294000	0.073306
55.296000	0.172529
55.298000	0.362675
55.300000	-0.059780
55.302000	0.193023
55.304000	-0.174704
55.306000	0.231878
55.308000	0.530737
55.310000	-0.115525
55.312000	-0.517286
55.314000	0.377015
55.316000	-0.076457
55.318000	0.065316
55.320000	0.819614
55.322000	0.559365
55.324000	0.101584
55.326000	-0.305128
55.328000	0.557376
55.330000	0.069534
55.332000	-0.250449
55.334000	0.131487
55.336000	0.159882
55.338000	0.202149
55.340000	0.445742
55.342000	-0.249787
55.344000	-0.048257
55.346000	-0.118683
55.348000	-0.235337
55.350000	-0.018923
55.352000	0.045879
55.354000	0.020295
55.356000	0.032040
55.358000	-0.112120
55.360000	0.217403
55.362000	0.088389
55.364000	0.128324
55.366000	0.372198
55.368000	0.331362
55.370000	0.481692
55.372000	0.315748
55.374000	0.244523
55.376000	-0.061553
55.378000	0.645038
55.380000	-0.231324
55.382000	-0.069970
55.384000	-0.038212
55.386000	-0.078833
55.388000	-0.003385
55.390000	0.243388
55.392000	-0.368970
55.394000	-0.012155
55.396000	0.247702
55.398000	-0.172415
55.400000	-0.187814
55.402000	0.365680
55.404000	0.157376
55.406000	-0.097109
55.408000	-0.265716
55.410000	-0.335452
55.412000	-0.227324
55.414000	-0.339570
55.416000	0.060088
55.418000	-0.096969
55.420000	-0.295196
55.422000	-0.208008
55.424000	-0.476221
55.426000	0.269857
55.428000	0.420332
55.430000	0.675478
55.432000	0.393029
55.434000	1.071706
55.436000	1.301238
55.438000	1.740042
55.440000	1.284572
55.442000	1.179145
55.444000	1.751244
55.446000	1.677104
55.448000	1.880114
55.450000	1.580231
55.452000	1.747046
55.454000	0.650908
55.456000	1.364824
55.458000	0.448892
55.460000	-0.035765
55.462000	-0.234272
55.464000	0.264989
55.466000	-0.448220
55.468000	-0.101857
55.470000	-0.231464
55.472000	-0.655930
55.474000	-0.590225
55.476000	-0.472659
55.478000	-0.320072
55.480000	-0.652013
55.482000	-0.190398
55.484000	0.275948
55.486000	0.365050
55.488000	0.494143
55.490000	0.011365
55.492000	-0.365420
55.494000	0.857936
55.496000	-0.086348
55.498000	-0.433300
55.500000	0.384063
55.502000	0.302297
55.504000	0.347329
55.506000	-0.488175
55.508000	0.270974
55.510000	0.207519
55.512000	0.169477
55.514000	0.040058
55.516000	0.233778
55.518000	0.607814
55.520000	0.005394
55.522000	-0.003050
55.524000	0.220275
55.526000	0.438749
55.528000	0.289968
55.530000	-0.069808
55.532000	-0.124480
55.534000	0.165193
55.536000	-0.394412
55.538000	0.422965
55.540000	0.129591
55.542000	0.439231
55.544000	0.388864
55.546000	0.293398
55.548000	0.120342
55.550000	0.059969
55.552000	0.216789
55.554000	0.258909
55.556000	0.569722
55.558000	0.207359
55.560000	-0.397562
55.562000	0.300314
55.564000	0.298498
55.566000	-0.080861
55.568000	-0.339709
55.570000	-0.286767
55.572000	0.151102
55.574000	0.175746
55.576000	0.415357
55.578000	0.194855
55.580000	0.209084
55.582000	-0.013994
55.584000	-0.011152
55.586000	0.153951
55.588000	0.133316
55.590000	0.136037
55.592000	-0.135874
55.594000	0.249623
55.596000	0.039873
55.598000	0.110925
55.600000	0.477843
55.602000	-0.194248
55.604000	-0.255770
55.606000	0.354297
55.608000	0.310502
55.610000	0.315711
55.612000	-0.026498
55.614000	0.123737
55.616000	0.488859
55.618000	-0.019504
55.620000	0.414715
55.622000	0.693685
55.624000	0.300529
55.626000	0.083898
55.628000	-0.027648
55.630000	0.148675
55.632000	0.743258
55.634000	-0.080557
55.636000	0.346885
55.638000	0.454806
55.640000	0.376530
55.642000	0.568510
55.644000	-0.244575
55.646000	0.240984
55.648000	0.311340
55.650000	0.543767
55.652000	-0.344737
55.654000	0.053405
55.656000	0.128769
55.658000	0.550030
55.660000	0.093163
55.662000	0.229663
55.664000	0.379024
55.666000	-0.183451
55.668000	0.122688
55.670000	-0.182756
55.672000	0.262243
55.674000	0.078979
55.676000	0.203476
55.678000	-0.069766
55.680000	0.215001
55.682000	0.421954
55.684000	0.043063
55.686000	0.574151
55.688000	0.151066
55.690000	0.363649
55.692000	0.620336
55.694000	0.380959
55.696000	0.110468
55.698000	0.281904
55.700000	0.254547
55.702000	0.594684
55.704000	0.232879
55.706000	0.260819
55.708000	0.035331
55.710000	0.368415
55.712000	0.226225
55.714000	0.150478
55.716000	0.005738
55.718000	0.435264
55.720000	0.644121
55.722000	-0.171959
55.724000	0.145067
55.726000	-0.389367
55.728000	0.384154
55.730000	0.172623
55.732000	-0.288137
55.734000	0.345115
55.736000	-0.462092
55.738000	-0.234895
55.740000	-0.053378
55.742000	-0.112277
55.744000	0.196668
55.746000	-0.138702
55.748000	0.170150
55.750000	-0.334121
55.752000	-0.114216
55.754000	-0.079358
55.756000	0.072885
55.758000	-0.015997
55.760000	0.087777
55.762000	-0.329829
55.764000	0.168293
55.766000	-0.183880
55.768000	0.533065
55.770000	0.256728
55.772000	0.499769
55.774000	-0.004668
55.776000	0.126775
55.778000	-0.434140
55.780000	0.328244
55.782000	0.398479
55.784000	-0.077431
55.786000	-0.093042
55.788000	-0.160792
55.790000	-0.313090
55.792000	-0.596269
55.794000	-0.396320
55.796000	-0.152058
55.798000	-0.187356
55.800000	0.293877
55.802000	-0.341107
55.804000	-0.188902
55.806000	-0.024363
55.808000	0.040187
55.810000	-0.004130
55.812000	-0.031277
55.814000	-0.009310
55.816000	0.015144
55.818000	-0.011674
55.820000	0.007410
55.822000	-0.014732
55.824000	0.009923
55.826000	-0.000880
55.828000	-0.002229
55.830000	0.003191
55.832000	0.010553
55.834000	-0.022654
55.836000	0.000863
55.838000	0.020824
55.840000	-0.037310
55.842000	-0.047306
55.844000	0.025418
55.846000	-0.047448
55.848000	-0.090923
55.850000	-0.027375
55.852000	-0.018335
55.854000	-0.051738
55.856000	-0.056839
55.858000	-0.002448
55.860000	0.000955
55.862000	-0.091175
55.864000	-0.016911
55.866000	-0.065329
55.868000	-0.036781
55.870000	-0.055150
55.872000	0.002347
55.874000	-0.083167
55.876000	-0.033631
55.878000	-0.021342
55.880000	-0.033567
55.882000	-0.038053
55.884000	-0.017319
55.886000	-0.082000
55.888000	-0.019302
55.890000	-0.035615
55.892000	-0.026151
55.894000	-0.002481
55.896000	-0.037823
55.898000	-0.034866
55.900000	-0.063677
55.902000	-0.047923
55.904000	-0.026279
55.906000	-0.024697
55.908000	-0.058584
55.910000	-0.010747
55.912000	-0.090874
55.914000	-0.060253
55.916000	-0.030235
55.918000	-0.013935
55.920000	-0.023379
55.922000	0.000101
55.924000	-0.060356
55.926000	-0.010443
55.928000	-0.066232
55.930000	-0.001682
55.932000	-0.031663
55.934000	-0.006040
55.936000	-0.044148
55.938000	-0.013240
55.940000	-0.062589
55.942000	0.002850
55.944000	-0.023769
55.946000	0.000607
55.948000	-0.011391
55.950000	0.024919
55.952000	0.051372
55.954000	0.078220
55.956000	0.010594
55.958000	0.005723
55.960000	0.001678
55.962000	0.006139
55.964000	-0.021292
55.966000	-0.005621
55.968000	-0.021312
55.970000	-0.006105
55.972000	-0.064385
55.974000	-0.059136
55.976000	-0.076039
55.978000	-0.023820
55.980000	-0.082716
55.982000	-0.065621
55.984000	-0.085379
55.986000	-0.059482
55.988000	-0.066207
55.990000	-0.045303
55.992000	-0.049579
55.994000	-0.041654
55.996000	-0.073284
55.998000	-0.046413
56.000000	-0.073870
56.002000	-0.016831
56.004000	-0.000062
56.006000	-0.033228
56.008000	-0.007815
56.010000	0.008197
56.012000	-0.055514
56.014000	-0.081049
56.016000	-0.044122
56.018000	-0.038632
56.020000	-0.054880
56.022000	-0.024851
56.024000	-0.079430
56.026000	-0.030954
56.028000	-0.049954
56.030000	-0.081852
56.032000	-0.021446
56.034000	-0.058827
56.036000	-0.007842
56.038000	-0.035404
56.040000	-0.061823
56.042000	-0.046553
56.044000	-0.042347
56.046000	-0.063385
56.048000	-0.025907
56.050000	-0.091648
56.052000	0.008754
56.054000	-0.064729
56.056000	-0.052846
56.058000	-0.028800
56.060000	-0.068637
56.062000	0.022165
56.064000	-0.066141
56.066000	-0.055064
56.068000	-0.054454
56.070000	-0.075776
56.072000	-0.120218
56.074000	-0.026768
56.076000	-0.052012
56.078000	-0.016206
56.080000	-0.012231
56.082000	-0.020124
56.084000	-0.100762
56.086000	-0.042430
56.088000	-0.039211
56.090000	-0.007216
56.092000	-0.024696
56.094000	-0.022208
56.096000	-0.055092
56.098000	-0.084209
56.100000	-0.021324
56.102000	-0.067555
56.104000	-0.021322
56.106000	-0.061230
56.108000	-0.063972
56.110000	-0.022509
56.112000	-0.017772
56.114000	-0.008882
56.116000	-0.041215
56.118000	-0.022033
56.120000	-0.011342
56.122000	-0.054489
56.124000	-0.076326
56.126000	0.004964
56.128000	-0.086247
56.130000	-0.041500
56.132000	-0.040494
56.134000	-0.085546
56.136000	-0.083876
56.138000	-0.100779
56.140000	-0.038738
56.142000	-0.066593
56.144000	-0.055171
56.146000	-0.024958
56.148000	-0.013583
56.150000	0.033948
56.152000	-0.050518
56.154000	0.043145
56.156000	-0.115949
56.158000	0.001599
56.160000	0.024460
56.162000	-0.048865
56.164000	-0.038889
56.166000	0.008143
56.168000	-0.043553
56.170000	-0.023266
56.172000	-0.033410
56.174000	-0.054927
56.176000	-0.010832
56.178000	-0.037431
56.180000	-0.068912
56.182000	-0.069706
56.184000	-0.026658
56.186000	0.027938
56.188000	-0.049845
56.190000	-0.029392
56.192000	-0.024475
56.194000	-0.035505
56.196000	0.033241
56.198000	-0.075213
56.200000	-0.055451
56.202000	-0.065924
56.204000	-0.049593
56.206000	-0.082086
56.208000	-0.079920
56.210000	-0.013338
56.212000	0.002313
56.214000	-0.013876
56.216000	-0.006909
56.218000	-0.021753
56.220000	0.024585
56.222000	-0.039948
56.224000	-0.051938
56.226000	-0.028655
56.228000	-0.020338
56.230000	-0.000465
56.232000	0.001640
56.234000	-0.037568
56.236000	-0.023692
56.238000	-0.020993
56.240000	0.000114
56.242000	-0.051196
56.244000	-0.004649
56.246000	0.013073
56.248000	0.047396
56.250000	-0.038156
56.252000	0.026590
56.254000	0.041154
56.256000	-0.017786
56.258000	-0.022567
56.260000	-0.008825
56.262000	0.016759
56.264000	-0.013677
56.266000	0.055624
56.268000	-0.027419
56.270000	0.022176
56.272000	0.033933
56.274000	-0.041051
56.276000	-0.005031
56.278000	-0.017084
56.280000	-0.039436
56.282000	-0.031244
56.284000	0.045578
56.286000	0.035604
56.288000	-0.032257
56.290000	0.020351
56.292000	0.021217
56.294000	0.057455
56.296000	-0.044405
56.298000	-0.005605
56.300000	0.035603
56.302000	0.030079
56.304000	-0.003193
56.306000	0.028648
56.308000	0.060187
56.310000	0.001370
56.312000	0.068296
56.314000	0.017227
56.316000	0.033557
56.318000	0.033908
56.320000	-0.045838
56.322000	-0.051447
56.324000	-0.024540
56.326000	0.365405
56.328000	0.041059
56.330000	-0.413363
56.332000	0.038792
56.334000	0.032916
56.336000	-0.092774
56.338000	-0.161878
56.340000	0.087234
56.342000	0.417437
56.344000	-0.020486
56.346000	-0.204787
56.348000	-0.017664
56.350000	-0.528018
56.352000	0.480845
56.354000	0.356758
56.356000	0.094565
56.358000	0.214974
56.360000	0.116441
56.362000	0.191092
56.364000	0.126802
56.366000	0.341107
56.368000	0.107452
56.370000	-0.163849
56.372000	-0.218944
56.374000	0.371242
56.376000	0.462001
56.378000	-0.107800
56.380000	-0.140846
56.382000	0.306703
56.384000	0.144836
56.386000	0.232923
56.388000	0.161568
56.390000	0.023263
56.392000	-0.280210
56.394000	-0.122718
56.396000	-0.292684
56.398000	0.103005
56.400000	-0.023872
56.402000	0.759487
56.404000	0.153054
56.406000	-0.046274
56.408000	0.608809
56.410000	0.209608
56.412000	-0.229316
56.414000	-0.082760
56.416000	0.323040
56.418000	-0.063849
56.420000	-0.119479
56.422000	0.624217
56.424000	0.083783
56.426000	0.162481
56.428000	-0.646501
56.430000	-0.615367
56.432000	-0.117776
56.434000	0.343446
56.436000	-0.361085
56.438000	0.193993
56.440000	-0.006424
56.442000	-0.540880
56.444000	-0.221473
56.446000	0.292003
56.448000	0.430261
56.450000	0.257500
56.452000	0.029953
56.454000	0.569046
56.456000	0.446850
56.458000	0.381329
56.460000	-0.593464
56.462000	0.398334
56.464000	-0.133694
56.466000	-0.021190
56.468000	-0.140055
56.470000	-0.135410
56.472000	0.488181
56.474000	-0.353596
56.476000	0.080415
56.478000	0.018784
56.480000	0.259264
56.482000	-0.175055
56.484000	-0.088991
56.486000	-0.080047
56.488000	0.286700
56.490000	0.018095
56.492000	0.068425
56.494000	-0.023642
56.496000	-0.490208
56.498000	0.012067
56.500000	0.402742
56.502000	0.364591
56.504000	-0.167620
56.506000	0.117707
56.508000	-0.028231
56.510000	0.112650
56.512000	0.323680
56.514000	0.387544
56.516000	-0.314454
56.518000	0.453264
56.520000	0.508636
56.522000	-0.113712
56.524000	0.310234
56.526000	0.180589
56.528000	0.088469
56.530000	0.442041
56.532000	0.357208
56.534000	-0.351700
56.536000	0.024728
56.538000	0.128680
56.540000	0.337293
56.542000	0.342854
56.544000	-0.032965
56.546000	0.423607
56.548000	0.425494
56.550000	0.225143
56.552000	0.181935
56.554000	-0.069175
56.556000	0.021400
56.558000	0.428672
56.560000	0.139039
56.562000	0.076327
56.564000	0.031182
56.566000	0.272609
56.568000	-0.175292
56.570000	-0.089789
56.572000	-0.362686
56.574000	0.617076
56.576000	-0.144485
56.578000	-0.064556
56.580000	0.131798
56.582000	0.302779
56.584000	0.069947
56.586000	-0.142933
56.588000	-0.082621
56.590000	0.202071
56.592000	0.250058
56.594000	-0.061878
56.596000	0.286904
56.598000	0.058994
56.600000	-0.069520
56.602000	-0.422209
56.604000	0.517979
56.606000	-0.000987
56.608000	0.259447
56.610000	0.086726
56.612000	0.142537
56.614000	0.063424
56.616000	0.094192
56.618000	0.128285
56.620000	-0.305047
56.622000	0.132993
56.624000	-0.024018
56.626000	0.053397
56.628000	-0.596816
56.630000	0.312820
56.632000	0.349413
56.634000	0.220048
56.636000	0.289709
56.638000	0.300246
56.640000	0.464078
56.642000	0.101164
56.644000	0.370763
56.646000	-0.107386
56.648000	0.403119
56.650000	0.110314
56.652000	-0.075507
56.654000	0.197430
56.656000	-0.121803
56.658000	0.143882
56.660000	0.071490
56.662000	0.421422
56.664000	0.431062
56.666000	-0.402041
56.668000	-0.082062
56.670000	-0.145172
56.672000	-0.056404
56.674000	0.231799
56.676000	0.202607
56.678000	0.013706
56.680000	-0.011172
56.682000	-0.042641
56.684000	0.380303
56.686000	0.021153
56.688000	0.182640
56.690000	0.366530
56.692000	0.357269
56.694000	0.276179
56.696000	0.442975
56.698000	0.448770
56.700000	0.583908
56.702000	0.833243
56.704000	1.050458
56.706000	1.304484
56.708000	1.416263
56.710000	1.227392
56.712000	1.390831
56.714000	1.274318
56.716000	0.670090
56.718000	1.742083
56.720000	0.985073
56.722000	0.760156
56.724000	0.115745
56.726000	0.057947
56.728000	-0.946496
56.730000	-0.467899
56.732000	-0.796378
56.734000	-0.870208
56.736000	-0.988987
56.738000	-0.902008
56.740000	-0.906232
56.742000	-0.614912
56.744000	-1.019848
56.746000	-1.178819
56.748000	-0.438046
56.750000	-0.331229
56.752000	-0.479994
56.754000	-0.577606
56.756000	-0.068844
56.758000	0.125283
56.760000	-0.571589
56.762000	0.163941
56.764000	-0.345833
56.766000	-0.394898
56.768000	-0.220613
56.770000	0.528254
56.772000	0.280440
56.774000	-0.427156
56.776000	-0.218333
56.778000	-0.299709
56.780000	-0.364821
56.782000	-0.133445
56.784000	0.045839
56.786000	0.185233
56.788000	-0.388313
56.790000	-0.024623
56.792000	0.139474
56.794000	0.563301
56.796000	-0.395619
56.798000	-0.214696
56.800000	-0.226203
56.802000	-0.170994
56.804000	0.037354
56.806000	-0.022646
56.808000	-0.245123
56.810000	-0.325988
56.812000	-0.008703
56.814000	-0.069516
56.816000	-0.013090
56.818000	-0.140450
56.820000	0.330511
56.822000	0.008470
56.824000	-0.293737
56.826000	-0.073625
56.828000	-0.177227
56.830000	-0.183233
56.832000	-0.043095
56.834000	-0.070214
56.836000	-0.201788
56.838000	-0.179458
56.840000	-0.196295
56.842000	-0.109139
56.844000	0.075516
56.846000	-0.206892
56.848000	-0.076265
56.850000	-0.032334
56.852000	0.001464
56.854000	-0.118896
56.856000	0.063051
56.858000	-0.019976
56.860000	-0.092733
56.862000	0.095896
56.864000	-0.334602
56.866000	-0.088617
56.868000	-0.174951
56.870000	-0.247521
56.872000	-0.048101
56.874000	-0.028676
56.876000	0.014171
56.878000	0.059370
56.880000	-0.016411
56.882000	0.068544
56.884000	0.114240
56.886000	-0.093499
56.888000	-0.085915
56.890000	-0.084309
56.892000	0.050687
56.894000	-0.148484
56.896000	-0.010147
56.898000	-0.102311
56.900000	0.005628
56.902000	-0.008952
56.904000	-0.007126
56.906000	0.011023
56.908000	0.204734
56.910000	-0.015808
56.912000	0.180825
56.914000	-0.014090
56.916000	-0.012175
56.918000	0.245900
56.920000	0.058090
56.922000	-0.038546
56.924000	-0.044008
56.926000	0.082407
56.928000	-0.010596
56.930000	0.066798
56.932000	0.178933
56.934000	0.110479
56.936000	-0.085472
56.938000	0.107254
56.940000	-0.026000
56.942000	0.175901
56.944000	0.108695
56.946000	0.215842
56.948000	0.091081
56.950000	0.062336
56.952000	-0.027461
56.954000	0.223047
56.956000	0.176691
56.958000	0.253039
56.960000	0.156111
56.962000	0.078829
56.964000	-0.083400
56.966000	0.257481
56.968000	0.142169
56.970000	0.144713
56.972000	-0.010366
56.974000	0.146834
56.976000	0.264931
56.978000	0.158492
56.980000	0.199143
56.982000	0.085705
56.984000	0.226645
56.986000	0.193522
56.988000	0.070129
56.990000	0.075842
56.992000	0.235447
56.994000	0.074748
56.996000	0.118140
56.998000	0.155862
57.000000	0.384011
57.002000	0.082093
57.004000	0.199243
57.006000	0.133455
57.008000	0.158636
57.010000	0.171508
57.012000	0.251714
57.014000	0.125527
57.016000	0.223979
57.018000	0.130004
57.020000	0.109183
57.022000	0.201184
57.024000	0.029390
57.026000	0.151486
57.028000	0.148775
57.030000	0.120232
57.032000	0.137130
57.034000	-0.024417
57.036000	0.002804
57.038000	0.034885
57.040000	0.030122
57.042000	-0.106787
57.044000	-0.091791
57.046000	-0.066283
57.048000	-0.091904
57.050000	-0.198702
57.052000	-0.183827
57.054000	-0.288283
57.056000	-0.056470
57.058000	-0.199143
57.060000	-0.056277
57.062000	-0.099678
57.064000	-0.284442
57.066000	-0.183900
57.068000	-0.379414
57.070000	-0.083430
57.072000	-0.307918
57.074000	-0.153186
57.076000	-0.207814
57.078000	-0.058515
57.080000	-0.299235
57.082000	-0.191589
57.084000	-0.310877
57.086000	-0.223286
57.088000	-0.320369
57.090000	-0.281284
57.092000	-0.170496
57.094000	-0.215512
57.096000	-0.471420
57.098000	-0.210246
57.100000	-0.199573
57.102000	-0.250016
57.104000	-0.105837
57.106000	-0.101658
57.108000	-0.198509
57.110000	-0.137591
57.112000	-0.159848
57.114000	-0.212986
57.116000	-0.151041
57.118000	0.018236
57.120000	-0.013878
57.122000	-0.356606
57.124000	-0.188222
57.126000	-0.282656
57.128000	-0.091498
57.130000	-0.011315
57.132000	-0.217469
57.134000	-0.055067
57.136000	-0.159772
57.138000	-0.115185
57.140000	-0.101737
57.142000	0.036715
57.144000	0.091255
57.146000	-0.106074
57.148000	-0.121076
57.150000	-0.033260
57.152000	-0.062582
57.154000	-0.195208
57.156000	-0.060687
57.158000	-0.194957
57.160000	-0.080289
57.162000	-0.338097
57.164000	-0.055732
57.166000	-0.071347
57.168000	-0.046811
57.170000	-0.097490
57.172000	-0.033298
57.174000	0.005976
57.176000	-0.086993
57.178000	0.081444
57.180000	-0.127336
57.182000	0.003514
57.184000	0.137066
57.186000	-0.124619
57.188000	-0.223263
57.190000	-0.073021
57.192000	-0.088371
57.194000	0.013856
57.196000	-0.033379
57.198000	-0.115068
57.200000	0.182001
57.202000	-0.055563
57.204000	-0.105842
57.206000	-0.119227
57.208000	-0.185124
57.210000	0.078401
57.212000	-0.096420
57.214000	0.027699
57.216000	-0.063348
57.218000	-0.090572
57.220000	0.015689
57.222000	-0.035254
57.224000	-0.192515
57.226000	-0.142852
57.228000	-0.022541
57.230000	-0.080614
57.232000	-0.130976
57.234000	-0.075404
57.236000	-0.019840
57.238000	0.046259
57.240000	0.097882
57.242000	0.022037
57.244000	-0.075938
57.246000	-0.336425
57.248000	0.041793
57.250000	0.089189
57.252000	0.004670
57.254000	0.166708
57.256000	-0.025005
57.258000	-0.222029
57.260000	-0.184702
57.262000	0.033419
57.264000	-0.104667
57.266000	-0.183638
57.268000	0.039580
57.270000	-0.029117
57.272000	0.020373
57.274000	-0.005556
57.276000	0.181639
57.278000	0.117694
57.280000	0.074903
57.282000	-0.049548
57.284000	-0.089744
57.286000	0.181691
57.288000	-0.131412
57.290000	0.017592
57.292000	0.008874
57.294000	-0.141747
57.296000	0.178126
57.298000	-0.119169
57.300000	0.237981
57.302000	-0.121370
57.304000	-0.117164
57.306000	-0.065231
57.308000	0.140643
57.310000	0.130697
57.312000	-0.152953
57.314000	0.019664
57.316000	-0.031435
57.318000	0.003181
57.320000	-0.107782
57.322000	-0.022854
57.324000	-0.068967
57.326000	-0.019040
57.328000	0.008959
57.330000	0.076139
57.332000	0.025881
57.334000	-0.082531
57.336000	0.187217
57.338000	-0.008151
57.340000	0.177642
57.342000	0.071755
57.344000	-0.024405
57.346000	-0.130001
57.348000	-0.182946
57.350000	-0.049144
57.352000	-0.190697
57.354000	-0.226026
57.356000	-0.216418
57.358000	-0.129283
57.360000	0.065747
57.362000	-0.223688
57.364000	-0.130472
57.366000	-0.225586
57.368000	-0.172496
57.370000	-0.289072
57.372000	-0.080733
57.374000	0.028354
57.376000	-0.226225
57.378000	-0.163012
57.380000	-0.132903
57.382000	-0.184050
57.384000	-0.254414
57.386000	-0.067533
57.388000	-0.085305
57.390000	-0.150371
57.392000	-0.192934
57.394000	0.010364
57.396000	-0.107917
57.398000	0.087733
57.400000	-0.153081
57.402000	-0.280693
57.404000	-0.090104
57.406000	-0.187034
57.408000	-0.034015
57.410000	-0.289803
57.412000	-0.098818
57.414000	-0.160795
57.416000	-0.184443
57.418000	-0.326249
57.420000	-0.234393
57.422000	-0.236432
57.424000	-0.116697
57.426000	-0.171565
57.428000	0.021904
57.430000	0.104852
57.432000	-0.172164
57.434000	-0.161652
57.436000	-0.315671
57.438000	-0.263188
57.440000	-0.105807
57.442000	-0.107992
57.444000	-0.218539
57.446000	-0.083825
57.448000	-0.378887
57.450000	-0.167060
57.452000	-0.122971
57.454000	-0.200773
57.456000	-0.072525
57.458000	-0.135571
57.460000	-0.082701
57.462000	-0.071799
57.464000	-0.369175
57.466000	-0.173004
57.468000	-0.107365
57.470000	-0.129873
57.472000	-0.246463
57.474000	-0.124455
57.476000	-0.337693
57.478000	-0.211462
57.480000	-0.189092
57.482000	-0.251341
57.484000	-0.170799
57.486000	-0.171424
57.488000	-0.014334
57.490000	-0.004152
57.492000	-0.181025
57.494000	-0.131363
57.496000	-0.211736
57.498000	-0.307496
57.500000	-0.340693
57.502000	-0.122914
57.504000	-0.212661
57.506000	-0.055668
57.508000	-0.192606
57.510000	-0.168740
57.512000	-0.170113
57.514000	0.097089
57.516000	-0.205101
57.518000	-0.153199
57.520000	-0.221435
57.522000	-0.263483
57.524000	-0.358455
57.526000	-0.092302
57.528000	0.022717
57.530000	-0.173887
57.532000	-0.192343
57.534000	-0.158991
57.536000	-0.245830
57.538000	-0.130725
57.540000	0.015666
57.542000	-0.331200
57.544000	-0.128918
57.546000	-0.035652
57.548000	-0.157108
57.550000	-0.273084
57.552000	-0.039992
57.554000	0.028983
57.556000	-0.242482
57.558000	-0.085697
57.560000	-0.167164
57.562000	-0.102922
57.564000	-0.155939
57.566000	-0.199712
57.568000	-0.174242
57.570000	-0.115515
57.572000	-0.202178
57.574000	-0.157786
57.576000	-0.145719
57.578000	-0.158561
57.580000	-0.140312
57.582000	-0.228848
57.584000	0.042759
57.586000	-0.313763
57.588000	0.094364
57.590000	-0.338171
57.592000	-0.214177
57.594000	-0.155588
57.596000	-0.084964
57.598000	0.106027
57.600000	-0.272071
57.602000	-0.182639
57.604000	-0.378147
57.606000	-0.244304
57.608000	-0.191247
57.610000	-0.145350
57.612000	-0.145176
57.614000	0.005502
57.616000	-0.031120
57.618000	-0.036247
57.620000	-0.241953
57.622000	-0.033412
57.624000	-0.065679
57.626000	0.112217
57.628000	0.010191
57.630000	0.028648
57.632000	-0.068846
57.634000	-0.156427
57.636000	0.044579
57.638000	0.004664
57.640000	0.219645
57.642000	-0.092803
57.644000	-0.138845
57.646000	-0.065132
57.648000	0.061443
57.650000	0.121602
57.652000	-0.071003
57.654000	0.005295
57.656000	0.018092
57.658000	-0.074486
57.660000	-0.033588
57.662000	0.036358
57.664000	-0.038522
57.666000	-0.007231
57.668000	-0.130051
57.670000	-0.202191
57.672000	-0.176932
57.674000	-0.064206
57.676000	-0.050289
57.678000	-0.119097
57.680000	-0.238694
57.682000	0.108716
57.684000	0.068864
57.686000	0.117846
57.688000	-0.051155
57.690000	0.106531
57.692000	-0.128026
57.694000	0.064213
57.696000	0.143113
57.698000	-0.060201
57.700000	0.094385
57.702000	0.066032
57.704000	-0.133202
57.706000	-0.086837
57.708000	-0.079019
57.710000	-0.111239
57.712000	-0.081230
57.714000	0.005169
57.716000	-0.093316
57.718000	0.000365
57.720000	0.001978
57.722000	-0.039506
57.724000	-0.184152
57.726000	0.027952
57.728000	-0.066464
57.730000	-0.134227
57.732000	0.059893
57.734000	-0.122150
57.736000	-0.159847
57.738000	-0.218088
57.740000	-0.286378
57.742000	-0.170004
57.744000	-0.162009
57.746000	0.047349
57.748000	-0.070586
57.750000	-0.108916
57.752000	-0.046656
57.754000	-0.050171
57.756000	0.026318
57.758000	-0.037786
57.760000	-0.206339
57.762000	-0.054557
57.764000	-0.099049
57.766000	0.026205
57.768000	0.014196
57.770000	-0.018893
57.772000	-0.052170
57.774000	-0.135395
57.776000	0.021491
57.778000	-0.042440
57.780000	-0.103383
57.782000	-0.007483
57.784000	0.136125
57.786000	-0.159278
57.788000	-0.100774
57.790000	-0.035553
57.792000	-0.220754
57.794000	-0.118255
57.796000	-0.075561
57.798000	-0.118517
57.800000	-0.056118
57.802000	0.135691
57.804000	-0.326941
57.806000	-0.002533
57.808000	-0.005028
57.810000	-0.045416
57.812000	-0.173649
57.814000	-0.102556
57.816000	-0.264707
57.818000	-0.103577
57.820000	-0.053547
57.822000	-0.027565
57.824000	-0.162741
57.826000	-0.028143
57.828000	0.071501
57.830000	-0.002664
57.832000	-0.277118
57.834000	-0.109050
57.836000	-0.111967
57.838000	-0.118631
57.840000	-0.244574
57.842000	-0.184230
57.844000	-0.101182
57.846000	-0.184461
57.848000	0.069199
57.850000	-0.007859
57.852000	-0.052053
57.854000	0.146705
57.856000	-0.225861
57.858000	-0.248537
57.860000	0.142106
57.862000	-0.425156
57.864000	0.329281
57.866000	0.836540
57.868000	0.935095
57.870000	1.059235
57.872000	1.434378
57.874000	1.502626
57.876000	1.944812
57.878000	2.359264
57.880000	1.557271
57.882000	1.927968
57.884000	1.876076
57.886000	0.850393
57.888000	1.270436
57.890000	0.309232
57.892000	0.752822
57.894000	0.361865
57.896000	0.110851
57.898000	-0.308714
57.900000	-0.573610
57.902000	-0.017295
57.904000	-0.412389
57.906000	-0.296938
57.908000	-0.345398
57.910000	-0.684217
57.912000	0.144213
57.914000	0.317869
57.916000	-0.672393
57.918000	-0.151391
57.920000	-0.088876
57.922000	0.222217
57.924000	-0.094871
57.926000	0.217992
57.928000	-0.013204
57.930000	0.673882
57.932000	-0.163700
57.934000	-0.097134
57.936000	-0.221630
57.938000	-0.375365
57.940000	0.088508
57.942000	-0.896484
57.944000	0.241326
57.946000	0.068944
57.948000	0.371617
57.950000	0.374127
57.952000	-0.033851
57.954000	-0.307962
57.956000	0.159486
57.958000	0.223241
57.960000	0.396344
57.962000	-0.047593
57.964000	0.164907
57.966000	-0.177374
57.968000	-0.237095
57.970000	0.280205
57.972000	-0.473062
57.974000	-0.010296
57.976000	0.638615
57.978000	0.273431
57.980000	-0.471778
57.982000	-0.091276
57.984000	-0.083656
57.986000	0.646136
57.988000	0.781744
57.990000	-0.090786
57.992000	0.176242
57.994000	0.442297
57.996000	0.251338
57.998000	-0.241945
58.000000	0.056118
58.002000	0.245559
58.004000	0.422926
58.006000	0.625568
58.008000	0.186794
58.010000	0.361470
58.012000	0.590318
58.014000	0.289031
58.016000	0.157026
58.018000	0.005730
58.020000	0.342630
58.022000	0.290137
58.024000	-0.737462
58.026000	-0.010988
58.028000	-0.485855
58.030000	0.722280
58.032000	0.123060
58.034000	0.471317
58.036000	0.135529
58.038000	0.501821
58.040000	0.035135
58.042000	-0.065180
58.044000	0.044645
58.046000	-0.039524
58.048000	0.309917
58.050000	0.117904
58.052000	0.107938
58.054000	0.218746
58.056000	0.100675
58.058000	0.146412
58.060000	0.029818
58.062000	0.197803
58.064000	-0.361497
58.066000	-0.028946
58.068000	0.352169
58.070000	0.386349
58.072000	0.301901
58.074000	0.575954
58.076000	0.142781
58.078000	0.191838
58.080000	-0.034443
58.082000	0.669846
58.084000	0.202471
58.086000	-0.108137
58.088000	0.323843
58.090000	0.498275
58.092000	0.607590
58.094000	0.402250
58.096000	-0.147581
58.098000	-0.078033
58.100000	-0.535278
58.102000	-0.280682
58.104000	0.459768
58.106000	-0.093412
58.108000	0.343630
58.110000	0.456585
58.112000	0.739396
58.114000	0.235018
58.116000	0.667483
58.118000	0.393572
58.120000	0.729549
58.122000	-0.135401
58.124000	0.297670
58.126000	-0.107436
58.128000	-0.097909
58.130000	-0.018821
58.132000	0.347321
58.134000	0.059413
58.136000	0.594514
58.138000	0.432546
58.140000	0.118726
58.142000	-0.025066
58.144000	0.051244
58.146000	0.560406
58.148000	0.187784
58.150000	0.027807
58.152000	0.130789
58.154000	0.956015
58.156000	0.333450
58.158000	0.074698
58.160000	0.611088
58.162000	-0.090281
58.164000	0.064954
58.166000	0.528162
58.168000	-0.058420
58.170000	0.437237
58.172000	-0.157737
58.174000	-0.229728
58.176000	0.290924
58.178000	0.160007
58.180000	0.557066
58.182000	0.011987
58.184000	0.033401
58.186000	0.232394
58.188000	-0.092966
58.190000	0.003659
58.192000	0.284416
58.194000	0.038920
58.196000	0.157620
58.198000	-0.207091
58.200000	0.119239
58.202000	-0.276337
58.204000	-0.249472
58.206000	-0.171931
58.208000	-0.615977
58.210000	-0.131412
58.212000	-0.294011
58.214000	-0.259101
58.216000	0.501757
58.218000	-0.554478
58.220000	0.357390
58.222000	0.229702
58.224000	-0.163853
58.226000	-0.193197
58.228000	-0.401533
58.230000	-0.580400
58.232000	0.051980
58.234000	-0.156059
58.236000	-0.105230
58.238000	-0.276389
58.240000	0.205414
58.242000	-0.532173
58.244000	-0.035631
58.246000	-0.383150
58.248000	0.164121
58.250000	0.106508
58.252000	0.049185
58.254000	-0.231017
58.256000	-0.287862
58.258000	-0.087478
58.260000	-0.027344
58.262000	-0.026413
58.264000	-0.307679
58.266000	0.163667
58.268000	-0.150323
58.270000	0.393387
58.272000	0.197178
58.274000	-0.023012
58.276000	-0.466885
58.278000	-0.463166
58.280000	-0.672397
58.282000	0.155958
58.284000	-0.093472
58.286000	0.307670
58.288000	-0.184551
58.290000	0.083683
58.292000	-0.318433
58.294000	-0.099532
58.296000	-0.280373
58.298000	0.493894
58.300000	0.079158
58.302000	-0.064010
58.304000	0.047267
58.306000	0.153069
58.308000	-0.410772
58.310000	0.055355
58.312000	-0.243446
58.314000	-0.430416
58.316000	0.320673
58.318000	0.048913
58.320000	0.244462
58.322000	-0.375954
58.324000	0.057358
58.326000	-0.171248
58.328000	-0.247402
58.330000	-0.421159
58.332000	-0.145733
58.334000	-0.159681
58.336000	0.235941
58.338000	-0.375859
58.340000	-0.281126
58.342000	-0.261526
58.344000	0.251584
58.346000	0.099975
58.348000	0.270273
58.350000	0.171977
58.352000	0.070582
58.354000	0.588672
58.356000	-0.507928
58.358000	0.273086
58.360000	-0.262102
58.362000	0.143762
58.364000	-0.043851
58.366000	-0.466297
58.368000	-0.022703
58.370000	-0.098045
58.372000	-0.137466
58.374000	-0.057318
58.376000	-0.096160
58.378000	-0.153715
58.380000	-0.162348
58.382000	-0.111584
58.384000	-0.001783
58.386000	-0.159241
58.388000	-0.093938
58.390000	-0.153688
58.392000	-0.078150
58.394000	-0.157461
58.396000	-0.084400
58.398000	0.058844
58.400000	-0.117047
58.402000	-0.066460
58.404000	-0.017619
58.406000	-0.098904
58.408000	-0.170135
58.410000	-0.048493
58.412000	-0.023249
58.414000	-0.072380
58.416000	-0.069456
58.418000	0.023367
58.420000	-0.019842
58.422000	0.019295
58.424000	-0.024759
58.426000	-0.105420
58.428000	-0.030570
58.430000	-0.089404
58.432000	0.018248
58.434000	-0.140764
58.436000	-0.048359
58.438000	-0.062033
58.440000	-0.091539
58.442000	-0.133052
58.444000	-0.059456
58.446000	-0.109499
58.448000	-0.018530
58.450000	-0.083631
58.452000	0.001163
58.454000	0.046069
58.456000	-0.067124
58.458000	-0.081999
58.460000	-0.118332
58.462000	-0.116379
58.464000	-0.047450
58.466000	-0.013797
58.468000	-0.128555
58.470000	-0.041627
58.472000	-0.169214
58.474000	-0.107093
58.476000	-0.072650
58.478000	-0.054685
58.480000	-0.053252
58.482000	-0.076914
58.484000	-0.097899
58.486000	-0.035240
58.488000	-0.211393
58.490000	-0.093855
58.492000	-0.056229
58.494000	-0.081743
58.496000	-0.083605
58.498000	-0.130911
58.500000	-0.211337
58.502000	-0.076619
58.504000	-0.144471
58.506000	-0.170834
58.508000	-0.132239
58.510000	-0.086936
58.512000	-0.002547
58.514000	0.030809
58.516000	-0.119086
58.518000	-0.096488
58.520000	-0.156126
58.522000	-0.184762
58.524000	-0.192019
58.526000	-0.071142
58.528000	-0.160194
58.530000	-0.065304
58.532000	-0.130716
58.534000	-0.104712
58.536000	-0.142894
58.538000	-0.000030
58.540000	-0.098774
58.542000	-0.126947
58.544000	-0.106418
58.546000	-0.152896
58.548000	-0.167752
58.550000	-0.092794
58.552000	-0.053976
58.554000	-0.112521
58.556000	-0.145377
58.558000	-0.133583
58.560000	-0.166378
58.562000	-0.098013
58.564000	-0.037924
58.566000	-0.201274
58.568000	-0.088739
58.570000	-0.011542
58.572000	-0.152863
58.574000	-0.160905
58.576000	-0.066602
58.578000	-0.015952
58.580000	-0.171831
58.582000	-0.097058
58.584000	-0.141630
58.586000	-0.114154
58.588000	-0.112107
58.590000	-0.114750
58.592000	-0.076079
58.594000	-0.120525
58.596000	-0.079472
58.598000	-0.080446
58.600000	-0.125139
58.602000	-0.059464
58.604000	-0.055313
58.606000	-0.135611
58.608000	0.014521
58.610000	-0.115325
58.612000	0.067478
58.614000	-0.149953
58.616000	-0.144636
58.618000	-0.065491
58.620000	-0.088440
58.622000	0.032825
58.624000	-0.139561
58.626000	-0.090873
58.628000	-0.162152
58.630000	-0.145739
58.632000	-0.154887
58.634000	-0.025757
58.636000	-0.115835
58.638000	0.009021
58.640000	-0.037950
58.642000	-0.019900
58.644000	-0.162173
58.646000	-0.058805
58.648000	-0.091113
58.650000	-0.023935
58.652000	-0.050477
58.654000	-0.001863
58.656000	-0.053250
58.658000	-0.119005
58.660000	0.001280
58.662000	-0.043331
58.664000	0.037055
58.666000	-0.125316
58.668000	-0.097929
58.670000	-0.024402
58.672000	-0.003126
58.674000	0.029589
58.676000	-0.048086
58.678000	-0.064199
58.680000	0.003563
58.682000	-0.103915
58.684000	-0.081498
58.686000	-0.022201
58.688000	-0.120875
58.690000	-0.039442
58.692000	-0.139291
58.694000	-0.145591
58.696000	-0.139604
58.698000	-0.119517
58.700000	-0.037328
58.702000	-0.117758
58.704000	-0.168614
58.706000	0.000603
58.708000	-0.008558
58.710000	0.035459
58.712000	-0.103207
58.714000	0.014338
58.716000	-0.127740
58.718000	0.002843
58.720000	0.055785
58.722000	-0.083728
58.724000	0.007607
58.726000	0.007775
58.728000	-0.121738
58.730000	-0.033589
58.732000	-0.054499
58.734000	-0.071730
58.736000	-0.047769
58.738000	-0.003962
58.740000	-0.038782
58.742000	-0.007634
58.744000	0.007313
58.746000	0.044252
58.748000	-0.072256
58.750000	-0.003748
58.752000	-0.050181
58.754000	-0.063743
58.756000	0.060352
58.758000	-0.122751
58.760000	-0.143413
58.762000	-0.136293
58.764000	-0.162625
58.766000	-0.145392
58.768000	-0.099866
58.770000	-0.047134
58.772000	-0.028840
58.774000	-0.062199
58.776000	-0.037336
58.778000	-0.049384
58.780000	0.038490
58.782000	-0.057471
58.784000	-0.122947
58.786000	-0.058343
58.788000	-0.038782
58.790000	-0.031740
58.792000	0.040871
58.794000	-0.023277
58.796000	-0.008364
58.798000	-0.049641
58.800000	0.017403
58.802000	-0.040288
58.804000	-0.025218
58.806000	-0.015897
58.808000	0.105709
58.810000	-0.093766
58.812000	-0.021897
58.814000	0.025087
58.816000	-0.092834
58.818000	-0.064257
58.820000	-0.017899
58.822000	-0.041850
58.824000	-0.015461
58.826000	0.130909
58.828000	-0.128781
58.830000	0.033074
58.832000	0.030066
58.834000	-0.000860
58.836000	-0.066687
58.838000	-0.031984
58.840000	-0.114579
58.842000	-0.031571
58.844000	-0.003247
58.846000	0.017201
58.848000	-0.052159
58.850000	0.073355
58.852000	0.035156
58.854000	0.049407
58.856000	-0.106507
58.858000	-0.025344
58.860000	0.040715
58.862000	0.066513
58.864000	0.012756
58.866000	0.018292
58.868000	0.108949
58.870000	-0.020174
58.872000	0.116392
58.874000	0.031765
58.876000	0.018316
58.878000	0.053991
58.880000	0.096969
58.882000	0.192918
58.884000	-0.053705
58.886000	-0.462947
58.888000	-0.258475
58.890000	-0.055927
58.892000	-0.710418
58.894000	0.154629
58.896000	-0.364414
58.898000	0.246084
58.900000	-0.064170
58.902000	0.167527
58.904000	-0.077853
58.906000	0.305074
58.908000	-0.201892
58.910000	-0.561331
58.912000	0.067671
58.914000	-0.473550
58.916000	0.245442
58.918000	0.400779
58.920000	-0.411066
58.922000	-0.361584
58.924000	0.293786
58.926000	0.420154
58.928000	-0.260062
58.930000	-0.175608
58.932000	0.594998
58.934000	-0.082117
58.936000	-0.075757
58.938000	0.427837
58.940000	-0.083397
58.942000	0.243972
58.944000	-0.261078
58.946000	-0.115636
58.948000	-0.218707
58.950000	0.102066
58.952000	-0.158188
58.954000	0.166563
58.956000	-0.590159
58.958000	-0.148124
58.960000	0.375404
58.962000	-0.609474
58.964000	-0.108008
58.966000	-0.644006
58.968000	-0.163178
58.970000	0.191956
58.972000	0.490167
58.974000	-0.003215
58.976000	0.132953
58.978000	-0.070311
58.980000	-0.000253
58.982000	0.152914
58.984000	0.101850
58.986000	-0.386749
58.988000	0.175270
58.990000	-0.347581
58.992000	-0.187883
58.994000	-0.339021
58.996000	0.105101
58.998000	-0.363065
59.000000	0.112486
59.002000	-0.629639
59.004000	0.135319
59.006000	-0.358479
59.008000	0.358799
59.010000	0.073480
59.012000	0.020118
59.014000	0.120796
59.016000	0.143968
59.018000	0.032695
59.020000	-0.036354
59.022000	0.063037
59.024000	-0.379997
59.026000	-0.035174
59.028000	0.081932
59.030000	-0.024299
59.032000	0.091583
59.034000	0.011516
59.036000	0.245463
59.038000	-0.316120
59.040000	-0.264195
59.042000	0.188373
59.044000	-0.552309
59.046000	-0.188794
59.048000	-0.223938
59.050000	-0.212720
59.052000	0.070904
59.054000	0.268856
59.056000	-0.426809
59.058000	0.310900
59.060000	-0.167421
59.062000	0.056443
59.064000	0.391712
59.066000	0.194297
59.068000	-0.128728
59.070000	0.112180
59.072000	0.336167
59.074000	-0.071352
59.076000	0.442812
59.078000	0.345640
59.080000	0.038257
59.082000	0.227542
59.084000	-0.168797
59.086000	0.265988
59.088000	0.055885
59.090000	-0.364948
59.092000	0.000563
59.094000	0.107995
59.096000	0.282220
59.098000	-0.255847
59.100000	-0.082797
59.102000	0.113398
59.104000	-0.118093
59.106000	0.485906
59.108000	-0.189363
59.110000	0.246706
59.112000	0.299549
59.114000	-0.112307
59.116000	-0.175998
59.118000	0.270882
59.120000	0.387919
59.122000	0.125350
59.124000	0.394938
59.126000	0.002484
59.128000	0.193470
59.130000	0.135114
59.132000	0.205214
59.134000	0.122844
59.136000	0.283319
59.138000	0.466448
59.140000	-0.073811
59.142000	0.244621
59.144000	-0.080562
59.146000	0.083459
59.148000	0.120386
59.150000	0.051615
59.152000	0.158951
59.154000	0.150052
59.156000	0.565806
59.158000	1.026302
59.160000	1.041393
59.162000	1.085588
59.164000	1.523777
59.166000	1.610033
59.168000	1.319238
59.170000	1.392167
59.172000	1.325578
59.174000	1.083222
59.176000	1.032261
59.178000	1.140749
59.180000	0.619788
59.182000	0.021781
59.184000	-0.392072
59.186000	-0.404454
59.188000	-0.538904
59.190000	-1.075179
59.192000	-1.213524
59.194000	-0.604039
59.196000	-0.721089
59.198000	-0.938712
59.200000	-0.366280
59.202000	-0.469061
59.204000	-0.801036
59.206000	-0.529163
59.208000	-0.054311
59.210000	-0.191770
59.212000	-0.317433
59.214000	0.276424
59.216000	-0.005293
59.218000	-0.242919
59.220000	-0.397125
59.222000	-0.357261
59.224000	-0.308979
59.226000	0.050732
59.228000	-0.078436
59.230000	-0.297523
59.232000	-0.031653
59.234000	-0.089569
59.236000	-0.087118
59.238000	-0.323817
59.240000	-0.130062
59.242000	0.016763
59.244000	0.120037
59.246000	-0.067464
59.248000	-0.564975
59.250000	-0.434866
59.252000	0.051480
59.254000	-0.139556
59.256000	0.565798
59.258000	-0.173870
59.260000	0.311703
59.262000	0.166227
59.264000	0.374495
59.266000	-0.008017
59.268000	-0.222810
59.270000	0.156906
59.272000	0.006171
59.274000	-0.577590
59.276000	-0.216395
59.278000	-0.276108
59.280000	-0.083078
59.282000	-0.481019
59.284000	0.056808
59.286000	-0.059851
59.288000	-0.267032
59.290000	0.112652
59.292000	-0.303602
59.294000	0.038324
59.296000	-0.254851
59.298000	0.307897
59.300000	0.464491
59.302000	-0.454194
59.304000	0.042223
59.306000	-0.205164
59.308000	-0.282606
59.310000	-0.174020
59.312000	0.246555
59.314000	0.146286
59.316000	-0.451913
59.318000	-0.413299
59.320000	-0.154331
59.322000	0.632468
59.324000	-0.150070
59.326000	0.564134
59.328000	0.039155
59.330000	0.033678
59.332000	-0.542110
59.334000	-0.428518
59.336000	0.165408
59.338000	0.380420
59.340000	-0.461789
59.342000	-0.084324
59.344000	-0.025378
59.346000	0.604006
59.348000	-0.153014
59.350000	0.340038
59.352000	-0.352077
59.354000	-0.418413
59.356000	-0.749414
59.358000	0.060697
59.360000	0.149688
59.362000	-0.026690
59.364000	0.098452
59.366000	-0.197634
59.368000	0.042110
59.370000	-0.104624
59.372000	-0.356491
59.374000	0.069022
59.376000	-0.479111
59.378000	-0.346810
59.380000	0.254489
59.382000	0.452497
59.384000	0.088853
59.386000	-0.165209
59.388000	-0.071477
59.390000	-0.255648
59.392000	-0.030305
59.394000	0.259808
59.396000	0.127040
59.398000	-0.023642
59.400000	0.112196
59.402000	0.205692
59.404000	0.065478
59.406000	0.306154
59.408000	0.085634
59.410000	0.070088
59.412000	0.155052
59.414000	-0.002010
59.416000	0.186479
59.418000	0.141338
59.420000	0.068974
59.422000	0.201060
59.424000	0.061698
59.426000	0.233903
59.428000	0.289949
59.430000	0.064994
59.432000	0.157333
59.434000	0.051425
59.436000	0.134427
59.438000	0.191686
59.440000	0.252160
59.442000	0.399255
59.444000	0.150208
59.446000	0.147825
59.448000	0.369389
59.450000	0.302075
59.452000	0.129870
59.454000	0.290609
59.456000	0.373768
59.458000	0.274721
59.460000	0.338921
59.462000	0.116607
59.464000	0.170808
59.466000	0.160861
59.468000	0.345687
59.470000	0.103883
59.472000	0.077015
59.474000	0.267487
59.476000	0.212747
59.478000	-0.007515
59.480000	0.262622
59.482000	0.056114
59.484000	0.289911
59.486000	0.296836
59.488000	0.148130
59.490000	0.171057
59.492000	0.076265
59.494000	0.026336
59.496000	0.085716
59.498000	-0.003805
59.500000	0.095216
59.502000	-0.006235
59.504000	-0.138349
59.506000	-0.010824
59.508000	-0.136886
59.510000	0.044767
59.512000	-0.140895
59.514000	0.006098
59.516000	-0.122730
59.518000	-0.076279
59.520000	-0.038267
59.522000	0.018135
59.524000	-0.152102
59.526000	-0.028094
59.528000	-0.164340
59.530000	-0.302663
59.532000	-0.190628
59.534000	-0.293832
59.536000	-0.115089
59.538000	0.003987
59.540000	-0.154992
59.542000	-0.155739
59.544000	-0.400505
59.546000	-0.313535
59.548000	-0.303464
59.550000	0.007050
59.552000	-0.309030
59.554000	-0.207650
59.556000	-0.193278
59.558000	-0.100368
59.560000	-0.351003
59.562000	-0.292314
59.564000	-0.296612
59.566000	-0.148992
59.568000	0.015551
59.570000	-0.285336
59.572000	-0.111495
59.574000	-0.111330
59.576000	-0.258763
59.578000	-0.288002
59.580000	-0.286221
59.582000	-0.300357
59.584000	-0.095483
59.586000	-0.100124
59.588000	-0.275868
59.590000	-0.251835
59.592000	-0.234074
59.594000	-0.163378
59.596000	-0.391705
59.598000	-0.236521
59.600000	-0.064422
59.602000	-0.233538
59.604000	-0.083832
59.606000	-0.341175
59.608000	-0.213733
59.610000	-0.285854
59.612000	-0.229155
59.614000	-0.368222
59.616000	0.002365
59.618000	-0.370696
59.620000	-0.368790
59.622000	-0.246474
59.624000	-0.218023
59.626000	-0.109859
59.628000	-0.129489
59.630000	-0.024415
59.632000	-0.096593
59.634000	0.009006
59.636000	-0.206182
59.638000	-0.185589
59.640000	-0.135759
59.642000	-0.031922
59.644000	-0.171759
59.646000	0.086923
59.648000	-0.175746
59.650000	-0.166548
59.652000	-0.033880
59.654000	-0.048489
59.656000	-0.240736
59.658000	-0.073118
59.660000	-0.032153
59.662000	0.120719
59.664000	-0.072646
59.666000	-0.124941
59.668000	-0.005369
59.670000	-0.209514
59.672000	-0.184042
59.674000	-0.213756
59.676000	-0.023416
59.678000	-0.248284
59.680000	0.057851
59.682000	-0.060494
59.684000	-0.111219
59.686000	-0.058534
59.688000	-0.148895
59.690000	-0.020005
59.692000	-0.068255
59.694000	0.048195
59.696000	-0.033715
59.698000	-0.005233
59.700000	0.040285
59.702000	-0.045778
59.704000	-0.049649
59.706000	-0.223483
59.708000	-0.120157
59.710000	-0.085927
59.712000	-0.129207
59.714000	-0.010290
59.716000	0.002794
59.718000	-0.019692
59.720000	-0.148924
59.722000	-0.013674
59.724000	-0.017167
59.726000	-0.143308
59.728000	-0.137985
59.730000	-0.017812
59.732000	-0.051280
59.734000	0.176408
59.736000	-0.161153
59.738000	-0.124866
59.740000	-0.185199
59.742000	-0.128397
59.744000	-0.078046
59.746000	-0.162239
59.748000	-0.041659
59.750000	-0.096090
59.752000	-0.081964
59.754000	0.025589
59.756000	0.084612
59.758000	-0.017357
59.760000	0.020362
59.762000	-0.018674
59.764000	-0.050566
59.766000	-0.071436
59.768000	0.058552
59.770000	0.034249
59.772000	-0.081675
59.774000	-0.152360
59.776000	-0.058611
59.778000	-0.117755
59.780000	0.064168
59.782000	-0.017781
59.784000	-0.072519
59.786000	-0.163220
59.788000	-0.119493
59.790000	-0.119962
59.792000	-0.028635
59.794000	-0.067210
59.796000	0.019732
59.798000	-0.105372
59.800000	-0.183329
59.802000	-0.073564
59.804000	0.023813
59.806000	-0.059173
59.808000	-0.108915
59.810000	-0.158920
59.812000	-0.102651
59.814000	-0.157143
59.816000	-0.052193
59.818000	-0.002479
59.820000	-0.009389
59.822000	0.191487
59.824000	0.022574
59.826000	-0.168570
59.828000	-0.046276
59.830000	-0.028126
59.832000	0.082950
59.834000	-0.085281
59.836000	-0.018064
59.838000	0.034267
59.840000	-0.077807
59.842000	-0.175552
59.844000	0.021015
59.846000	-0.008482
59.848000	0.059969
59.850000	-0.013626
59.852000	0.082486
59.854000	-0.108060
59.856000	-0.100714
59.858000	-0.035568
59.860000	-0.130084
59.862000	-0.086949
59.864000	-0.048026
59.866000	-0.227366
59.868000	-0.119439
59.870000	-0.256789
59.872000	-0.197803
59.874000	0.200820
59.876000	-0.143916
59.878000	-0.036285
59.880000	-0.016201
59.882000	-0.048686
59.884000	0.211671
59.886000	-0.044075
59.888000	0.163245
59.890000	0.037583
59.892000	0.010427
59.894000	-0.056430
59.896000	0.131107
59.898000	-0.072378
59.900000	0.149488
59.902000	-0.030909
59.904000	-0.038899
59.906000	-0.102335
59.908000	-0.136146
59.910000	-0.012615
59.912000	-0.169240
59.914000	-0.170326
59.916000	-0.164464
59.918000	-0.103278
59.920000	0.053292
59.922000	-0.196702
59.924000	-0.094022
59.926000	-0.185085
59.928000	-0.137915
59.930000	-0.217543
59.932000	-0.076377
59.934000	-0.014370
59.936000	-0.203716
59.938000	-0.147812
59.940000	-0.088592
59.942000	-0.134412
59.944000	-0.211196
59.946000	-0.051272
59.948000	-0.076069
59.950000	-0.165846
59.952000	-0.178012
59.954000	-0.006293
59.956000	-0.080639
59.958000	0.068390
59.960000	-0.127454
59.962000	-0.223637
59.964000	-0.054115
59.966000	-0.166013
59.968000	-0.002957
59.970000	-0.225871
59.972000	-0.060296
59.974000	-0.121872
59.976000	-0.133778
59.978000	-0.251463
59.980000	-0.172375
59.982000	-0.202820
59.984000	-0.097218
59.986000	-0.119292
59.988000	0.013602
59.990000	0.087074
59.992000	-0.171172
59.994000	-0.118595
59.996000	-0.237668
59.998000	-0.194664
60.000000	-0.106787
60.002000	-0.100136
60.004000	-0.170005
60.006000	-0.072752
60.008000	-0.303776
60.010000	-0.105789
60.012000	-0.060268
60.014000	-0.135454
60.016000	-0.051327
60.018000	-0.086784
60.020000	-0.051365
60.022000	-0.015703
60.024000	-0.254466
60.026000	-0.108598
60.028000	-0.062623
60.030000	-0.060431
60.032000	-0.182290
60.034000	-0.077439
60.036000	-0.255656
60.038000	-0.152643
60.040000	-0.152763
60.042000	-0.172244
60.044000	-0.112421
60.046000	-0.103179
60.048000	-0.022737
60.050000	0.003938
60.052000	-0.153109
60.054000	-0.091280
60.056000	-0.182836
60.058000	-0.253409
60.060000	-0.270257
60.062000	-0.105923
60.064000	-0.214142
60.066000	-0.044043
60.068000	-0.185287
60.070000	-0.183489
60.072000	-0.154113
60.074000	0.086402
60.076000	-0.186681
60.078000	-0.141072
60.080000	-0.194744
60.082000	-0.240649
60.084000	-0.334182
60.086000	-0.102288
60.088000	-0.021553
60.090000	-0.151159
60.092000	-0.181823
60.094000	-0.181828
60.096000	-0.199806
60.098000	-0.137891
60.100000	-0.014528
60.102000	-0.290572
60.104000	-0.135297
60.106000	-0.064584
60.108000	-0.146436
60.110000	-0.230617
60.112000	-0.044249
60.114000	-0.006018
60.116000	-0.216141
60.118000	-0.070477
60.120000	-0.127104
60.122000	-0.076329
60.124000	-0.106419
60.126000	-0.155457
60.128000	-0.143181
60.130000	-0.065559
60.132000	-0.162192
60.134000	-0.100610
60.136000	-0.082576
60.138000	-0.102336
60.140000	-0.059164
60.142000	-0.171555
60.144000	0.060813
60.146000	-0.264060
60.148000	0.078551
60.150000	-0.253117
60.152000	-0.127896
60.154000	-0.058802
60.156000	-0.025187
60.158000	0.139506
60.160000	-0.153817
60.162000	-0.118448
60.164000	-0.249532
60.166000	-0.151986
60.168000	-0.155828
60.170000	-0.055199
60.172000	-0.099170
60.174000	0.045868
60.176000	0.006641
60.178000	-0.011005
60.180000	-0.208759
60.182000	-0.066083
60.184000	-0.064275
60.186000	0.092113
60.188000	-0.014512
60.190000	0.006942
60.192000	-0.068239
60.194000	-0.102174
60.196000	0.073634
60.198000	0.010593
60.200000	0.188241
60.202000	-0.070460
60.204000	-0.069570
60.206000	-0.035303
60.208000	0.055497
60.210000	0.104403
60.212000	-0.040727
60.214000	0.002346
60.216000	-0.023327
60.218000	-0.090656
60.220000	-0.030110
60.222000	0.028877
60.224000	-0.019149
60.226000	0.014354
60.228000	-0.090493
60.230000	-0.164117
60.232000	-0.143921
60.234000	-0.047974
60.236000	-0.035009
60.238000	-0.097343
60.240000	-0.168497
60.242000	0.104973
60.244000	0.045773
60.246000	0.062392
60.248000	-0.067939
60.250000	0.083176
60.252000	-0.083683
60.254000	0.043305
60.256000	0.093843
60.258000	-0.053695
60.260000	0.078622
60.262000	0.077192
60.264000	-0.106369
60.266000	-0.078235
60.268000	-0.066000
60.270000	-0.127181
60.272000	-0.128697
60.274000	-0.000107
60.276000	-0.091837
60.278000	-0.018968
60.280000	-0.011373
60.282000	-0.017766
60.284000	-0.170068
60.286000	0.021753
60.288000	-0.066213
60.290000	-0.135650
60.292000	-0.001429
60.294000	-0.139054
60.296000	-0.116917
60.298000	-0.210713
60.300000	-0.235258
60.302000	-0.193948
60.304000	-0.159217
60.306000	0.018732
60.308000	-0.073925
60.310000	-0.106322
60.312000	-0.049127
60.314000	-0.051354
60.316000	0.001678
60.318000	-0.020888
60.320000	-0.163706
60.322000	-0.065172
60.324000	-0.079100
60.326000	-0.020825
60.328000	0.025165
60.330000	0.014113
60.332000	-0.020454
60.334000	-0.131930
60.336000	0.059721
60.338000	-0.013722
60.340000	-0.089309
60.342000	0.001048
60.344000	0.140992
60.346000	-0.098333
60.348000	-0.054247
60.350000	0.020799
60.352000	-0.168512
60.354000	-0.091499
60.356000	0.001500
60.358000	-0.073615
60.360000	-0.010257
60.362000	0.126510
60.364000	-0.207816
60.366000	0.024198
60.368000	0.025225
60.370000	-0.003409
60.372000	-0.130340
60.374000	-0.067915
60.376000	-0.172217
60.378000	-0.078492
60.380000	-0.020535
60.382000	0.004844
60.384000	-0.097588
60.386000	-0.050480
60.388000	0.042821
60.390000	-0.020157
60.392000	-0.214809
60.394000	-0.117350
60.396000	-0.139595
60.398000	-0.113478
60.400000	-0.227420
60.402000	-0.192449
60.404000	-0.144169
60.406000	-0.201437
60.408000	0.014281
60.410000	-0.046004
60.412000	-0.079601
60.414000	0.116187
60.416000	-0.277339
60.418000	-0.273794
60.420000	0.116482
60.422000	-0.439463
60.424000	0.207707
60.426000	0.765328
60.428000	0.895233
60.430000	0.952105
60.432000	1.402695
60.434000	1.453986
60.436000	1.935197
60.438000	2.353227
60.440000	1.589796
60.442000	1.975597
60.444000	1.997423
60.446000	0.949601
60.448000	1.424262
60.450000	0.414740
60.452000	0.769300
60.454000	0.372640
60.456000	0.185383
60.458000	-0.300918
60.460000	-0.557281
60.462000	0.017599
60.464000	-0.404261
60.466000	-0.309799
60.468000	-0.374598
60.470000	-0.591311
60.472000	0.160984
60.474000	0.318878
60.476000	-0.686367
60.478000	-0.131489
60.480000	-0.140569
60.482000	0.246548
60.484000	-0.090460
60.486000	0.255389
60.488000	-0.005259
60.490000	0.728917
60.492000	-0.154902
60.494000	-0.024846
60.496000	-0.270430
60.498000	-0.391654
60.500000	0.046108
60.502000	-0.872560
60.504000	0.248156
60.506000	0.057431
60.508000	0.391877
60.510000	0.418325
60.512000	-0.058455
60.514000	-0.339311
60.516000	0.194055
60.518000	0.214375
60.520000	0.401841
60.522000	-0.015115
60.524000	0.211342
60.526000	-0.204817
60.528000	-0.231984
60.530000	0.267479
60.532000	-0.459002
60.534000	-0.049820
60.536000	0.662902
60.538000	0.290761
60.540000	-0.453391
60.542000	-0.081102
60.544000	-0.048840
60.546000	0.720964
60.548000	0.823753
60.550000	-0.055127
60.552000	0.248262
60.554000	0.499604
60.556000	0.321981
60.558000	-0.201038
60.560000	0.118312
60.562000	0.236698
60.564000	0.468534
60.566000	0.709894
60.568000	0.264608
60.570000	0.384958
60.572000	0.648995
60.574000	0.299827
60.576000	0.224242
60.578000	0.020373
60.580000	0.384904
60.582000	0.325198
60.584000	-0.680113
60.586000	0.022993
60.588000	-0.459834
60.590000	0.732654
60.592000	0.157240
60.594000	0.464754
60.596000	0.118534
60.598000	0.537581
60.600000	0.048799
60.602000	-0.081705
60.604000	0.076593
60.606000	0.005844
60.608000	0.365809
60.610000	0.088109
60.612000	0.098569
60.614000	0.206715
60.616000	0.089044
60.618000	0.139076
60.620000	0.044714
60.622000	0.260936
60.624000	-0.294655
60.626000	-0.051208
60.628000	0.379213
60.630000	0.427807
60.632000	0.325243
60.634000	0.594250
60.636000	0.121999
60.638000	0.250954
60.640000	-0.082122
60.642000	0.698644
60.644000	0.216373
60.646000	-0.092787
60.648000	0.342509
60.650000	0.529868
60.652000	0.621170
60.654000	0.409195
60.656000	-0.176249
60.658000	-0.033342
60.660000	-0.525380
60.662000	-0.275433
60.664000	0.470069
60.666000	-0.153657
60.668000	0.369892
60.670000	0.452235
60.672000	0.746814
60.674000	0.224350
60.676000	0.706986
60.678000	0.411160
60.680000	0.767263
60.682000	-0.153265
60.684000	0.366847
60.686000	-0.115784
60.688000	-0.113387
60.690000	0.017714
60.692000	0.393195
60.694000	0.092911
60.696000	0.595520
60.698000	0.379411
60.700000	0.151189
60.702000	0.070992
60.704000	0.117267
60.706000	0.613505
60.708000	0.207162
60.710000	0.096817
60.712000	0.196264
60.714000	1.062740
60.716000	0.418579
60.718000	0.133339
60.720000	0.721505
60.722000	-0.012232
60.724000	0.101529
60.726000	0.631697
60.728000	0.041753
60.730000	0.590832
60.732000	-0.028462
60.734000	-0.185778
60.736000	0.469696
60.738000	0.171575
60.740000	0.631158
60.742000	0.119626
60.744000	0.105814
60.746000	0.303520
60.748000	-0.052448
60.750000	0.011482
60.752000	0.313143
60.754000	0.043351
60.756000	0.190781
60.758000	-0.203746
60.760000	0.177245
60.762000	-0.243871
60.764000	-0.165617
60.766000	-0.148642
60.768000	-0.639830
60.770000	-0.086488
60.772000	-0.295496
60.774000	-0.285136
60.776000	0.490876
60.778000	-0.535406
60.780000	0.348829
60.782000	0.277916
60.784000	-0.152500
60.786000	-0.182843
60.788000	-0.398293
60.790000	-0.554670
60.792000	0.079673
60.794000	-0.150764
60.796000	-0.047862
60.798000	-0.227791
60.800000	0.200459
60.802000	-0.560712
60.804000	-0.058909
60.806000	-0.370782
60.808000	0.136178
60.810000	0.143323
60.812000	0.029954
60.814000	-0.194428
60.816000	-0.300000
60.818000	-0.128429
60.820000	-0.072234
60.822000	-0.040971
60.824000	-0.358131
60.826000	0.182270
60.828000	-0.232466
60.830000	0.349219
60.832000	0.174141
60.834000	-0.019690
60.836000	-0.510037
60.838000	-0.490949
60.840000	-0.708976
60.842000	0.140743
60.844000	-0.096604
60.846000	0.283034
60.848000	-0.211155
60.850000	0.110049
60.852000	-0.323630
60.854000	-0.087498
60.856000	-0.338269
60.858000	0.545874
60.860000	0.054548
60.862000	-0.125077
60.864000	0.054301
60.866000	0.190700
60.868000	-0.463530
60.870000	0.009927
60.872000	-0.256877
60.874000	-0.470736
60.876000	0.323669
60.878000	0.013190
60.880000	0.235972
60.882000	-0.363323
60.884000	0.106938
60.886000	-0.164487
60.888000	-0.218166
60.890000	-0.402121
60.892000	-0.149191
60.894000	-0.155554
60.896000	0.262975
60.898000	-0.398461
60.900000	-0.270914
60.902000	-0.287345
60.904000	0.343520
60.906000	0.124713
60.908000	0.286221
60.910000	0.190245
60.912000	0.025428
60.914000	0.608361
60.916000	-0.486579
60.918000	0.253818
60.920000	-0.232451
60.922000	0.154267
60.924000	0.006495
60.926000	-0.462157
60.928000	-0.000844
60.930000	-0.048439
60.932000	-0.084237
60.934000	-0.034683
60.936000	-0.009946
60.938000	-0.095104
60.940000	-0.076248
60.942000	-0.005109
60.944000	0.047767
60.946000	-0.070003
60.948000	-0.022195
60.950000	-0.081702
60.952000	-0.039452
60.954000	-0.097626
60.956000	-0.041322
60.958000	0.078371
60.960000	-0.107186
60.962000	-0.042800
60.964000	0.022109
60.966000	-0.072907
60.968000	-0.169013
60.970000	-0.048877
60.972000	-0.040787
60.974000	-0.060019
60.976000	-0.074337
60.978000	0.029734
60.980000	-0.031115
60.982000	-0.039877
60.984000	-0.010282
60.986000	-0.106125
60.988000	-0.052590
60.990000	-0.107236
60.992000	0.029217
60.994000	-0.122137
60.996000	-0.029076
60.998000	-0.078167
61.000000	-0.093875
61.002000	-0.126972
61.004000	-0.054062
61.006000	-0.132937
61.008000	-0.038670
61.010000	-0.081183
61.012000	0.010236
61.014000	0.016886
61.016000	-0.039614
61.018000	-0.071665
61.020000	-0.116540
61.022000	-0.097738
61.024000	-0.018355
61.026000	-0.003039
61.028000	-0.111877
61.030000	-0.014216
61.032000	-0.152650
61.034000	-0.082276
61.036000	-0.046220
61.038000	-0.039066
61.040000	-0.038584
61.042000	-0.008999
61.044000	-0.093355
61.046000	0.010532
61.048000	-0.183807
61.050000	-0.063896
61.052000	-0.076828
61.054000	-0.050752
61.056000	-0.095368
61.058000	-0.105915
61.060000	-0.204314
61.062000	-0.085279
61.064000	-0.145966
61.066000	-0.168096
61.068000	-0.166011
61.070000	-0.138743
61.072000	-0.038371
61.074000	0.034359
61.076000	-0.127265
61.078000	-0.102095
61.080000	-0.175619
61.082000	-0.178234
61.084000	-0.213815
61.086000	-0.075785
61.088000	-0.150900
61.090000	-0.083416
61.092000	-0.139856
61.094000	-0.115862
61.096000	-0.164011
61.098000	-0.019954
61.100000	-0.132844
61.102000	-0.101396
61.104000	-0.106932
61.106000	-0.143440
61.108000	-0.148093
61.110000	-0.073133
61.112000	-0.044261
61.114000	-0.127768
61.116000	-0.161648
61.118000	-0.148635
61.120000	-0.171424
61.122000	-0.069512
61.124000	-0.032428
61.126000	-0.184494
61.128000	-0.071616
61.130000	-0.015992
61.132000	-0.157650
61.134000	-0.182319
61.136000	-0.085793
61.138000	-0.018010
61.140000	-0.152628
61.142000	-0.116604
61.144000	-0.148393
61.146000	-0.110646
61.148000	-0.111393
61.150000	-0.178721
61.152000	-0.087805
61.154000	-0.147267
61.156000	-0.107979
61.158000	-0.120870
61.160000	-0.146253
61.162000	-0.089730
61.164000	-0.082776
61.166000	-0.119117
61.168000	-0.002572
61.170000	-0.162713
61.172000	0.018219
61.174000	-0.179100
61.176000	-0.155104
61.178000	-0.064574
61.180000	-0.123244
61.182000	0.044456
61.184000	-0.160747
61.186000	-0.112862
61.188000	-0.178900
61.190000	-0.161258
61.192000	-0.179157
61.194000	-0.078666
61.196000	-0.133703
61.198000	-0.017386
61.200000	-0.040808
61.202000	-0.052625
61.204000	-0.178081
61.206000	-0.104420
61.208000	-0.106960
61.210000	-0.020280
61.212000	-0.050911
61.214000	-0.045069
61.216000	-0.063904
61.218000	-0.141244
61.220000	-0.030847
61.222000	-0.077325
61.224000	0.007225
61.226000	-0.114485
61.228000	-0.125308
61.230000	-0.038004
61.232000	-0.020069
61.234000	0.018830
61.236000	-0.065276
61.238000	-0.048039
61.240000	-0.005992
61.242000	-0.124620
61.244000	-0.111625
61.246000	-0.014669
61.248000	-0.144089
61.250000	-0.050118
61.252000	-0.113169
61.254000	-0.183789
61.256000	-0.160175
61.258000	-0.139722
61.260000	-0.055450
61.262000	-0.118453
61.264000	-0.164926
61.266000	0.000964
61.268000	-0.006774
61.270000	0.057553
61.272000	-0.101419
61.274000	0.003196
61.276000	-0.171856
61.278000	-0.019693
61.280000	0.044269
61.282000	-0.094152
61.284000	-0.000179
61.286000	0.000652
61.288000	-0.092330
61.290000	-0.048076
61.292000	-0.026574
61.294000	-0.103805
61.296000	-0.032113
61.298000	-0.028513
61.300000	-0.069772
61.302000	-0.045646
61.304000	0.004728
61.306000	0.039821
61.308000	-0.086624
61.310000	-0.006901
61.312000	-0.026456
61.314000	-0.062968
61.316000	0.089475
61.318000	-0.099447
61.320000	-0.095835
61.322000	-0.133752
61.324000	-0.147347
61.326000	-0.129457
61.328000	-0.101593
61.330000	-0.006808
61.332000	-0.014169
61.334000	-0.054983
61.336000	-0.043758
61.338000	-0.041493
61.340000	0.050127
61.342000	-0.045673
61.344000	-0.096211
61.346000	-0.064163
61.348000	-0.051745
61.350000	-0.026439
61.352000	-0.011393
61.354000	-0.043453
61.356000	-0.039818
61.358000	-0.019206
61.360000	0.002828
61.362000	-0.079279
61.364000	-0.023451
61.366000	-0.013637
61.368000	0.096639
61.370000	-0.097148
61.372000	-0.003709
61.374000	0.039195
61.376000	-0.091488
61.378000	-0.052973
61.380000	-0.007359
61.382000	-0.014910
61.384000	-0.022035
61.386000	0.113488
61.388000	-0.104469
61.390000	0.019914
61.392000	0.023494
61.394000	-0.042020
61.396000	-0.068958
61.398000	-0.062544
61.400000	-0.142414
61.402000	-0.073329
61.404000	-0.024821
61.406000	-0.023464
61.408000	-0.085862
61.410000	0.068678
61.412000	0.018938
61.414000	0.029429
61.416000	-0.147230
61.418000	-0.037966
61.420000	0.055106
61.422000	0.046444
61.424000	0.028188
61.426000	0.023923
61.428000	0.078235
61.430000	-0.031778
61.432000	0.090553
61.434000	0.021631
61.436000	0.009127
61.438000	0.048393
61.440000	-0.129908
61.442000	0.029605
61.444000	0.374929
61.446000	-0.177319
61.448000	-0.049258
61.450000	0.186206
61.452000	0.370170
61.454000	-0.403874
61.456000	0.073935
61.458000	-0.518980
61.460000	-0.027319
61.462000	-0.091386
61.464000	0.131701
61.466000	-0.094125
61.468000	0.156977
61.470000	0.186087
61.472000	0.338031
61.474000	-0.117242
61.476000	-0.267765
61.478000	0.120471
61.480000	-0.217355
61.482000	-0.190051
61.484000	0.003136
61.486000	-0.411749
61.488000	0.018082
61.490000	-0.392783
61.492000	-0.111985
61.494000	0.252458
61.496000	0.070682
61.498000	-0.085527
61.500000	-0.389718
61.502000	-0.121066
61.504000	0.013336
61.506000	-0.209880
61.508000	-0.349680
61.510000	0.061094
61.512000	-0.384637
61.514000	0.210268
61.516000	-0.469257
61.518000	-0.157473
61.520000	-0.690963
61.522000	-0.333449
61.524000	-0.049387
61.526000	0.145734
61.528000	-0.027647
61.530000	-0.088380
61.532000	-0.241976
61.534000	0.302672
61.536000	0.130756
61.538000	-0.359783
61.540000	-0.259836
61.542000	-0.030793
61.544000	0.111354
61.546000	0.291544
61.548000	0.260392
61.550000	-0.277743
61.552000	0.118987
61.554000	0.004486
61.556000	-0.139837
61.558000	-0.267563
61.560000	0.012563
61.562000	-0.241499
61.564000	-0.324681
61.566000	0.254863
61.568000	-0.417719
61.570000	0.134507
61.572000	-0.294210
61.574000	-0.073586
61.576000	0.320187
61.578000	-0.332269
61.580000	0.137576
61.582000	0.480985
61.584000	-0.094206
61.586000	-0.243609
61.588000	-0.040276
61.590000	0.182360
61.592000	-0.063832
61.594000	-0.122987
61.596000	-0.181193
61.598000	0.018172
61.600000	-0.028252
61.602000	-0.013982
61.604000	0.095267
61.606000	-0.220151
61.608000	-0.236785
61.610000	0.000643
61.612000	-0.041970
61.614000	0.062508
61.616000	0.392413
61.618000	0.131587
61.620000	-0.329199
61.622000	0.060400
61.624000	-0.241093
61.626000	0.003128
61.628000	-0.352402
61.630000	-0.120900
61.632000	-0.285907
61.634000	-0.509360
61.636000	-0.002624
61.638000	-0.501811
61.640000	-0.333650
61.642000	-0.057090
61.644000	0.027713
61.646000	0.099882
61.648000	0.094792
61.650000	-0.054084
61.652000	-0.049020
61.654000	0.382319
61.656000	0.208408
61.658000	0.359552
61.660000	-0.227550
61.662000	0.327278
61.664000	-0.133936
61.666000	-0.385598
61.668000	0.157025
61.670000	0.228313
61.672000	-0.078114
61.674000	0.320301
61.676000	0.350721
61.678000	-0.335562
61.680000	0.170832
61.682000	-0.132363
61.684000	0.194282
61.686000	0.208256
61.688000	-0.052306
61.690000	-0.329381
61.692000	-0.251676
61.694000	0.068814
61.696000	-0.235098
61.698000	-0.072312
61.700000	-0.003259
61.702000	-0.404164
61.704000	0.403500
61.706000	-0.315978
61.708000	0.284833
61.710000	-0.142886
61.712000	-0.362470
61.714000	0.084021
61.716000	0.079197
61.718000	0.079317
61.720000	-0.366990
61.722000	-0.701316
61.724000	-0.408679
61.726000	0.387232
61.728000	-0.182936
61.730000	0.241127
61.732000	0.192743
61.734000	0.429517
61.736000	0.619945
61.738000	0.272009
61.740000	0.887229
61.742000	0.958671
61.744000	1.360794
61.746000	1.335216
61.748000	1.259130
61.750000	1.631697
61.752000	1.841478
61.754000	1.142650
61.756000	0.682913
61.758000	0.637005
61.760000	0.713728
61.762000	0.110952
61.764000	-0.129227
61.766000	0.056300
61.768000	-1.023433
61.770000	-0.842279
61.772000	-0.583196
61.774000	-0.716206
61.776000	-0.930973
61.778000	-0.936020
61.780000	-0.545385
61.782000	-0.792427
61.784000	-0.372124
61.786000	-0.533107
61.788000	-0.358415
61.790000	-0.255499
61.792000	-0.787668
61.794000	-0.233689
61.796000	-0.069363
61.798000	0.082564
61.800000	-0.579576
61.802000	-0.247451
61.804000	-0.110568
61.806000	0.085098
61.808000	-0.395245
61.810000	-0.454621
61.812000	0.410358
61.814000	0.183093
61.816000	-0.260100
61.818000	-0.153679
61.820000	0.262101
61.822000	0.294182
61.824000	-0.152189
61.826000	-0.550078
61.828000	0.185803
61.830000	-0.005300
61.832000	-0.382195
61.834000	0.057438
61.836000	-0.082504
61.838000	0.063680
61.840000	-0.200353
61.842000	-0.048156
61.844000	-0.814894
61.846000	-0.393153
61.848000	-0.120404
61.850000	0.070859
61.852000	-0.227771
61.854000	-0.225156
61.856000	-0.119648
61.858000	-0.018392
61.860000	-0.004271
61.862000	-0.265638
61.864000	-0.454755
61.866000	0.277201
61.868000	0.115145
61.870000	-0.166804
61.872000	0.043802
61.874000	0.080260
61.876000	-0.229923
61.878000	0.288781
61.880000	0.040116
61.882000	0.214393
61.884000	0.188651
61.886000	-0.463480
61.888000	-0.295051
61.890000	0.015549
61.892000	-0.343292
61.894000	0.243795
61.896000	0.056904
61.898000	-0.012794
61.900000	-0.139635
61.902000	-0.205154
61.904000	0.231568
61.906000	0.519551
61.908000	0.152135
61.910000	0.126730
61.912000	0.377781
61.914000	-0.131844
61.916000	0.066546
61.918000	0.084591
61.920000	0.468505
61.922000	-0.108539
61.924000	-0.003271
61.926000	0.350632
61.928000	0.347421
61.930000	-0.363124
61.932000	-0.592069
61.934000	-0.058758
61.936000	-0.178659
61.938000	0.031073
61.940000	0.189413
61.942000	-0.553103
61.944000	-0.189953
61.946000	0.412361
61.948000	0.646376
61.950000	0.131022
61.952000	-0.093643
61.954000	0.278540
61.956000	0.111069
61.958000	-0.030101
61.960000	0.025706
61.962000	0.207210
61.964000	0.155996
61.966000	0.256110
61.968000	-0.018798
61.970000	0.072259
61.972000	0.143305
61.974000	-0.024807
61.976000	0.239228
61.978000	0.179975
61.980000	-0.005063
61.982000	0.133025
61.984000	-0.015957
61.986000	0.172884
61.988000	0.190663
61.990000	0.045347
61.992000	0.171771
61.994000	0.029375
61.996000	0.115784
61.998000	0.182280
62.000000	0.227947
62.002000	0.315354
62.004000	0.166242
62.006000	0.121207
62.008000	0.342572
62.010000	0.345967
62.012000	0.129877
62.014000	0.272018
62.016000	0.344365
62.018000	0.347278
62.020000	0.381421
62.022000	0.147442
62.024000	0.215125
62.026000	0.245072
62.028000	0.449143
62.030000	0.245952
62.032000	0.128795
62.034000	0.308831
62.036000	0.160353
62.038000	0.112061
62.040000	0.306474
62.042000	0.077568
62.044000	0.391792
62.046000	0.483615
62.048000	0.259447
62.050000	0.287135
62.052000	0.327281
62.054000	0.111530
62.056000	0.215126
62.058000	0.245311
62.060000	0.322921
62.062000	0.204270
62.064000	0.082510
62.066000	0.173798
62.068000	0.057227
62.070000	0.220559
62.072000	0.082865
62.074000	0.166656
62.076000	0.021665
62.078000	0.143417
62.080000	0.227110
62.082000	0.126424
62.084000	-0.005432
62.086000	0.173250
62.088000	0.042167
62.090000	-0.128786
62.092000	-0.084820
62.094000	-0.148500
62.096000	-0.081043
62.098000	-0.014978
62.100000	-0.090959
62.102000	-0.115083
62.104000	-0.223214
62.106000	-0.188133
62.108000	-0.217280
62.110000	0.016742
62.112000	-0.222261
62.114000	-0.178525
62.116000	-0.127340
62.118000	-0.057763
62.120000	-0.138483
62.122000	-0.296738
62.124000	-0.189569
62.126000	-0.142219
62.128000	0.050614
62.130000	-0.245429
62.132000	-0.070504
62.134000	-0.113928
62.136000	-0.242356
62.138000	-0.276457
62.140000	-0.187994
62.142000	-0.221751
62.144000	-0.052599
62.146000	-0.087028
62.148000	-0.302576
62.150000	-0.162366
62.152000	-0.198570
62.154000	-0.204117
62.156000	-0.276345
62.158000	-0.176338
62.160000	0.014759
62.162000	-0.281772
62.164000	-0.028741
62.166000	-0.314415
62.168000	-0.087549
62.170000	-0.283078
62.172000	-0.178863
62.174000	-0.348707
62.176000	0.002925
62.178000	-0.290690
62.180000	-0.345664
62.182000	-0.208691
62.184000	-0.148416
62.186000	-0.098883
62.188000	-0.127224
62.190000	0.097621
62.192000	-0.127843
62.194000	0.048887
62.196000	-0.251098
62.198000	-0.067181
62.200000	-0.146494
62.202000	0.011743
62.204000	-0.181935
62.206000	0.004984
62.208000	-0.102701
62.210000	-0.165020
62.212000	0.029405
62.214000	0.015509
62.216000	-0.241856
62.218000	-0.035925
62.220000	0.051647
62.222000	0.101763
62.224000	-0.079649
62.226000	-0.115921
62.228000	0.071096
62.230000	-0.184405
62.232000	-0.149419
62.234000	-0.255751
62.236000	0.015206
62.238000	-0.219184
62.240000	0.096211
62.242000	-0.055825
62.244000	-0.130085
62.246000	-0.073703
62.248000	-0.176172
62.250000	0.021139
62.252000	-0.047553
62.254000	0.056924
62.256000	-0.052493
62.258000	-0.037841
62.260000	0.035609
62.262000	0.028852
62.264000	-0.022985
62.266000	-0.177211
62.268000	-0.068246
62.270000	-0.060421
62.272000	-0.008916
62.274000	-0.063107
62.276000	0.049532
62.278000	0.002652
62.280000	-0.027848
62.282000	-0.053162
62.284000	-0.037501
62.286000	-0.077565
62.288000	-0.039294
62.290000	0.001002
62.292000	-0.059200
62.294000	0.146185
62.296000	-0.080108
62.298000	-0.096358
62.300000	-0.072858
62.302000	-0.100431
62.304000	-0.039933
62.306000	-0.084715
62.308000	-0.046812
62.310000	-0.117181
62.312000	-0.051182
62.314000	0.057946
62.316000	0.127286
62.318000	-0.044835
62.320000	0.038675
62.322000	-0.063823
62.324000	-0.050104
62.326000	-0.122910
62.328000	0.029058
62.330000	0.010513
62.332000	-0.112012
62.334000	-0.122948
62.336000	-0.112754
62.338000	-0.132552
62.340000	-0.014023
62.342000	-0.004382
62.344000	0.005442
62.346000	-0.188332
62.348000	-0.008625
62.350000	-0.112443
62.352000	-0.021092
62.354000	-0.065214
62.356000	0.017763
62.358000	-0.064524
62.360000	-0.156101
62.362000	-0.083411
62.364000	-0.069865
62.366000	-0.103949
62.368000	-0.016887
62.370000	-0.161108
62.372000	-0.076496
62.374000	-0.146455
62.376000	-0.033115
62.378000	-0.021615
62.380000	-0.066731
62.382000	0.204722
62.384000	0.028119
62.386000	-0.153065
62.388000	-0.046340
62.390000	-0.069153
62.392000	0.016306
62.394000	-0.000846
62.396000	0.065166
62.398000	0.084138
62.400000	-0.036596
62.402000	-0.213775
62.404000	0.021590
62.406000	-0.014622
62.408000	0.083155
62.410000	-0.024110
62.412000	0.193325
62.414000	-0.157575
62.416000	-0.012085
62.418000	-0.045437
62.420000	0.010602
62.422000	-0.052147
62.424000	0.031153
62.426000	-0.177588
62.428000	-0.135210
62.430000	-0.216279
62.432000	-0.165355
62.434000	0.152988
62.436000	-0.155094
62.438000	-0.026883
62.440000	0.117486
62.442000	0.012708
62.444000	0.129068
62.446000	-0.034760
62.448000	0.154559
62.450000	0.003758
62.452000	0.003198
62.454000	-0.054360
62.456000	0.132990
62.458000	-0.107523
62.460000	0.196719
62.462000	-0.034524
62.464000	0.022344
62.466000	-0.090178
62.468000	-0.085499
62.470000	-0.014929
62.472000	-0.050501
62.474000	-0.130582
62.476000	-0.122026
62.478000	-0.080883
62.480000	-0.016672
62.482000	-0.100005
62.484000	-0.111010
62.486000	-0.121892
62.488000	-0.094924
62.490000	-0.115919
62.492000	-0.061437
62.494000	-0.000075
62.496000	-0.066429
62.498000	-0.093457
62.500000	-0.092910
62.502000	-0.045781
62.504000	-0.152190
62.506000	-0.038598
62.508000	-0.060954
62.510000	-0.101577
62.512000	-0.120939
62.514000	-0.080215
62.516000	-0.086414
62.518000	-0.012560
62.520000	-0.092548
62.522000	-0.128867
62.524000	-0.037366
62.526000	-0.109621
62.528000	-0.033613
62.530000	-0.110299
62.532000	-0.067123
62.534000	-0.070111
62.536000	-0.095759
62.538000	-0.124102
62.540000	-0.132744
62.542000	-0.091647
62.544000	-0.047281
62.546000	-0.092617
62.548000	-0.012901
62.550000	0.002872
62.552000	-0.083685
62.554000	-0.060075
62.556000	-0.151027
62.558000	-0.151327
62.560000	-0.046829
62.562000	-0.035021
62.564000	-0.132534
62.566000	-0.064053
62.568000	-0.151441
62.570000	-0.082024
62.572000	-0.068250
62.574000	-0.063099
62.576000	-0.045171
62.578000	-0.095347
62.580000	-0.056164
62.582000	-0.040778
62.584000	-0.122804
62.586000	-0.092213
62.588000	-0.037672
62.590000	-0.063008
62.592000	-0.061822
62.594000	-0.119913
62.596000	-0.115718
62.598000	-0.064814
62.600000	-0.121902
62.602000	-0.096202
62.604000	-0.052389
62.606000	-0.054843
62.608000	-0.026671
62.610000	-0.031301
62.612000	-0.094428
62.614000	-0.038451
62.616000	-0.063367
62.618000	-0.115634
62.620000	-0.129183
62.622000	-0.073570
62.624000	-0.064741
62.626000	-0.026728
62.628000	-0.087495
62.630000	-0.082370
62.632000	-0.043003
62.634000	0.037510
62.636000	-0.035899
62.638000	-0.086861
62.640000	-0.088185
62.642000	-0.092008
62.644000	-0.120901
62.646000	-0.044348
62.648000	0.002351
62.650000	-0.019462
62.652000	-0.028009
62.654000	-0.051638
62.656000	-0.086289
62.658000	-0.054471
62.660000	0.035023
62.662000	-0.101460
62.664000	-0.039975
62.666000	0.015228
62.668000	-0.046120
62.670000	-0.060001
62.672000	-0.047681
62.674000	0.061653
62.676000	-0.095612
62.678000	0.001449
62.680000	-0.043680
62.682000	-0.008195
62.684000	-0.017243
62.686000	0.001352
62.688000	-0.047914
62.690000	-0.049975
62.692000	-0.006541
62.694000	-0.033268
62.696000	-0.046941
62.698000	-0.038427
62.700000	-0.028188
62.702000	-0.096293
62.704000	0.035033
62.706000	-0.076507
62.708000	0.096769
62.710000	-0.083338
62.712000	-0.061979
62.714000	-0.003285
62.716000	-0.020882
62.718000	0.007408
62.720000	-0.050969
62.722000	-0.012598
62.724000	-0.127987
62.726000	-0.102367
62.728000	-0.020475
62.730000	-0.012536
62.732000	-0.060843
62.734000	-0.001133
62.736000	-0.027291
62.738000	-0.003439
62.740000	-0.105084
62.742000	0.006308
62.744000	-0.033472
62.746000	0.068141
62.748000	-0.026800
62.750000	0.021594
62.752000	-0.076722
62.754000	-0.036492
62.756000	0.001776
62.758000	0.009671
62.760000	0.036723
62.762000	-0.114612
62.764000	-0.038381
62.766000	-0.041457
62.768000	0.007670
62.770000	0.024658
62.772000	-0.040799
62.774000	-0.078782
62.776000	0.032719
62.778000	-0.013724
62.780000	-0.026412
62.782000	0.003242
62.784000	-0.092870
62.786000	0.002167
62.788000	-0.083485
62.790000	-0.068870
62.792000	-0.069793
62.794000	-0.037191
62.796000	-0.010732
62.798000	-0.049321
62.800000	-0.060634
62.802000	0.027413
62.804000	0.002126
62.806000	0.002823
62.808000	-0.021569
62.810000	0.030262
62.812000	-0.045804
62.814000	0.014520
62.816000	0.051260
62.818000	0.005016
62.820000	0.050378
62.822000	0.043641
62.824000	-0.040216
62.826000	-0.029693
62.828000	-0.056663
62.830000	-0.049817
62.832000	-0.042500
62.834000	0.012101
62.836000	0.022933
62.838000	0.040140
62.840000	0.052721
62.842000	-0.004174
62.844000	-0.034453
62.846000	0.012704
62.848000	0.010492
62.850000	0.024678
62.852000	0.064856
62.854000	-0.025644
62.856000	-0.029832
62.858000	-0.009959
62.860000	-0.035023
62.862000	-0.001481
62.864000	0.019026
62.866000	0.046156
62.868000	0.027231
62.870000	0.017215
62.872000	0.034813
62.874000	-0.010867
62.876000	0.073568
62.878000	0.056366
62.880000	-0.023180
62.882000	0.025006
62.884000	0.023951
62.886000	0.060813
62.888000	0.092760
62.890000	0.054381
62.892000	0.070050
62.894000	-0.034829
62.896000	0.071642
62.898000	0.050049
62.900000	0.032247
62.902000	0.027006
62.904000	0.088598
62.906000	-0.057349
62.908000	-0.019917
62.910000	0.051439
62.912000	-0.007448
62.914000	0.034052
62.916000	0.033894
62.918000	-0.029047
62.920000	-0.009755
62.922000	0.089812
62.924000	-0.114275
62.926000	0.050567
62.928000	-0.003174
62.930000	-0.003461
62.932000	-0.079559
62.934000	-0.020098
62.936000	-0.050644
62.938000	0.030897
62.940000	-0.008034
62.942000	0.001711
62.944000	0.018654
62.946000	0.006056
62.948000	0.061081
62.950000	0.024717
62.952000	-0.077111
62.954000	-0.009373
62.956000	0.009631
62.958000	0.028078
62.960000	0.000035
62.962000	-0.021698
62.964000	0.051653
62.966000	-0.028364
62.968000	0.007972
62.970000	0.033074
62.972000	-0.078267
62.974000	0.038210
62.976000	-0.187940
62.978000	0.329564
62.980000	0.031982
62.982000	0.410371
62.984000	-0.350621
62.986000	0.956929
62.988000	0.515060
62.990000	0.383233
62.992000	0.251104
62.994000	-0.084956
62.996000	0.106910
62.998000	0.201123
63.000000	0.170528
63.002000	0.228397
63.004000	-0.572859
63.006000	-0.183479
63.008000	-0.124673
63.010000	0.108742
63.012000	0.122336
63.014000	0.068628
63.016000	0.705854
63.018000	-0.030032
63.020000	0.120042
63.022000	0.466218
63.024000	0.073088
63.026000	0.299251
63.028000	-0.531756
63.030000	0.368552
63.032000	-0.308660
63.034000	0.178686
63.036000	-0.165474
63.038000	0.225199
63.040000	0.389761
63.042000	0.365241
63.044000	0.239211
63.046000	0.594761
63.048000	-0.057913
63.050000	0.330687
63.052000	1.458905
63.054000	1.688623
63.056000	1.204847
63.058000	1.570731
63.060000	1.783913
63.062000	1.748164
63.064000	1.692404
63.066000	1.100179
63.068000	1.651372
63.070000	1.418245
63.072000	0.485559
63.074000	0.625176
63.076000	0.461278
63.078000	-0.524147
63.080000	0.158317
63.082000	-0.205854
63.084000	-0.171884
63.086000	-0.502792
63.088000	-0.430961
63.090000	-0.701896
63.092000	-0.346555
63.094000	-0.850184
63.096000	0.259342
63.098000	-0.562968
63.100000	-0.022524
63.102000	0.023929
63.104000	0.369703
63.106000	0.535197
63.108000	0.344392
63.110000	0.360191
63.112000	0.667730
63.114000	-0.061821
63.116000	0.281823
63.118000	0.180492
63.120000	-0.273894
63.122000	0.115626
63.124000	0.049028
63.126000	-0.094767
63.128000	0.412650
63.130000	0.063592
63.132000	0.244804
63.134000	0.351557
63.136000	0.311965
63.138000	-0.160629
63.140000	0.184819
63.142000	0.427290
63.144000	0.177490
63.146000	-0.296845
63.148000	-0.044000
63.150000	0.133606
63.152000	0.052687
63.154000	0.060414
63.156000	0.316723
63.158000	0.067718
63.160000	0.292029
63.162000	-0.022455
63.164000	0.535212
63.166000	0.467642
63.168000	0.677896
63.170000	0.114420
63.172000	-0.145985
63.174000	-0.140474
63.176000	0.144221
63.178000	-0.356385
63.180000	0.327647
63.182000	0.413279
63.184000	0.292214
63.186000	0.398920
63.188000	0.617205
63.190000	-0.216008
63.192000	-0.105396
63.194000	-0.323004
63.196000	-0.125054
63.198000	0.697182
63.200000	0.572549
63.202000	0.467837
63.204000	-0.629176
63.206000	-0.050800
63.208000	0.092420
63.210000	0.462592
63.212000	0.349267
63.214000	0.385623
63.216000	-0.452416
63.218000	0.608510
63.220000	-0.195270
63.222000	-0.152574
63.224000	0.023620
63.226000	-0.102693
63.228000	0.086039
63.230000	0.039139
63.232000	0.335995
63.234000	0.590010
63.236000	0.813037
63.238000	0.436079
63.240000	0.232837
63.242000	-0.055180
63.244000	0.408554
63.246000	0.231459
63.248000	0.086539
63.250000	-0.155953
63.252000	0.818084
63.254000	0.095674
63.256000	0.546193
63.258000	-0.651247
63.260000	-0.074816
63.262000	-0.327602
63.264000	0.514592
63.266000	0.606683
63.268000	0.083658
63.270000	0.496309
63.272000	0.396423
63.274000	0.384661
63.276000	0.081021
63.278000	0.160935
63.280000	0.374290
63.282000	-0.225672
63.284000	-0.029099
63.286000	0.204071
63.288000	-0.165644
63.290000	0.384435
63.292000	0.446668
63.294000	0.198768
63.296000	0.536886
63.298000	0.001204
63.300000	0.716633
63.302000	0.423735
63.304000	0.738900
63.306000	0.622604
63.308000	0.434365
63.310000	0.486319
63.312000	-0.047706
63.314000	0.328089
63.316000	0.020034
63.318000	0.335851
63.320000	0.562918
63.322000	-0.276048
63.324000	0.562039
63.326000	0.338024
63.328000	-0.142241
63.330000	0.463671
63.332000	-0.234390
63.334000	-0.315912
63.336000	0.543826
63.338000	-0.103260
63.340000	0.387889
63.342000	0.811007
63.344000	0.256426
63.346000	0.029996
63.348000	0.774254
63.350000	0.516776
63.352000	0.313314
63.354000	-0.130056
63.356000	0.162116
63.358000	-0.025368
63.360000	0.132108
63.362000	0.140607
63.364000	0.058955
63.366000	0.440268
63.368000	0.370437
63.370000	0.089217
63.372000	0.129846
63.374000	-0.015991
63.376000	0.396236
63.378000	-0.175746
63.380000	0.071119
63.382000	-0.230102
63.384000	-0.008626
63.386000	-0.251810
63.388000	-0.491619
63.390000	-0.069711
63.392000	-0.183326
63.394000	-0.455244
63.396000	-0.134858
63.398000	-0.585245
63.400000	-0.255731
63.402000	-0.085305
63.404000	-0.200632
63.406000	-0.222424
63.408000	-0.313019
63.410000	-0.616652
63.412000	-0.623352
63.414000	-0.659871
63.416000	-0.406512
63.418000	0.236155
63.420000	-0.411193
63.422000	-0.582952
63.424000	-0.131133
63.426000	-0.497641
63.428000	0.136368
63.430000	-0.021708
63.432000	-0.205074
63.434000	-0.743331
63.436000	0.029493
63.438000	-0.181913
63.440000	0.005559
63.442000	-0.109011
63.444000	-0.610457
63.446000	0.417621
63.448000	0.517987
63.450000	-0.167706
63.452000	-0.029614
63.454000	-0.411466
63.456000	-0.131085
63.458000	0.483716
63.460000	-0.507690
63.462000	0.034481
63.464000	1.036550
63.466000	-0.113232
63.468000	-0.037166
63.470000	-0.467243
63.472000	-0.311362
63.474000	-0.065902
63.476000	-0.009650
63.478000	0.081819
63.480000	0.149434
63.482000	-0.555658
63.484000	0.036137
63.486000	-0.665601
63.488000	-0.013266
63.490000	-0.065636
63.492000	-0.098838
63.494000	-0.041361
63.496000	-0.052090
63.498000	-0.098379
63.500000	-0.093754
63.502000	-0.056825
63.504000	0.031555
63.506000	-0.094566
63.508000	-0.040180
63.510000	-0.111776
63.512000	-0.055134
63.514000	-0.124543
63.516000	-0.057985
63.518000	0.063224
63.520000	-0.138291
63.522000	-0.064984
63.524000	-0.009379
63.526000	-0.108587
63.528000	-0.149059
63.530000	-0.057233
63.532000	-0.031005
63.534000	-0.063550
63.536000	-0.062301
63.538000	0.044585
63.540000	-0.005548
63.542000	-0.007831
63.544000	-0.012631
63.546000	-0.091380
63.548000	-0.019764
63.550000	-0.069993
63.552000	0.030871
63.554000	-0.112467
63.556000	-0.010903
63.558000	-0.057554
63.560000	-0.070206
63.562000	-0.111088
63.564000	-0.024862
63.566000	-0.111204
63.568000	-0.014046
63.570000	-0.062269
63.572000	0.019297
63.574000	0.053343
63.576000	-0.049807
63.578000	-0.069137
63.580000	-0.105418
63.582000	-0.084665
63.584000	-0.031901
63.586000	-0.008877
63.588000	-0.093764
63.590000	-0.022004
63.592000	-0.145009
63.594000	-0.084918
63.596000	-0.047089
63.598000	-0.033305
63.600000	-0.034545
63.602000	-0.029760
63.604000	-0.077646
63.606000	0.000228
63.608000	-0.173830
63.610000	-0.045359
63.612000	-0.039148
63.614000	-0.042827
63.616000	-0.076789
63.618000	-0.089359
63.620000	-0.189716
63.622000	-0.060450
63.624000	-0.114693
63.626000	-0.142152
63.628000	-0.133635
63.630000	-0.098506
63.632000	-0.010223
63.634000	0.034913
63.636000	-0.097139
63.638000	-0.090420
63.640000	-0.141117
63.642000	-0.160798
63.644000	-0.189672
63.646000	-0.067385
63.648000	-0.148907
63.650000	-0.060900
63.652000	-0.118344
63.654000	-0.088881
63.656000	-0.128251
63.658000	-0.018847
63.660000	-0.107681
63.662000	-0.097158
63.664000	-0.088182
63.666000	-0.127914
63.668000	-0.132051
63.670000	-0.073819
63.672000	-0.046665
63.674000	-0.097168
63.676000	-0.137825
63.678000	-0.119294
63.680000	-0.145148
63.682000	-0.059251
63.684000	-0.021830
63.686000	-0.161601
63.688000	-0.065344
63.690000	-0.010256
63.692000	-0.138936
63.694000	-0.164497
63.696000	-0.063798
63.698000	-0.029188
63.700000	-0.143697
63.702000	-0.094481
63.704000	-0.143451
63.706000	-0.107401
63.708000	-0.124815
63.710000	-0.174029
63.712000	-0.072433
63.714000	-0.136075
63.716000	-0.106834
63.718000	-0.103754
63.720000	-0.132572
63.722000	-0.086673
63.724000	-0.093953
63.726000	-0.122546
63.728000	-0.010429
63.730000	-0.141896
63.732000	0.029734
63.734000	-0.160200
63.736000	-0.142249
63.738000	-0.067356
63.740000	-0.102434
63.742000	0.027815
63.744000	-0.143604
63.746000	-0.098564
63.748000	-0.157151
63.750000	-0.139237
63.752000	-0.184956
63.754000	-0.052879
63.756000	-0.122646
63.758000	-0.000492
63.760000	-0.030762
63.762000	-0.025043
63.764000	-0.168312
63.766000	-0.093924
63.768000	-0.104194
63.770000	-0.035957
63.772000	-0.055332
63.774000	-0.047933
63.776000	-0.058609
63.778000	-0.148808
63.780000	-0.029896
63.782000	-0.084380
63.784000	0.010239
63.786000	-0.113387
63.788000	-0.114330
63.790000	-0.042498
63.792000	-0.031547
63.794000	0.011074
63.796000	-0.056904
63.798000	-0.058043
63.800000	-0.015190
63.802000	-0.123407
63.804000	-0.097823
63.806000	-0.023878
63.808000	-0.120454
63.810000	-0.048056
63.812000	-0.107997
63.814000	-0.151757
63.816000	-0.144852
63.818000	-0.122533
63.820000	-0.038961
63.822000	-0.104055
63.824000	-0.148883
63.826000	0.007163
63.828000	0.002852
63.830000	0.052049
63.832000	-0.094811
63.834000	0.025471
63.836000	-0.135702
63.838000	0.000941
63.840000	0.060035
63.842000	-0.089392
63.844000	-0.002884
63.846000	0.013307
63.848000	-0.091764
63.850000	-0.040616
63.852000	-0.047560
63.854000	-0.097212
63.856000	-0.039671
63.858000	-0.023956
63.860000	-0.076689
63.862000	-0.049553
63.864000	-0.034629
63.866000	0.010422
63.868000	-0.109820
63.870000	-0.033911
63.872000	-0.067824
63.874000	-0.085612
63.876000	0.053553
63.878000	-0.113490
63.880000	-0.116222
63.882000	-0.137432
63.884000	-0.128011
63.886000	-0.133109
63.888000	-0.083941
63.890000	-0.026439
63.892000	-0.023258
63.894000	-0.050189
63.896000	-0.024194
63.898000	-0.039598
63.900000	0.035250
63.902000	-0.058551
63.904000	-0.090741
63.906000	-0.060189
63.908000	-0.046237
63.910000	-0.011586
63.912000	0.010993
63.914000	-0.042133
63.916000	-0.035012
63.918000	-0.029016
63.920000	-0.001543
63.922000	-0.069301
63.924000	-0.011776
63.926000	-0.016646
63.928000	0.102460
63.930000	-0.094099
63.932000	0.001675
63.934000	0.039032
63.936000	-0.084720
63.938000	-0.060994
63.940000	-0.002897
63.942000	-0.006505
63.944000	-0.022163
63.946000	0.099587
63.948000	-0.104507
63.950000	-0.003238
63.952000	0.017633
63.954000	-0.038432
63.956000	-0.059546
63.958000	-0.052319
63.960000	-0.128185
63.962000	-0.071849
63.964000	-0.009148
63.966000	0.000072
63.968000	-0.086772
63.970000	0.062996
63.972000	0.012592
63.974000	0.020496
63.976000	-0.127351
63.978000	-0.035790
63.980000	0.037239
63.982000	0.026809
63.984000	0.016930
63.986000	0.024098
63.988000	0.068617
63.990000	-0.020604
63.992000	0.107620
63.994000	0.026936
63.996000	0.021007
63.998000	0.047182
64.000000	0.068974
64.002000	-0.344380
64.004000	-0.307959
64.006000	0.214204
64.008000	-0.095099
64.010000	-0.061453
64.012000	-0.205077
64.014000	-0.327190
64.016000	0.150745
64.018000	0.093209
64.020000	0.051783
64.022000	-0.311338
64.024000	-0.461918
64.026000	-0.374937
64.028000	0.103392
64.030000	-0.001366
64.032000	-0.217623
64.034000	-0.284128
64.036000	-0.236253
64.038000	-0.553969
64.040000	0.015452
64.042000	-0.173545
64.044000	-0.405354
64.046000	-0.177294
64.048000	-0.473571
64.050000	0.054794
64.052000	-0.256360
64.054000	0.191507
64.056000	-0.543025
64.058000	-0.623120
64.060000	-0.006088
64.062000	-0.037837
64.064000	-0.441444
64.066000	0.036650
64.068000	0.373903
64.070000	0.065493
64.072000	0.067433
64.074000	-0.441857
64.076000	0.045583
64.078000	-0.017484
64.080000	-0.058882
64.082000	-0.438503
64.084000	-0.030219
64.086000	0.281643
64.088000	-0.307670
64.090000	-0.310668
64.092000	-0.330315
64.094000	-0.004095
64.096000	-0.114046
64.098000	-0.297878
64.100000	0.046118
64.102000	-0.180463
64.104000	-0.284670
64.106000	-0.245928
64.108000	0.484351
64.110000	0.186465
64.112000	0.349788
64.114000	0.051704
64.116000	0.276538
64.118000	0.077035
64.120000	-0.402400
64.122000	0.130901
64.124000	0.107497
64.126000	-0.586628
64.128000	-0.129500
64.130000	0.347872
64.132000	-0.046785
64.134000	-0.226248
64.136000	0.318484
64.138000	0.368992
64.140000	0.337136
64.142000	-0.359368
64.144000	0.006804
64.146000	0.158699
64.148000	0.236456
64.150000	0.019364
64.152000	-0.029671
64.154000	-0.298848
64.156000	-0.070698
64.158000	0.128480
64.160000	-0.408757
64.162000	0.274925
64.164000	-0.168424
64.166000	-0.018604
64.168000	0.177565
64.170000	0.091991
64.172000	-0.173033
64.174000	-0.417152
64.176000	-0.263912
64.178000	-0.573217
64.180000	-0.225359
64.182000	-0.221709
64.184000	-0.236111
64.186000	-0.428794
64.188000	-0.290548
64.190000	-0.089969
64.192000	0.115122
64.194000	0.047351
64.196000	-0.113055
64.198000	0.212954
64.200000	-0.076185
64.202000	-0.044288
64.204000	-0.105320
64.206000	-0.273829
64.208000	0.286307
64.210000	-0.274217
64.212000	-0.077294
64.214000	0.053603
64.216000	-0.187762
64.218000	0.428446
64.220000	-0.371789
64.222000	-0.619868
64.224000	-0.351226
64.226000	0.034583
64.228000	-0.405434
64.230000	-0.406389
64.232000	0.486452
64.234000	-0.342561
64.236000	-0.487952
64.238000	-0.112102
64.240000	0.166122
64.242000	-0.287817
64.244000	0.293256
64.246000	-0.929358
64.248000	-0.023608
64.250000	-0.122104
64.252000	0.416543
64.254000	-0.156291
64.256000	-0.261667
64.258000	0.082614
64.260000	-0.201175
64.262000	0.426107
64.264000	0.142288
64.266000	0.300251
64.268000	-0.170182
64.270000	0.219491
64.272000	0.462549
64.274000	0.069635
64.276000	-0.236169
64.278000	-0.132590
64.280000	0.137472
64.282000	0.052673
64.284000	0.196227
64.286000	-0.354374
64.288000	0.123732
64.290000	-0.448351
64.292000	0.217618
64.294000	0.160296
64.296000	0.187474
64.298000	-0.113774
64.300000	-0.279695
64.302000	-0.499921
64.304000	-0.051193
64.306000	-0.228307
64.308000	-0.031811
64.310000	-0.261441
64.312000	-0.293265
64.314000	0.088262
64.316000	0.468186
64.318000	0.210323
64.320000	0.369165
64.322000	-0.157980
64.324000	0.295577
64.326000	0.188171
64.328000	0.345027
64.330000	0.466973
64.332000	0.327827
64.334000	0.276262
64.336000	0.299019
64.338000	1.115214
64.340000	1.017415
64.342000	0.980147
64.344000	0.896118
64.346000	1.512621
64.348000	1.429611
64.350000	1.320311
64.352000	1.054648
64.354000	0.685490
64.356000	0.460883
64.358000	0.378841
64.360000	0.638164
64.362000	-0.876673
64.364000	-0.485017
64.366000	-0.686268
64.368000	-0.991112
64.370000	-0.487637
64.372000	-1.132347
64.374000	-0.878012
64.376000	-0.839370
64.378000	-0.991684
64.380000	-0.488540
64.382000	-0.398625
64.384000	-0.609774
64.386000	-1.032630
64.388000	-0.490307
64.390000	-0.439626
64.392000	-0.407850
64.394000	-0.663468
64.396000	-0.246918
64.398000	-0.145338
64.400000	0.100378
64.402000	0.084377
64.404000	0.060474
64.406000	-0.130483
64.408000	-0.126432
64.410000	-0.085236
64.412000	-0.011365
64.414000	0.074700
64.416000	0.062649
64.418000	-0.474452
64.420000	-0.331258
64.422000	0.355192
64.424000	0.202329
64.426000	-0.209558
64.428000	-0.195916
64.430000	-0.444772
64.432000	-0.546544
64.434000	0.035392
64.436000	0.459139
64.438000	0.069813
64.440000	-0.021547
64.442000	0.029715
64.444000	-0.082612
64.446000	-0.356903
64.448000	-0.246446
64.450000	-0.106654
64.452000	-0.330480
64.454000	-0.289570
64.456000	-0.048181
64.458000	-0.312826
64.460000	-0.260930
64.462000	-0.001153
64.464000	-0.219242
64.466000	-0.216715
64.468000	0.073875
64.470000	0.063544
64.472000	-0.265734
64.474000	-0.264977
64.476000	0.018636
64.478000	0.451623
64.480000	0.082814
64.482000	0.390698
64.484000	0.319398
64.486000	-0.165566
64.488000	0.364471
64.490000	0.328477
64.492000	0.340891
64.494000	-0.478668
64.496000	-0.243776
64.498000	-0.142506
64.500000	0.036623
64.502000	0.168664
64.504000	0.577702
64.506000	-0.146142
64.508000	-0.504323
64.510000	-0.516444
64.512000	-0.071308
64.514000	-0.018775
64.516000	-0.243032
64.518000	-0.133018
64.520000	-0.239162
64.522000	-0.171533
64.524000	0.023256
64.526000	-0.088748
64.528000	-0.054106
64.530000	-0.132576
64.532000	-0.000451
64.534000	-0.255868
64.536000	0.124403
64.538000	-0.108657
64.540000	-0.198111
64.542000	0.173884
64.544000	-0.416706
64.546000	-0.143242
64.548000	-0.045172
64.550000	-0.253621
64.552000	-0.300908
64.554000	-0.153760
64.556000	-0.028718
64.558000	-0.063277
64.560000	-0.111542
64.562000	0.134896
64.564000	0.077835
64.566000	-0.061733
64.568000	0.046331
64.570000	-0.073335
64.572000	-0.044746
64.574000	-0.144103
64.576000	0.203549
64.578000	-0.130103
64.580000	0.128313
64.582000	-0.033977
64.584000	-0.050919
64.586000	-0.041698
64.588000	0.238953
64.590000	-0.083229
64.592000	0.058268
64.594000	-0.019531
64.596000	0.037129
64.598000	0.291175
64.600000	0.069921
64.602000	-0.139888
64.604000	0.005293
64.606000	0.203667
64.608000	0.125521
64.610000	0.182192
64.612000	0.141464
64.614000	0.076121
64.616000	-0.222537
64.618000	0.159860
64.620000	0.223154
64.622000	0.202794
64.624000	0.136060
64.626000	0.235036
64.628000	-0.053883
64.630000	0.246624
64.632000	-0.144137
64.634000	0.195368
64.636000	0.079925
64.638000	0.260930
64.640000	0.203070
64.642000	0.024284
64.644000	-0.275512
64.646000	0.242356
64.648000	0.009804
64.650000	-0.097613
64.652000	-0.200721
64.654000	-0.026998
64.656000	0.114858
64.658000	0.166266
64.660000	-0.084788
64.662000	-0.115495
64.664000	-0.138934
64.666000	-0.220641
64.668000	-0.367230
64.670000	-0.093166
64.672000	-0.250892
64.674000	-0.122275
64.676000	-0.245615
64.678000	-0.187541
64.680000	-0.081053
64.682000	-0.134790
64.684000	-0.195320
64.686000	-0.267785
64.688000	-0.180612
64.690000	-0.328572
64.692000	-0.300249
64.694000	-0.218436
64.696000	-0.219791
64.698000	-0.308735
64.700000	-0.351102
64.702000	-0.314865
64.704000	-0.380826
64.706000	-0.192954
64.708000	-0.243751
64.710000	-0.367219
64.712000	-0.225600
64.714000	-0.200345
64.716000	-0.391095
64.718000	-0.419857
64.720000	-0.112416
64.722000	-0.336078
64.724000	-0.386210
64.726000	-0.371688
64.728000	-0.331781
64.730000	-0.428470
64.732000	-0.348466
64.734000	-0.574281
64.736000	-0.206938
64.738000	-0.396671
64.740000	-0.352446
64.742000	-0.296060
64.744000	-0.389886
64.746000	-0.270215
64.748000	-0.348568
64.750000	-0.149672
64.752000	-0.154195
64.754000	-0.316393
64.756000	-0.122875
64.758000	-0.242320
64.760000	-0.414639
64.762000	-0.117770
64.764000	-0.415606
64.766000	-0.002750
64.768000	-0.341512
64.770000	-0.353378
64.772000	-0.284792
64.774000	-0.323197
64.776000	-0.659264
64.778000	-0.142717
64.780000	-0.218744
64.782000	-0.030281
64.784000	-0.158053
64.786000	-0.134584
64.788000	-0.384371
64.790000	-0.280042
64.792000	-0.238833
64.794000	-0.248074
64.796000	-0.137017
64.798000	-0.138522
64.800000	-0.084898
64.802000	-0.446821
64.804000	-0.161234
64.806000	-0.324509
64.808000	-0.095135
64.810000	-0.185024
64.812000	-0.291602
64.814000	-0.072843
64.816000	-0.094407
64.818000	-0.053041
64.820000	-0.152371
64.822000	0.001656
64.824000	0.038901
64.826000	-0.345711
64.828000	-0.312915
64.830000	-0.057858
64.832000	-0.208435
64.834000	-0.250702
64.836000	-0.206123
64.838000	-0.399664
64.840000	-0.300882
64.842000	-0.485378
64.844000	-0.146900
64.846000	-0.255914
64.848000	-0.274994
64.850000	-0.034730
64.852000	-0.066104
64.854000	0.141585
64.856000	-0.241218
64.858000	0.072732
64.860000	-0.380727
64.862000	-0.044770
64.864000	0.162136
64.866000	-0.236883
64.868000	-0.184633
64.870000	-0.067812
64.872000	-0.264371
64.874000	-0.040176
64.876000	-0.029644
64.878000	-0.346160
64.880000	-0.024590
64.882000	-0.160054
64.884000	-0.247805
64.886000	-0.282395
64.888000	-0.094908
64.890000	0.044506
64.892000	-0.330795
64.894000	-0.096161
64.896000	-0.235143
64.898000	-0.294776
64.900000	0.078925
64.902000	-0.266829
64.904000	-0.200496
64.906000	-0.463005
64.908000	-0.155297
64.910000	-0.400329
64.912000	-0.271751
64.914000	-0.073012
64.916000	-0.060389
64.918000	-0.063454
64.920000	-0.076803
64.922000	-0.115191
64.924000	-0.039513
64.926000	-0.261639
64.928000	-0.114650
64.930000	-0.166550
64.932000	-0.096760
64.934000	-0.033828
64.936000	0.011223
64.938000	-0.184678
64.940000	-0.209302
64.942000	0.035568
64.944000	0.026748
64.946000	-0.236057
64.948000	-0.074701
64.950000	-0.092959
64.952000	0.189293
64.954000	-0.164771
64.956000	0.131893
64.958000	0.237159
64.960000	-0.138680
64.962000	-0.293944
64.964000	-0.036980
64.966000	-0.002037
64.968000	-0.024602
64.970000	0.234832
64.972000	-0.043788
64.974000	-0.123152
64.976000	0.209684
64.978000	-0.173243
64.980000	0.044740
64.982000	-0.169746
64.984000	-0.231110
64.986000	-0.235557
64.988000	-0.021471
64.990000	-0.048637
64.992000	-0.252763
64.994000	0.121965
64.996000	-0.037895
64.998000	0.079502
65.000000	-0.158321
65.002000	-0.059428
65.004000	0.040451
65.006000	0.056628
65.008000	0.051696
65.010000	0.026041
65.012000	0.184046
65.014000	-0.067168
65.016000	0.367871
65.018000	-0.015403
65.020000	0.240313
65.022000	0.130631
65.024000	-0.018523
65.026000	-0.368391
65.028000	-0.406623
65.030000	-0.105306
65.032000	-0.283420
65.034000	-0.501787
65.036000	-0.482142
65.038000	-0.332175
65.040000	0.065152
65.042000	-0.464568
65.044000	-0.314868
65.046000	-0.473283
65.048000	-0.358421
65.050000	-0.535460
65.052000	-0.244358
65.054000	0.052854
65.056000	-0.469013
65.058000	-0.346810
65.060000	-0.216713
65.062000	-0.322342
65.064000	-0.658916
65.066000	-0.179485
65.068000	-0.195673
65.070000	-0.390439
65.072000	-0.429565
65.074000	-0.123425
65.076000	-0.208556
65.078000	-0.008368
65.080000	-0.295172
65.082000	-0.550545
65.084000	-0.161895
65.086000	-0.476820
65.088000	-0.062582
65.090000	-0.574296
65.092000	-0.243681
65.094000	-0.326290
65.096000	-0.407071
65.098000	-0.593794
65.100000	-0.441120
65.102000	-0.494102
65.104000	-0.161864
65.106000	-0.377114
65.108000	0.004826
65.110000	0.121833
65.112000	-0.378538
65.114000	-0.287890
65.116000	-0.606661
65.118000	-0.558942
65.120000	-0.223513
65.122000	-0.168686
65.124000	-0.515234
65.126000	-0.177958
65.128000	-0.691743
65.130000	-0.359611
65.132000	-0.256067
65.134000	-0.279695
65.136000	-0.152733
65.138000	-0.247955
65.140000	-0.240896
65.142000	-0.115416
65.144000	-0.647258
65.146000	-0.326421
65.148000	-0.165706
65.150000	-0.220785
65.152000	-0.400281
65.154000	-0.423618
65.156000	-0.682005
65.158000	-0.352841
65.160000	-0.498790
65.162000	-0.504974
65.164000	-0.409290
65.166000	-0.310584
65.168000	-0.083037
65.170000	0.012639
65.172000	-0.410674
65.174000	-0.280336
65.176000	-0.444225
65.178000	-0.566790
65.180000	-0.643392
65.182000	-0.281904
65.184000	-0.455391
65.186000	-0.126902
65.188000	-0.415760
65.190000	-0.371529
65.192000	-0.342315
65.194000	0.159885
65.196000	-0.326362
65.198000	-0.328709
65.200000	-0.414378
65.202000	-0.439096
65.204000	-0.604175
65.206000	-0.233027
65.208000	-0.015298
65.210000	-0.265488
65.212000	-0.352023
65.214000	-0.346323
65.216000	-0.498054
65.218000	-0.263581
65.220000	0.051349
65.222000	-0.602417
65.224000	-0.201634
65.226000	0.007002
65.228000	-0.356008
65.230000	-0.474518
65.232000	-0.230631
65.234000	0.098734
65.236000	-0.511831
65.238000	-0.171836
65.240000	-0.355039
65.242000	-0.197568
65.244000	-0.249921
65.246000	-0.323825
65.248000	-0.281295
65.250000	-0.257732
65.252000	-0.232258
65.254000	-0.233744
65.256000	-0.321188
65.258000	-0.212589
65.260000	-0.174759
65.262000	-0.453198
65.264000	0.106142
65.266000	-0.541957
65.268000	0.268214
65.270000	-0.543089
65.272000	-0.413952
65.274000	-0.179595
65.276000	-0.180019
65.278000	0.165461
65.280000	-0.420751
65.282000	-0.249230
65.284000	-0.628315
65.286000	-0.488810
65.288000	-0.390241
65.290000	-0.125116
65.292000	-0.379290
65.294000	0.008315
65.296000	-0.051393
65.298000	-0.042774
65.300000	-0.574951
65.302000	-0.143921
65.304000	-0.233377
65.306000	0.140767
65.308000	-0.147490
65.310000	0.023538
65.312000	-0.240095
65.314000	-0.351114
65.316000	0.037598
65.318000	-0.098372
65.320000	0.241389
65.322000	-0.386953
65.324000	-0.294141
65.326000	-0.137634
65.328000	0.020994
65.330000	0.141743
65.332000	-0.172608
65.334000	-0.175523
65.336000	0.000004
65.338000	-0.267553
65.340000	-0.210729
65.342000	-0.020766
65.344000	-0.346115
65.346000	-0.050403
65.348000	-0.395730
65.350000	-0.501810
65.352000	-0.428597
65.354000	-0.308044
65.356000	-0.123090
65.358000	-0.313776
65.360000	-0.480098
65.362000	0.103176
65.364000	0.037598
65.366000	0.092102
65.368000	-0.241532
65.370000	0.130117
65.372000	-0.341860
65.374000	0.035553
65.376000	0.218192
65.378000	-0.176913
65.380000	0.133163
65.382000	0.124998
65.384000	-0.278075
65.386000	-0.167999
65.388000	-0.181715
65.390000	-0.288288
65.392000	-0.228587
65.394000	0.002928
65.396000	-0.117070
65.398000	-0.004428
65.400000	-0.000335
65.402000	0.025796
65.404000	-0.316435
65.406000	0.034350
65.408000	-0.086015
65.410000	-0.181870
65.412000	0.194447
65.414000	-0.317439
65.416000	-0.348960
65.418000	-0.349274
65.420000	-0.460189
65.422000	-0.347986
65.424000	-0.226924
65.426000	0.053581
65.428000	-0.038436
65.430000	-0.142017
65.432000	-0.007620
65.434000	-0.074244
65.436000	0.157649
65.438000	-0.037390
65.440000	-0.314112
65.442000	-0.096132
65.444000	-0.080663
65.446000	0.013406
65.448000	0.132852
65.450000	0.003875
65.452000	-0.004751
65.454000	-0.252580
65.456000	0.116529
65.458000	-0.051861
65.460000	-0.057043
65.462000	0.007007
65.464000	0.379102
65.466000	-0.271810
65.468000	-0.078340
65.470000	0.110630
65.472000	-0.279421
65.474000	-0.091546
65.476000	0.019111
65.478000	-0.109167
65.480000	-0.052105
65.482000	0.404315
65.484000	-0.500918
65.486000	0.151868
65.488000	0.074921
65.490000	-0.014904
65.492000	-0.293882
65.494000	-0.136453
65.496000	-0.399284
65.498000	-0.103588
65.500000	-0.010020
65.502000	0.062700
65.504000	-0.171191
65.506000	0.041664
65.508000	0.161481
65.510000	0.074055
65.512000	-0.488545
65.514000	-0.170842
65.516000	-0.070006
65.518000	0.056060
65.520000	-0.133077
65.522000	-0.136514
65.524000	0.053674
65.526000	-0.293836
65.528000	0.104992
65.530000	0.014536
65.532000	-0.195540
65.534000	0.189103
65.536000	-0.359964
65.538000	-0.461639
65.540000	-0.096198
65.542000	-0.393251
65.544000	-0.108916
65.546000	0.298878
65.548000	0.420109
65.550000	0.469011
65.552000	1.049086
65.554000	1.015242
65.556000	1.513748
65.558000	1.860682
65.560000	1.289087
65.562000	1.764538
65.564000	1.889434
65.566000	1.086364
65.568000	1.592805
65.570000	0.789327
65.572000	0.989317
65.574000	0.658142
65.576000	0.347005
65.578000	-0.109506
65.580000	-0.405585
65.582000	0.152923
65.584000	-0.314795
65.586000	-0.209121
65.588000	-0.403796
65.590000	-0.572158
65.592000	0.035206
65.594000	0.008166
65.596000	-0.783445
65.598000	-0.348577
65.600000	-0.362936
65.602000	0.003746
65.604000	-0.321314
65.606000	0.036097
65.608000	-0.193092
65.610000	0.524615
65.612000	-0.232559
65.614000	-0.043229
65.616000	-0.443617
65.618000	-0.504503
65.620000	-0.101409
65.622000	-0.845566
65.624000	0.070951
65.626000	-0.058700
65.628000	0.162001
65.630000	0.165531
65.632000	-0.249757
65.634000	-0.402687
65.636000	-0.014268
65.638000	0.133837
65.640000	0.126101
65.642000	-0.135658
65.644000	0.202995
65.646000	-0.245743
65.648000	-0.293621
65.650000	0.216517
65.652000	-0.442203
65.654000	-0.132917
65.656000	0.471716
65.658000	0.138537
65.660000	-0.485670
65.662000	-0.255748
65.664000	-0.174194
65.666000	0.531260
65.668000	0.634976
65.670000	-0.159786
65.672000	0.006186
65.674000	0.365164
65.676000	0.221553
65.678000	-0.413887
65.680000	0.210605
65.682000	0.261318
65.684000	0.316465
65.686000	0.594404
65.688000	0.136308
65.690000	0.210037
65.692000	0.468567
65.694000	0.167376
65.696000	0.207143
65.698000	0.002023
65.700000	0.171164
65.702000	0.182077
65.704000	-0.678989
65.706000	0.157623
65.708000	-0.437805
65.710000	0.637815
65.712000	0.101162
65.714000	0.279126
65.716000	-0.157631
65.718000	0.456108
65.720000	0.087722
65.722000	-0.217650
65.724000	0.015424
65.726000	-0.078581
65.728000	0.234208
65.730000	-0.058368
65.732000	0.107918
65.734000	-0.020462
65.736000	0.025788
65.738000	0.257813
65.740000	-0.057864
65.742000	0.211441
65.744000	-0.267921
65.746000	-0.012583
65.748000	0.208883
65.750000	0.331578
65.752000	0.158445
65.754000	0.466784
65.756000	0.056319
65.758000	0.246686
65.760000	-0.241795
65.762000	0.577028
65.764000	0.286991
65.766000	-0.136669
65.768000	0.283434
65.770000	0.567701
65.772000	0.641181
65.774000	0.270541
65.776000	-0.100566
65.778000	-0.032245
65.780000	-0.367146
65.782000	-0.299576
65.784000	0.422101
65.786000	-0.123437
65.788000	0.449441
65.790000	0.438209
65.792000	0.631196
65.794000	0.169757
65.796000	0.635784
65.798000	0.205358
65.800000	0.606300
65.802000	-0.078981
65.804000	0.305600
65.806000	0.013501
65.808000	-0.056360
65.810000	0.083738
65.812000	0.227385
65.814000	0.103193
65.816000	0.391172
65.818000	0.267670
65.820000	0.156511
65.822000	0.261757
65.824000	0.096995
65.826000	0.513833
65.828000	0.101876
65.830000	0.074557
65.832000	0.230241
65.834000	0.863813
65.836000	0.399539
65.838000	0.089903
65.840000	0.673530
65.842000	0.082154
65.844000	0.048722
65.846000	0.521780
65.848000	0.041916
65.850000	0.622628
65.852000	-0.065445
65.854000	-0.263027
65.856000	0.390935
65.858000	0.151494
65.860000	0.540472
65.862000	0.002526
65.864000	0.034173
65.866000	0.250295
65.868000	0.014605
65.870000	-0.118566
65.872000	0.287369
65.874000	0.100380
65.876000	0.169541
65.878000	-0.131780
65.880000	0.060597
65.882000	-0.242047
65.884000	-0.122863
65.886000	-0.176965
65.888000	-0.540484
65.890000	-0.035273
65.892000	-0.285420
65.894000	-0.298916
65.896000	0.280417
65.898000	-0.477517
65.900000	0.240853
65.902000	0.196521
65.904000	-0.166853
65.906000	-0.046886
65.908000	-0.386487
65.910000	-0.451556
65.912000	0.155030
65.914000	-0.098731
65.916000	-0.018324
65.918000	-0.067867
65.920000	0.268381
65.922000	-0.557266
65.924000	-0.064306
65.926000	-0.503995
65.928000	0.073426
65.930000	0.169503
65.932000	-0.105547
65.934000	-0.177342
65.936000	-0.266520
65.938000	-0.095797
65.940000	0.017152
65.942000	-0.029995
65.944000	-0.436842
65.946000	0.284037
65.948000	-0.212687
65.950000	0.274403
65.952000	0.015751
65.954000	-0.007370
65.956000	-0.422599
65.958000	-0.484029
65.960000	-0.572812
65.962000	0.141876
65.964000	-0.008704
65.966000	0.109247
65.968000	-0.128077
65.970000	0.187494
65.972000	-0.236730
65.974000	0.016610
65.976000	-0.211547
65.978000	0.459544
65.980000	0.012800
65.982000	-0.047890
65.984000	0.090786
65.986000	0.326977
65.988000	-0.483322
65.990000	-0.111007
65.992000	-0.139269
65.994000	-0.317907
65.996000	0.178307
65.998000	0.142259
66.000000	0.135048
66.002000	-0.292992
66.004000	0.103325
66.006000	-0.166059
66.008000	-0.242338
66.010000	-0.370847
66.012000	-0.091073
66.014000	-0.102044
66.016000	0.218228
66.018000	-0.299751
66.020000	-0.210940
66.022000	-0.356147
66.024000	0.304483
66.026000	0.160241
66.028000	0.361082
66.030000	0.238194
66.032000	0.002574
66.034000	0.621892
66.036000	-0.340068
66.038000	0.135672
66.040000	-0.168852
66.042000	0.190355
66.044000	0.059464
66.046000	-0.351978
66.048000	0.011832
66.050000	-0.062980
66.052000	-0.053666
66.054000	-0.021235
66.056000	-0.017643
66.058000	-0.077694
66.060000	-0.085698
66.062000	-0.044363
66.064000	0.001526
66.066000	-0.056671
66.068000	-0.057750
66.070000	-0.059887
66.072000	-0.052117
66.074000	-0.055287
66.076000	-0.020867
66.078000	0.012296
66.080000	-0.022923
66.082000	-0.041584
66.084000	-0.031948
66.086000	-0.019248
66.088000	-0.080819
66.090000	-0.009883
66.092000	-0.034002
66.094000	-0.043657
66.096000	-0.055495
66.098000	-0.030302
66.100000	-0.031056
66.102000	-0.019884
66.104000	-0.040693
66.106000	-0.067312
66.108000	-0.014003
66.110000	-0.070285
66.112000	-0.036315
66.114000	-0.067737
66.116000	-0.046502
66.118000	-0.052166
66.120000	-0.060455
66.122000	-0.074769
66.124000	-0.083071
66.126000	-0.063868
66.128000	-0.033488
66.130000	-0.061239
66.132000	-0.020164
66.134000	-0.016148
66.136000	-0.052764
66.138000	-0.034059
66.140000	-0.086762
66.142000	-0.094001
66.144000	-0.038387
66.146000	-0.023127
66.148000	-0.081944
66.150000	-0.036374
66.152000	-0.080950
66.154000	-0.060570
66.156000	-0.044985
66.158000	-0.044228
66.160000	-0.036811
66.162000	-0.056829
66.164000	-0.039373
66.166000	-0.028755
66.168000	-0.075721
66.170000	-0.050936
66.172000	-0.024727
66.174000	-0.053224
66.176000	-0.041333
66.178000	-0.080124
66.180000	-0.064756
66.182000	-0.045480
66.184000	-0.094134
66.186000	-0.064116
66.188000	-0.042544
66.190000	-0.050473
66.192000	-0.022062
66.194000	-0.015302
66.196000	-0.065868
66.198000	-0.027947
66.200000	-0.054145
66.202000	-0.066487
66.204000	-0.077604
66.206000	-0.049907
66.208000	-0.046507
66.210000	-0.015508
66.212000	-0.060166
66.214000	-0.053827
66.216000	-0.043488
66.218000	0.026174
66.220000	-0.026759
66.222000	-0.047725
66.224000	-0.046623
66.226000	-0.048011
66.228000	-0.069336
66.230000	-0.021549
66.232000	-0.002243
66.234000	-0.018883
66.236000	-0.015457
66.238000	-0.037112
66.240000	-0.046514
66.242000	-0.023546
66.244000	0.020430
66.246000	-0.060252
66.248000	-0.021607
66.250000	0.017734
66.252000	-0.043871
66.254000	-0.035334
66.256000	-0.038344
66.258000	0.036952
66.260000	-0.057588
66.262000	-0.007488
66.264000	-0.032339
66.266000	-0.006003
66.268000	-0.016095
66.270000	-0.005515
66.272000	-0.023475
66.274000	-0.040686
66.276000	0.007890
66.278000	-0.023221
66.280000	-0.031524
66.282000	-0.020542
66.284000	-0.012882
66.286000	-0.060051
66.288000	0.021975
66.290000	-0.047292
66.292000	0.051033
66.294000	-0.055848
66.296000	-0.032850
66.298000	0.000970
66.300000	-0.008598
66.302000	0.007535
66.304000	-0.025618
66.306000	-0.009990
66.308000	-0.066950
66.310000	-0.058149
66.312000	-0.010404
66.314000	0.008622
66.316000	-0.042740
66.318000	0.005484
66.320000	-0.006007
66.322000	-0.001919
66.324000	-0.065974
66.326000	0.000830
66.328000	-0.034640
66.330000	0.035499
66.332000	-0.017427
66.334000	0.009072
66.336000	-0.045304
66.338000	-0.024804
66.340000	0.000457
66.342000	0.009436
66.344000	0.014818
66.346000	-0.074637
66.348000	-0.023733
66.350000	-0.016658
66.352000	-0.006473
66.354000	0.000553
66.356000	-0.029286
66.358000	-0.069401
66.360000	-0.001938
66.362000	-0.019725
66.364000	-0.015057
66.366000	-0.004687
66.368000	-0.074280
66.370000	0.013957
66.372000	-0.055163
66.374000	-0.045333
66.376000	-0.041758
66.378000	-0.024004
66.380000	-0.007500
66.382000	-0.039904
66.384000	-0.032667
66.386000	0.015030
66.388000	-0.006844
66.390000	0.004260
66.392000	-0.018285
66.394000	0.015411
66.396000	-0.029436
66.398000	-0.000531
66.400000	0.015054
66.402000	-0.008124
66.404000	0.031988
66.406000	0.026515
66.408000	-0.019205
66.410000	-0.021431
66.412000	-0.032997
66.414000	-0.022904
66.416000	-0.030497
66.418000	0.013414
66.420000	0.009198
66.422000	0.019752
66.424000	0.021496
66.426000	0.004687
66.428000	-0.015597
66.430000	-0.001363
66.432000	0.011720
66.434000	0.006745
66.436000	0.031733
66.438000	-0.031677
66.440000	-0.030950
66.442000	-0.005063
66.444000	-0.030348
66.446000	-0.011624
66.448000	0.012509
66.450000	0.016038
66.452000	0.021260
66.454000	0.007166
66.456000	0.012192
66.458000	0.001450
66.460000	0.049534
66.462000	0.033577
66.464000	-0.021015
66.466000	0.005196
66.468000	0.017854
66.470000	0.018199
66.472000	0.048013
66.474000	0.030439
66.476000	0.034946
66.478000	-0.021512
66.480000	0.044717
66.482000	0.029702
66.484000	0.030076
66.486000	0.023111
66.488000	0.056840
66.490000	-0.029775
66.492000	-0.004515
66.494000	0.036270
66.496000	0.007492
66.498000	0.025828
66.500000	0.025097
66.502000	-0.006051
66.504000	0.013332
66.506000	0.074677
66.508000	-0.045898
66.510000	0.058445
66.512000	0.003836
66.514000	0.009845
66.516000	-0.032381
66.518000	-0.003665
66.520000	-0.023742
66.522000	0.016280
66.524000	0.004701
66.526000	0.012341
66.528000	0.019030
66.530000	0.008245
66.532000	0.035666
66.534000	0.012004
66.536000	-0.045446
66.538000	-0.001123
66.540000	0.018117
66.542000	0.033857
66.544000	0.012279
66.546000	0.002059
66.548000	0.037084
66.550000	-0.005794
66.552000	0.016985
66.554000	0.030136
66.556000	-0.042337
66.558000	0.023619
66.560000	-0.089091
66.562000	0.072231
66.564000	0.415139
66.566000	-0.223581
66.568000	-0.030625
66.570000	0.465693
66.572000	0.006025
66.574000	0.080390
66.576000	0.048396
66.578000	0.142643
66.580000	-0.055530
66.582000	0.297277
66.584000	0.278906
66.586000	0.543580
66.588000	0.016499
66.590000	-0.135944
66.592000	0.407478
66.594000	0.073200
66.596000	-0.009668
66.598000	0.494361
66.600000	-0.328091
66.602000	-0.179610
66.604000	0.320524
66.606000	-0.059340
66.608000	0.254719
66.610000	-0.200408
66.612000	0.350142
66.614000	-0.032450
66.616000	0.001088
66.618000	0.205281
66.620000	-0.340956
66.622000	0.322469
66.624000	0.116966
66.626000	0.049766
66.628000	-0.147736
66.630000	0.180002
66.632000	-0.297202
66.634000	0.586737
66.636000	-0.241205
66.638000	0.056330
66.640000	-0.020770
66.642000	-0.376996
66.644000	-0.066144
66.646000	-0.284445
66.648000	0.141697
66.650000	-0.007637
66.652000	0.292449
66.654000	0.571597
66.656000	0.163628
66.658000	-0.143018
66.660000	0.044018
66.662000	0.056759
66.664000	0.520332
66.666000	0.189619
66.668000	0.366141
66.670000	-0.257438
66.672000	-0.007996
66.674000	0.222621
66.676000	0.111777
66.678000	-0.171215
66.680000	0.409818
66.682000	-0.308903
66.684000	-0.130342
66.686000	0.017892
66.688000	0.313005
66.690000	0.577171
66.692000	0.101337
66.694000	0.344599
66.696000	0.382550
66.698000	0.166567
66.700000	0.527868
66.702000	0.694620
66.704000	-0.508847
66.706000	-0.214541
66.708000	0.431577
66.710000	0.034993
66.712000	0.283973
66.714000	0.124709
66.716000	0.328527
66.718000	0.174308
66.720000	0.179592
66.722000	0.088411
66.724000	0.122145
66.726000	0.056548
66.728000	-0.026340
66.730000	-0.340568
66.732000	0.236515
66.734000	0.267189
66.736000	0.107266
66.738000	0.168852
66.740000	-0.158878
66.742000	0.210460
66.744000	-0.331035
66.746000	0.238711
66.748000	-0.077577
66.750000	0.119761
66.752000	0.466154
66.754000	0.035709
66.756000	0.281798
66.758000	0.093642
66.760000	0.125727
66.762000	-0.167720
66.764000	0.083092
66.766000	0.559464
66.768000	0.113249
66.770000	-0.282690
66.772000	0.096797
66.774000	0.539099
66.776000	0.676049
66.778000	0.481615
66.780000	-0.197980
66.782000	0.398643
66.784000	-0.115125
66.786000	0.065707
66.788000	0.178319
66.790000	0.436525
66.792000	0.358562
66.794000	0.438385
66.796000	0.141886
66.798000	0.189905
66.800000	0.320749
66.802000	0.284619
66.804000	0.406241
66.806000	0.444913
66.808000	0.327411
66.810000	0.119190
66.812000	0.057561
66.814000	-0.198438
66.816000	0.219920
66.818000	0.213576
66.820000	0.350686
66.822000	-0.033899
66.824000	0.628891
66.826000	-0.180551
66.828000	0.253135
66.830000	-0.221610
66.832000	-0.250584
66.834000	-0.292125
66.836000	0.390992
66.838000	0.263794
66.840000	0.097736
66.842000	-0.272198
66.844000	0.185475
66.846000	0.833496
66.848000	0.212926
66.850000	0.712086
66.852000	0.875069
66.854000	1.018884
66.856000	1.640324
66.858000	1.565061
66.860000	2.155848
66.862000	1.362514
66.864000	1.318778
66.866000	1.173192
66.868000	1.407298
66.870000	0.869410
66.872000	0.714230
66.874000	0.203015
66.876000	-0.236419
66.878000	-0.376720
66.880000	-0.122593
66.882000	-0.823527
66.884000	-0.685506
66.886000	-0.572603
66.888000	-0.869623
66.890000	-0.591295
66.892000	-0.605271
66.894000	0.007891
66.896000	-0.238499
66.898000	-0.896767
66.900000	-0.525654
66.902000	-0.839982
66.904000	-0.500933
66.906000	-0.186430
66.908000	-0.093019
66.910000	-0.401442
66.912000	-0.629315
66.914000	0.112730
66.916000	-0.308604
66.918000	-0.204581
66.920000	-0.558978
66.922000	0.136077
66.924000	0.354423
66.926000	0.236804
66.928000	-0.525549
66.930000	-0.563970
66.932000	0.476083
66.934000	0.133776
66.936000	0.057494
66.938000	-0.312760
66.940000	0.765432
66.942000	0.450275
66.944000	0.028077
66.946000	-0.509277
66.948000	-0.328139
66.950000	0.436914
66.952000	-0.170293
66.954000	-0.347449
66.956000	-0.120998
66.958000	0.271306
66.960000	0.099507
66.962000	-0.269298
66.964000	-0.345793
66.966000	-0.375448
66.968000	-0.409972
66.970000	0.540792
66.972000	-0.437218
66.974000	-0.101195
66.976000	0.312009
66.978000	0.413472
66.980000	0.234003
66.982000	-0.355009
66.984000	-0.311574
66.986000	0.337955
66.988000	-0.035912
66.990000	-0.210803
66.992000	0.151099
66.994000	0.108028
66.996000	-0.468938
66.998000	0.051538
67.000000	-0.395727
67.002000	0.612853
67.004000	-0.035173
67.006000	-0.123639
67.008000	0.084305
67.010000	0.158612
67.012000	-0.720467
67.014000	-0.055085
67.016000	-0.036499
67.018000	-0.355861
67.020000	-0.061257
67.022000	-0.413979
67.024000	0.088355
67.026000	0.842863
67.028000	0.264768
67.030000	0.253270
67.032000	0.433479
67.034000	-0.507186
67.036000	-0.415139
67.038000	0.179945
67.040000	0.757818
67.042000	-0.264763
67.044000	0.303905
67.046000	0.004874
67.048000	0.512772
67.050000	-0.431329
67.052000	-0.771997
67.054000	-0.203252
67.056000	-0.329784
67.058000	-0.325594
67.060000	0.059589
67.062000	-0.237404
67.064000	-0.215333
67.066000	0.129724
67.068000	0.345481
67.070000	-0.530950
67.072000	-0.105122
67.074000	0.461638
67.076000	0.306086
67.078000	0.028568
67.080000	0.139525
67.082000	0.467374
67.084000	0.352747
67.086000	0.437869
67.088000	0.003016
67.090000	0.281400
67.092000	0.317887
67.094000	0.202223
67.096000	0.375752
67.098000	0.416489
67.100000	0.117202
67.102000	0.106226
67.104000	0.164313
67.106000	0.364267
67.108000	0.338407
67.110000	0.179962
67.112000	0.508709
67.114000	0.132347
67.116000	0.232891
67.118000	0.368624
67.120000	0.449762
67.122000	0.445822
67.124000	0.275538
67.126000	0.184309
67.128000	0.504861
67.130000	0.601220
67.132000	0.227610
67.134000	0.514475
67.136000	0.415740
67.138000	0.573486
67.140000	0.502431
67.142000	0.300551
67.144000	0.407026
67.146000	0.479481
67.148000	0.664951
67.150000	0.433561
67.152000	0.221327
67.154000	0.529672
67.156000	0.229081
67.158000	0.040610
67.160000	0.452961
67.162000	0.222480
67.164000	0.659464
67.166000	0.711189
67.168000	0.329593
67.170000	0.331199
67.172000	0.508400
67.174000	0.189619
67.176000	0.488517
67.178000	0.335346
67.180000	0.363938
67.182000	0.269584
67.184000	0.093705
67.186000	0.251896
67.188000	0.147106
67.190000	0.239056
67.192000	0.312630
67.194000	0.260163
67.196000	0.056954
67.198000	0.189208
67.200000	0.283955
67.202000	0.318820
67.204000	0.232871
67.206000	0.222149
67.208000	0.199865
67.210000	0.029749
67.212000	0.041910
67.214000	-0.067482
67.216000	-0.060781
67.218000	-0.000246
67.220000	0.086028
67.222000	-0.036274
67.224000	-0.094866
67.226000	0.028568
67.228000	0.064166
67.230000	0.170927
67.232000	-0.049301
67.234000	-0.123893
67.236000	0.063146
67.238000	0.125273
67.240000	-0.050674
67.242000	-0.368787
67.244000	-0.098361
67.246000	0.038630
67.248000	0.221481
67.250000	-0.054198
67.252000	0.181252
67.254000	-0.016841
67.256000	-0.204282
67.258000	-0.151841
67.260000	-0.058564
67.262000	-0.066769
67.264000	0.186610
67.266000	0.037363
67.268000	-0.301780
67.270000	0.075877
67.272000	-0.115734
67.274000	-0.202093
67.276000	-0.127021
67.278000	0.008014
67.280000	0.111763
67.282000	-0.325341
67.284000	0.214739
67.286000	-0.243698
67.288000	0.047236
67.290000	-0.198264
67.292000	-0.075895
67.294000	-0.231515
67.296000	0.144461
67.298000	-0.160886
67.300000	-0.303348
67.302000	-0.102418
67.304000	0.000914
67.306000	0.022573
67.308000	-0.024479
67.310000	0.294927
67.312000	-0.150353
67.314000	0.278587
67.316000	-0.399708
67.318000	0.136961
67.320000	0.061170
67.322000	0.083572
67.324000	-0.075313
67.326000	-0.016368
67.328000	0.057754
67.330000	-0.066871
67.332000	0.300337
67.334000	0.239585
67.336000	-0.102255
67.338000	0.002349
67.340000	0.202080
67.342000	0.124590
67.344000	-0.022451
67.346000	-0.114051
67.348000	0.316832
67.350000	-0.142844
67.352000	-0.020604
67.354000	-0.305115
67.356000	0.070718
67.358000	-0.262045
67.360000	0.222877
67.362000	0.105522
67.364000	-0.133650
67.366000	-0.058875
67.368000	-0.257174
67.370000	0.237083
67.372000	0.072640
67.374000	0.106653
67.376000	-0.077644
67.378000	-0.111134
67.380000	0.118671
67.382000	0.100241
67.384000	-0.090264
67.386000	-0.100019
67.388000	-0.001834
67.390000	-0.082625
67.392000	0.137110
67.394000	-0.041205
67.396000	0.218004
67.398000	0.199811
67.400000	0.114879
67.402000	0.110576
67.404000	0.005908
67.406000	0.045501
67.408000	0.120367
67.410000	-0.048050
67.412000	-0.068999
67.414000	0.124753
67.416000	-0.007280
67.418000	-0.169504
67.420000	0.061782
67.422000	-0.107210
67.424000	-0.132871
67.426000	-0.049710
67.428000	-0.110925
67.430000	-0.191394
67.432000	0.061803
67.434000	0.131459
67.436000	0.231565
67.438000	0.105962
67.440000	0.134841
67.442000	-0.045980
67.444000	-0.002820
67.446000	-0.112864
67.448000	0.004381
67.450000	0.004743
67.452000	-0.005883
67.454000	-0.130292
67.456000	-0.072715
67.458000	-0.065779
67.460000	-0.119263
67.462000	0.121036
67.464000	0.142103
67.466000	-0.062879
67.468000	0.120824
67.470000	0.012674
67.472000	0.043182
67.474000	-0.088011
67.476000	0.012055
67.478000	-0.043871
67.480000	-0.173151
67.482000	-0.041311
67.484000	-0.147745
67.486000	-0.107339
67.488000	0.076575
67.490000	-0.131867
67.492000	-0.077533
67.494000	-0.194494
67.496000	-0.124027
67.498000	-0.024812
67.500000	-0.064568
67.502000	0.295177
67.504000	-0.036926
67.506000	-0.155553
67.508000	-0.077160
67.510000	-0.071021
67.512000	-0.131691
67.514000	0.102709
67.516000	0.062424
67.518000	-0.003394
67.520000	0.024173
67.522000	-0.201863
67.524000	0.013881
67.526000	0.035941
67.528000	0.084296
67.530000	-0.260113
67.532000	0.346156
67.534000	-0.264019
67.536000	-0.089505
67.538000	-0.047341
67.540000	0.071063
67.542000	-0.030630
67.544000	0.141793
67.546000	-0.210733
67.548000	-0.140690
67.550000	-0.279372
67.552000	-0.175889
67.554000	0.108288
67.556000	-0.281077
67.558000	-0.111141
67.560000	0.261323
67.562000	0.021748
67.564000	0.110763
67.566000	-0.142477
67.568000	0.153243
67.570000	0.004840
67.572000	-0.160682
67.574000	-0.014873
67.576000	0.010252
67.578000	-0.187062
67.580000	0.259097
67.582000	-0.122104
67.584000	-0.001450
67.586000	-0.085214
67.588000	-0.102824
67.590000	-0.026189
67.592000	-0.050290
67.594000	-0.128718
67.596000	-0.108228
67.598000	-0.066604
67.600000	0.033071
67.602000	-0.100873
67.604000	-0.052404
67.606000	-0.091447
67.608000	-0.064648
67.610000	-0.134774
67.612000	-0.065567
67.614000	0.048104
67.616000	-0.132632
67.618000	-0.077785
67.620000	-0.017677
67.622000	-0.091974
67.624000	-0.180756
67.626000	-0.072914
67.628000	-0.036715
67.630000	-0.078966
67.632000	-0.082888
67.634000	-0.003969
67.636000	-0.038879
67.638000	-0.024770
67.640000	-0.042916
67.642000	-0.129413
67.644000	-0.061119
67.646000	-0.109501
67.648000	0.001832
67.650000	-0.157760
67.652000	-0.071214
67.654000	-0.084355
67.656000	-0.122914
67.658000	-0.147973
67.660000	-0.089806
67.662000	-0.141523
67.664000	-0.032899
67.666000	-0.088984
67.668000	0.025001
67.670000	0.034766
67.672000	-0.056896
67.674000	-0.072758
67.676000	-0.138058
67.678000	-0.120627
67.680000	-0.035546
67.682000	-0.022457
67.684000	-0.130776
67.686000	-0.028295
67.688000	-0.171667
67.690000	-0.102459
67.692000	-0.088255
67.694000	-0.073805
67.696000	-0.035857
67.698000	-0.035456
67.700000	-0.100233
67.702000	-0.021474
67.704000	-0.172640
67.706000	-0.090888
67.708000	-0.060808
67.710000	-0.058620
67.712000	-0.099977
67.714000	-0.109167
67.716000	-0.194736
67.718000	-0.075604
67.720000	-0.120669
67.722000	-0.139098
67.724000	-0.159878
67.726000	-0.088342
67.728000	-0.010456
67.730000	0.042028
67.732000	-0.095907
67.734000	-0.096732
67.736000	-0.124508
67.738000	-0.146659
67.740000	-0.169377
67.742000	-0.080631
67.744000	-0.121929
67.746000	-0.052517
67.748000	-0.111629
67.750000	-0.077496
67.752000	-0.134460
67.754000	0.005121
67.756000	-0.099413
67.758000	-0.075364
67.760000	-0.119401
67.762000	-0.097171
67.764000	-0.129170
67.766000	-0.065091
67.768000	-0.019303
67.770000	-0.077854
67.772000	-0.120561
67.774000	-0.089748
67.776000	-0.147826
67.778000	-0.055393
67.780000	0.004447
67.782000	-0.152189
67.784000	-0.035192
67.786000	0.026516
67.788000	-0.103270
67.790000	-0.156985
67.792000	-0.079326
67.794000	0.016130
67.796000	-0.132005
67.798000	-0.074826
67.800000	-0.142099
67.802000	-0.078918
67.804000	-0.091362
67.806000	-0.131483
67.808000	-0.067280
67.810000	-0.082272
67.812000	-0.061649
67.814000	-0.074356
67.816000	-0.117405
67.818000	-0.065918
67.820000	-0.068571
67.822000	-0.110967
67.824000	0.022080
67.826000	-0.152969
67.828000	0.060648
67.830000	-0.146568
67.832000	-0.136756
67.834000	-0.081280
67.836000	-0.096447
67.838000	0.042578
67.840000	-0.133725
67.842000	-0.068124
67.844000	-0.154040
67.846000	-0.153209
67.848000	-0.152203
67.850000	-0.065536
67.852000	-0.132461
67.854000	-0.000907
67.856000	-0.026782
67.858000	-0.015027
67.860000	-0.158482
67.862000	-0.057447
67.864000	-0.071377
67.866000	-0.017300
67.868000	-0.060176
67.870000	-0.012149
67.872000	-0.063421
67.874000	-0.144391
67.876000	-0.010862
67.878000	-0.072051
67.880000	0.038754
67.882000	-0.100333
67.884000	-0.114775
67.886000	-0.038395
67.888000	-0.005823
67.890000	0.018562
67.892000	-0.069155
67.894000	-0.037235
67.896000	-0.010021
67.898000	-0.109826
67.900000	-0.122491
67.902000	-0.023296
67.904000	-0.124225
67.906000	-0.059596
67.908000	-0.134281
67.910000	-0.189753
67.912000	-0.161534
67.914000	-0.136735
67.916000	-0.046973
67.918000	-0.099711
67.920000	-0.169514
67.922000	-0.016771
67.924000	0.000909
67.926000	0.029004
67.928000	-0.099199
67.930000	0.004078
67.932000	-0.166228
67.934000	-0.014175
67.936000	0.048696
67.938000	-0.085895
67.940000	-0.004413
67.942000	0.016973
67.944000	-0.094473
67.946000	-0.039804
67.948000	-0.040987
67.950000	-0.108013
67.952000	-0.036346
67.954000	-0.018470
67.956000	-0.056757
67.958000	-0.025530
67.960000	-0.022849
67.962000	0.006635
67.964000	-0.093137
67.966000	-0.002635
67.968000	-0.034578
67.970000	-0.051191
67.972000	0.089260
67.974000	-0.087942
67.976000	-0.087960
67.978000	-0.093533
67.980000	-0.108468
67.982000	-0.075576
67.984000	-0.041254
67.986000	0.022018
67.988000	-0.012216
67.990000	-0.049692
67.992000	-0.024843
67.994000	-0.022664
67.996000	0.033212
67.998000	-0.041323
68.000000	-0.080770
68.002000	-0.042012
68.004000	-0.032899
68.006000	-0.015068
68.008000	-0.015036
68.010000	-0.062060
68.012000	-0.062283
68.014000	-0.064189
68.016000	-0.027630
68.018000	-0.085579
68.020000	-0.051801
68.022000	-0.033743
68.024000	0.076087
68.026000	-0.107447
68.028000	-0.031511
68.030000	-0.003889
68.032000	-0.116759
68.034000	-0.055487
68.036000	-0.030896
68.038000	-0.040247
68.040000	-0.040025
68.042000	0.097483
68.044000	-0.143200
68.046000	0.014563
68.048000	0.026876
68.050000	-0.034841
68.052000	-0.072832
68.054000	-0.053643
68.056000	-0.146441
68.058000	-0.065260
68.060000	-0.021137
68.062000	0.001399
68.064000	-0.092668
68.066000	0.047036
68.068000	0.021052
68.070000	0.023674
68.072000	-0.157914
68.074000	-0.057737
68.076000	0.014973
68.078000	0.040293
68.080000	-0.000190
68.082000	0.023142
68.084000	0.085579
68.086000	-0.012569
68.088000	0.085423
68.090000	0.045572
68.092000	0.009372
68.094000	0.046693
68.096000	-0.404476
68.098000	0.435059
68.100000	0.353279
68.102000	-0.210225
68.104000	0.251829
68.106000	-0.063466
68.108000	-0.759302
68.110000	-0.160471
68.112000	-0.098532
68.114000	-0.205050
68.116000	0.015750
68.118000	-0.201745
68.120000	-0.099336
68.122000	-0.589941
68.124000	0.183663
68.126000	-0.252066
68.128000	-0.072158
68.130000	-0.024799
68.132000	-0.165018
68.134000	-0.722903
68.136000	0.258134
68.138000	-0.069913
68.140000	0.618424
68.142000	0.409850
68.144000	1.177986
68.146000	0.980927
68.148000	1.388551
68.150000	1.719602
68.152000	1.877134
68.154000	1.605477
68.156000	1.691921
68.158000	1.995568
68.160000	0.856821
68.162000	0.824628
68.164000	0.761037
68.166000	0.311414
68.168000	0.544791
68.170000	-0.102427
68.172000	-0.475581
68.174000	-0.576820
68.176000	-0.229688
68.178000	0.189496
68.180000	-0.382439
68.182000	-0.519556
68.184000	-0.416408
68.186000	-0.092441
68.188000	-0.002240
68.190000	0.048229
68.192000	-0.326116
68.194000	-0.265436
68.196000	-0.027406
68.198000	0.239238
68.200000	0.562372
68.202000	-0.224774
68.204000	-0.418184
68.206000	-0.202774
68.208000	-0.222999
68.210000	-0.385956
68.212000	0.189981
68.214000	-0.047590
68.216000	-0.474658
68.218000	0.138370
68.220000	-0.040472
68.222000	-0.358659
68.224000	-0.142721
68.226000	0.035545
68.228000	-0.146816
68.230000	-0.146066
68.232000	-0.087348
68.234000	-0.123353
68.236000	-0.125021
68.238000	0.369944
68.240000	0.101696
68.242000	-0.138339
68.244000	0.042769
68.246000	-0.123986
68.248000	-0.653807
68.250000	-0.257010
68.252000	0.111794
68.254000	0.011642
68.256000	-0.638661
68.258000	0.004540
68.260000	0.252909
68.262000	0.151111
68.264000	-0.294036
68.266000	-0.221947
68.268000	0.083017
68.270000	-0.056732
68.272000	0.263417
68.274000	0.076936
68.276000	0.139327
68.278000	-0.041709
68.280000	-0.757796
68.282000	0.108415
68.284000	-0.564717
68.286000	-0.220035
68.288000	0.228972
68.290000	-0.126407
68.292000	-0.531550
68.294000	0.200324
68.296000	-0.460094
68.298000	-0.059034
68.300000	-0.271003
68.302000	-0.063872
68.304000	0.503649
68.306000	-0.930781
68.308000	-0.003797
68.310000	-0.232140
68.312000	0.025004
68.314000	0.001450
68.316000	-0.170219
68.318000	-0.390031
68.320000	0.275279
68.322000	-0.263181
68.324000	-0.328784
68.326000	0.412693
68.328000	0.137374
68.330000	-0.282805
68.332000	-0.091190
68.334000	-0.185027
68.336000	0.267385
68.338000	0.362137
68.340000	0.044883
68.342000	0.140690
68.344000	0.211173
68.346000	-0.193709
68.348000	0.162342
68.350000	0.225756
68.352000	-0.089578
68.354000	-0.197042
68.356000	0.021752
68.358000	0.687016
68.360000	0.375590
68.362000	0.569903
68.364000	0.188772
68.366000	0.354410
68.368000	0.179297
68.370000	0.285080
68.372000	0.424581
68.374000	0.280046
68.376000	-0.093121
68.378000	0.033680
68.380000	0.598589
68.382000	0.036575
68.384000	0.703470
68.386000	0.085949
68.388000	0.557415
68.390000	0.232792
68.392000	-0.092188
68.394000	0.390248
68.396000	0.277236
68.398000	0.298816
68.400000	-0.192722
68.402000	0.498083
68.404000	0.431591
68.406000	-0.080240
68.408000	-0.368499
68.410000	-0.261815
68.412000	0.471539
68.414000	-0.150591
68.416000	0.523712
68.418000	0.286561
68.420000	-0.189759
68.422000	0.894890
68.424000	-0.028169
68.426000	0.659927
68.428000	0.331618
68.430000	0.189313
68.432000	-0.040475
68.434000	-0.002269
68.436000	0.195596
68.438000	-0.069818
68.440000	-0.243487
68.442000	0.151488
68.444000	0.127566
68.446000	0.031545
68.448000	-0.006183
68.450000	-0.437529
68.452000	0.233241
68.454000	-0.004320
68.456000	-0.333626
68.458000	0.447231
68.460000	-0.106922
68.462000	0.143106
68.464000	-0.065884
68.466000	0.310053
68.468000	-0.287243
68.470000	0.053237
68.472000	-0.414336
68.474000	0.073219
68.476000	0.255577
68.478000	-0.376750
68.480000	-0.306961
68.482000	-0.214414
68.484000	-0.312316
68.486000	0.311084
68.488000	-0.575869
68.490000	-0.147813
68.492000	-0.162648
68.494000	0.244168
68.496000	-0.018864
68.498000	-0.439809
68.500000	-0.740085
68.502000	-0.284228
68.504000	-0.222542
68.506000	-0.355832
68.508000	-0.124377
68.510000	-0.407651
68.512000	-0.485584
68.514000	-0.311490
68.516000	-0.387323
68.518000	-0.044357
68.520000	-0.006132
68.522000	-0.119317
68.524000	-0.132608
68.526000	0.107442
68.528000	-0.203074
68.530000	0.012631
68.532000	-0.048182
68.534000	0.051991
68.536000	-0.217159
68.538000	-0.260309
68.540000	-0.363223
68.542000	-0.694827
68.544000	-0.435142
68.546000	-0.293447
68.548000	-0.237142
68.550000	-0.285452
68.552000	-0.031262
68.554000	-0.263654
68.556000	-0.132310
68.558000	-0.884919
68.560000	-0.504660
68.562000	0.381581
68.564000	0.194241
68.566000	0.047106
68.568000	0.009956
68.570000	0.092775
68.572000	-0.149623
68.574000	-0.032041
68.576000	-0.108455
68.578000	-0.399358
68.580000	-0.086426
68.582000	-0.079928
68.584000	-0.160408
68.586000	-0.078187
68.588000	-0.111922
68.590000	-0.207069
68.592000	0.106477
68.594000	-0.297027
68.596000	-0.569372
68.598000	0.113026
68.600000	0.001997
68.602000	-0.049840
68.604000	0.043699
68.606000	0.083682
68.608000	0.025282
68.610000	-0.258534
68.612000	-0.285770
68.614000	-0.102463
68.616000	-0.138261
68.618000	-0.370496
68.620000	-0.348177
68.622000	-0.228763
68.624000	0.037304
68.626000	-0.317187
68.628000	-0.222714
68.630000	-0.333207
68.632000	-0.222845
68.634000	-0.365474
68.636000	-0.159349
68.638000	0.111823
68.640000	-0.288420
68.642000	-0.231111
68.644000	-0.107960
68.646000	-0.214587
68.648000	-0.485921
68.650000	-0.139989
68.652000	-0.144830
68.654000	-0.247493
68.656000	-0.285925
68.658000	-0.066076
68.660000	-0.135135
68.662000	-0.072834
68.664000	-0.176265
68.666000	-0.366291
68.668000	-0.121579
68.670000	-0.324228
68.672000	-0.046080
68.674000	-0.375368
68.676000	-0.166428
68.678000	-0.223453
68.680000	-0.293301
68.682000	-0.383516
68.684000	-0.281053
68.686000	-0.351423
68.688000	-0.120857
68.690000	-0.300745
68.692000	-0.021424
68.694000	0.061257
68.696000	-0.214495
68.698000	-0.211898
68.700000	-0.398684
68.702000	-0.379840
68.704000	-0.132656
68.706000	-0.076392
68.708000	-0.376863
68.710000	-0.133773
68.712000	-0.463790
68.714000	-0.276160
68.716000	-0.177634
68.718000	-0.176486
68.720000	-0.127638
68.722000	-0.184407
68.724000	-0.237775
68.726000	-0.090968
68.728000	-0.470194
68.730000	-0.228830
68.732000	-0.137814
68.734000	-0.190560
68.736000	-0.242569
68.738000	-0.351146
68.740000	-0.490198
68.742000	-0.217528
68.744000	-0.383802
68.746000	-0.397164
68.748000	-0.317306
68.750000	-0.251406
68.752000	-0.065071
68.754000	0.023121
68.756000	-0.319241
68.758000	-0.210939
68.760000	-0.345385
68.762000	-0.423786
68.764000	-0.498417
68.766000	-0.230699
68.768000	-0.350671
68.770000	-0.127901
68.772000	-0.329113
68.774000	-0.287833
68.776000	-0.303588
68.778000	0.053852
68.780000	-0.236351
68.782000	-0.278625
68.784000	-0.281504
68.786000	-0.321594
68.788000	-0.403060
68.790000	-0.179125
68.792000	-0.063798
68.794000	-0.212533
68.796000	-0.279255
68.798000	-0.286539
68.800000	-0.387696
68.802000	-0.183951
68.804000	0.001177
68.806000	-0.437896
68.808000	-0.160220
68.810000	0.016021
68.812000	-0.326409
68.814000	-0.363200
68.816000	-0.203868
68.818000	0.053208
68.820000	-0.391930
68.822000	-0.159808
68.824000	-0.309958
68.826000	-0.174657
68.828000	-0.227280
68.830000	-0.266651
68.832000	-0.201206
68.834000	-0.285399
68.836000	-0.141934
68.838000	-0.209802
68.840000	-0.286281
68.842000	-0.177707
68.844000	-0.158793
68.846000	-0.351469
68.848000	0.050691
68.850000	-0.364495
68.852000	0.201209
68.854000	-0.398033
68.856000	-0.332252
68.858000	-0.134161
68.860000	-0.192731
68.862000	0.078885
68.864000	-0.314075
68.866000	-0.170887
68.868000	-0.444199
68.870000	-0.387798
68.872000	-0.303541
68.874000	-0.094849
68.876000	-0.298223
68.878000	-0.002910
68.880000	-0.082319
68.882000	-0.032248
68.884000	-0.424153
68.886000	-0.125675
68.888000	-0.227917
68.890000	0.036835
68.892000	-0.129753
68.894000	-0.004104
68.896000	-0.199448
68.898000	-0.287100
68.900000	-0.021335
68.902000	-0.086705
68.904000	0.095341
68.906000	-0.349102
68.908000	-0.234581
68.910000	-0.098112
68.912000	-0.010259
68.914000	0.077725
68.916000	-0.143950
68.918000	-0.181629
68.920000	0.028990
68.922000	-0.216693
68.924000	-0.189377
68.926000	-0.020991
68.928000	-0.335491
68.930000	-0.053690
68.932000	-0.310638
68.934000	-0.368272
68.936000	-0.340558
68.938000	-0.277561
68.940000	-0.089270
68.942000	-0.268251
68.944000	-0.361921
68.946000	0.030713
68.948000	-0.002089
68.950000	0.067578
68.952000	-0.207596
68.954000	0.068028
68.956000	-0.308356
68.958000	-0.004037
68.960000	0.119901
68.962000	-0.156893
68.964000	0.066853
68.966000	0.081546
68.968000	-0.227690
68.970000	-0.134491
68.972000	-0.172599
68.974000	-0.230777
68.976000	-0.152876
68.978000	-0.026066
68.980000	-0.091857
68.982000	-0.022265
68.984000	0.017594
68.986000	0.025667
68.988000	-0.196530
68.990000	-0.030274
68.992000	-0.075055
68.994000	-0.130673
68.996000	0.191785
68.998000	-0.256203
69.000000	-0.271085
69.002000	-0.243439
69.004000	-0.294269
69.006000	-0.250121
69.008000	-0.133832
69.010000	0.004173
69.012000	-0.004826
69.014000	-0.081200
69.016000	-0.017570
69.018000	-0.067070
69.020000	0.157073
69.022000	-0.023039
69.024000	-0.219774
69.026000	-0.079052
69.028000	-0.034787
69.030000	0.021212
69.032000	0.105058
69.034000	-0.010761
69.036000	0.009016
69.038000	-0.124883
69.040000	0.082175
69.042000	-0.046852
69.044000	0.025641
69.046000	0.016443
69.048000	0.290060
69.050000	-0.216688
69.052000	-0.020712
69.054000	0.120772
69.056000	-0.145225
69.058000	-0.043205
69.060000	0.015009
69.062000	-0.050203
69.064000	-0.022396
69.066000	0.348199
69.068000	-0.307332
69.070000	0.144799
69.072000	0.062542
69.074000	-0.022840
69.076000	-0.186414
69.078000	-0.087477
69.080000	-0.270407
69.082000	-0.057216
69.084000	-0.008464
69.086000	0.040977
69.088000	-0.084650
69.090000	0.120403
69.092000	0.122587
69.094000	0.089762
69.096000	-0.308293
69.098000	-0.067356
69.100000	0.087683
69.102000	0.138414
69.104000	0.023112
69.106000	0.038916
69.108000	0.238797
69.110000	-0.057913
69.112000	0.211529
69.114000	0.122965
69.116000	-0.061858
69.118000	0.136069
69.120000	-0.175921
69.122000	-0.441389
69.124000	0.438911
69.126000	0.124471
69.128000	-0.231228
69.130000	0.247759
69.132000	-0.291186
69.134000	-0.285341
69.136000	-0.651901
69.138000	-0.063929
69.140000	-0.140795
69.142000	0.166074
69.144000	-0.355913
69.146000	-0.495165
69.148000	-0.338751
69.150000	-0.174572
69.152000	0.245112
69.154000	0.262417
69.156000	0.401239
69.158000	0.104502
69.160000	0.182175
69.162000	-0.276625
69.164000	-0.528462
69.166000	0.076827
69.168000	0.062267
69.170000	-0.526036
69.172000	-0.340207
69.174000	0.165264
69.176000	-0.063354
69.178000	-0.254098
69.180000	-0.336734
69.182000	0.145290
69.184000	-0.015842
69.186000	-0.171277
69.188000	-0.046712
69.190000	0.128348
69.192000	0.260146
69.194000	0.065862
69.196000	0.074326
69.198000	-0.065220
69.200000	-0.104334
69.202000	-0.151960
69.204000	0.202257
69.206000	-0.451314
69.208000	-0.455447
69.210000	0.156822
69.212000	0.188768
69.214000	-0.259063
69.216000	0.397487
69.218000	0.176081
69.220000	-0.270335
69.222000	-0.023653
69.224000	0.127354
69.226000	0.054871
69.228000	-0.236207
69.230000	0.353546
69.232000	0.330174
69.234000	0.509960
69.236000	0.075399
69.238000	0.446207
69.240000	0.499333
69.242000	-0.202711
69.244000	0.076956
69.246000	-0.013109
69.248000	-0.092503
69.250000	-0.378603
69.252000	0.286591
69.254000	-0.450676
69.256000	-0.249656
69.258000	0.130050
69.260000	-0.375131
69.262000	0.421052
69.264000	-0.278731
69.266000	0.193284
69.268000	0.385105
69.270000	-0.389673
69.272000	0.559847
69.274000	0.137093
69.276000	0.924888
69.278000	-0.083771
69.280000	-0.113820
69.282000	-0.114696
69.284000	-0.028236
69.286000	0.031275
69.288000	0.137594
69.290000	0.036006
69.292000	0.255258
69.294000	-0.235691
69.296000	0.241758
69.298000	-0.028029
69.300000	0.306532
69.302000	-0.638553
69.304000	-0.075520
69.306000	0.439240
69.308000	0.476896
69.310000	0.185862
69.312000	-0.260689
69.314000	0.217953
69.316000	-0.229802
69.318000	0.001305
69.320000	-0.001591
69.322000	-0.141990
69.324000	-0.150141
69.326000	0.646664
69.328000	-0.100833
69.330000	0.158141
69.332000	0.075025
69.334000	0.146775
69.336000	-0.526219
69.338000	0.170909
69.340000	0.113636
69.342000	0.838233
69.344000	0.386194
69.346000	0.380765
69.348000	0.508108
69.350000	0.550120
69.352000	0.499232
69.354000	0.778378
69.356000	1.634164
69.358000	1.172649
69.360000	1.472654
69.362000	1.886831
69.364000	1.341080
69.366000	1.198282
69.368000	1.764993
69.370000	1.244491
69.372000	0.916912
69.374000	0.114350
69.376000	0.551969
69.378000	-0.482819
69.380000	-0.051958
69.382000	-0.410275
69.384000	-0.269983
69.386000	-0.035686
69.388000	-0.705921
69.390000	-0.648695
69.392000	-0.913146
69.394000	-0.442145
69.396000	-1.084563
69.398000	-0.754913
69.400000	0.092680
69.402000	-0.324971
69.404000	-0.457750
69.406000	-0.164388
69.408000	-0.251504
69.410000	0.156975
69.412000	0.227800
69.414000	0.081042
69.416000	0.081323
69.418000	-0.241940
69.420000	0.137727
69.422000	0.012216
69.424000	-0.104270
69.426000	-0.627789
69.428000	0.448942
69.430000	-0.134888
69.432000	-0.167258
69.434000	0.051250
69.436000	-0.068086
69.438000	0.020213
69.440000	-0.282570
69.442000	-0.164795
69.444000	-0.356913
69.446000	-0.031748
69.448000	-0.226900
69.450000	0.135990
69.452000	-0.133985
69.454000	-0.250763
69.456000	0.250941
69.458000	-0.221442
69.460000	-0.146608
69.462000	-0.383286
69.464000	0.237315
69.466000	-0.104153
69.468000	0.223927
69.470000	-0.439438
69.472000	0.132795
69.474000	0.281442
69.476000	-0.148265
69.478000	-0.129457
69.480000	-0.435272
69.482000	0.026095
69.484000	0.412387
69.486000	0.374422
69.488000	0.329858
69.490000	0.176660
69.492000	0.231723
69.494000	0.171230
69.496000	-0.186668
69.498000	0.011858
69.500000	0.084490
69.502000	0.370129
69.504000	-0.286100
69.506000	0.217181
69.508000	0.400509
69.510000	-0.233438
69.512000	0.450890
69.514000	0.348539
69.516000	0.097165
69.518000	0.054626
69.520000	0.228507
69.522000	0.069152
69.524000	0.133643
69.526000	0.554851
69.528000	-0.179919
69.530000	0.186442
69.532000	0.276474
69.534000	0.119562
69.536000	0.205272
69.538000	0.121435
69.540000	-0.179244
69.542000	-0.120442
69.544000	0.202258
69.546000	0.326907
69.548000	0.729015
69.550000	-0.233300
69.552000	-0.170945
69.554000	0.195906
69.556000	0.241631
69.558000	-0.016619
69.560000	0.123914
69.562000	-0.207383
69.564000	-0.152124
69.566000	0.037648
69.568000	0.508167
69.570000	-0.231195
69.572000	0.534387
69.574000	0.205486
69.576000	0.287312
69.578000	0.167915
69.580000	-0.034470
69.582000	0.296770
69.584000	0.137457
69.586000	-0.083906
69.588000	0.149322
69.590000	0.091670
69.592000	0.541126
69.594000	0.526884
69.596000	0.208829
69.598000	0.475773
69.600000	0.403436
69.602000	0.062674
69.604000	0.220356
69.606000	-0.371307
69.608000	0.102180
69.610000	0.020880
69.612000	0.115617
69.614000	-0.115989
69.616000	0.313840
69.618000	-0.320898
69.620000	0.194368
69.622000	0.513327
69.624000	-0.353783
69.626000	0.166968
69.628000	-0.094709
69.630000	-0.033105
69.632000	0.136277
69.634000	0.316582
69.636000	0.311286
69.638000	0.091059
69.640000	0.376876
69.642000	0.342449
69.644000	0.249002
69.646000	0.476127
69.648000	0.213045
69.650000	0.370142
69.652000	0.311373
69.654000	0.334061
69.656000	0.235837
69.658000	0.322280
69.660000	0.353491
69.662000	0.219677
69.664000	0.363140
69.666000	0.362390
69.668000	0.421548
69.670000	0.247445
69.672000	0.293628
69.674000	0.159643
69.676000	0.118345
69.678000	0.279428
69.680000	0.286169
69.682000	0.345097
69.684000	0.150473
69.686000	-0.087244
69.688000	0.304847
69.690000	0.227433
69.692000	0.037600
69.694000	0.204336
69.696000	0.131703
69.698000	0.125386
69.700000	0.110499
69.702000	0.034969
69.704000	0.117040
69.706000	0.105170
69.708000	0.053211
69.710000	-0.118809
69.712000	-0.133115
69.714000	0.061770
69.716000	0.023989
69.718000	-0.287541
69.720000	0.125019
69.722000	0.041886
69.724000	0.147102
69.726000	0.073409
69.728000	-0.007903
69.730000	-0.043294
69.732000	-0.075358
69.734000	0.033639
69.736000	0.097194
69.738000	-0.154620
69.740000	-0.062243
69.742000	-0.130106
69.744000	-0.231471
69.746000	0.007047
69.748000	-0.186231
69.750000	-0.088209
69.752000	-0.071839
69.754000	0.049849
69.756000	-0.225540
69.758000	-0.173144
69.760000	-0.250711
69.762000	0.140892
69.764000	0.037065
69.766000	-0.160167
69.768000	-0.095097
69.770000	-0.062353
69.772000	-0.064036
69.774000	-0.249962
69.776000	-0.041051
69.778000	0.072186
69.780000	-0.021720
69.782000	-0.024272
69.784000	-0.284066
69.786000	-0.032660
69.788000	-0.029807
69.790000	0.102231
69.792000	-0.039861
69.794000	-0.045990
69.796000	-0.037495
69.798000	0.025984
69.800000	-0.341473
69.802000	-0.107641
69.804000	-0.247887
69.806000	0.065255
69.808000	0.075410
69.810000	-0.005215
69.812000	0.056424
69.814000	0.043816
69.816000	-0.132674
69.818000	-0.131020
69.820000	-0.245885
69.822000	-0.179181
69.824000	-0.037636
69.826000	-0.001792
69.828000	-0.118884
69.830000	-0.024565
69.832000	-0.085811
69.834000	-0.025499
69.836000	-0.240378
69.838000	-0.124810
69.840000	-0.095394
69.842000	-0.162237
69.844000	0.056714
69.846000	-0.111295
69.848000	-0.123338
69.850000	-0.035556
69.852000	-0.082368
69.854000	-0.249090
69.856000	0.007312
69.858000	-0.225394
69.860000	-0.160902
69.862000	-0.128201
69.864000	-0.084244
69.866000	-0.049039
69.868000	-0.024472
69.870000	-0.027077
69.872000	-0.059951
69.874000	-0.057407
69.876000	-0.213223
69.878000	-0.107572
69.880000	0.123778
69.882000	-0.054554
69.884000	-0.077727
69.886000	0.084458
69.888000	-0.089037
69.890000	-0.082877
69.892000	0.071535
69.894000	-0.002314
69.896000	-0.033799
69.898000	-0.109705
69.900000	0.015890
69.902000	0.020250
69.904000	0.020670
69.906000	-0.096328
69.908000	0.039471
69.910000	-0.107479
69.912000	-0.030144
69.914000	-0.046467
69.916000	0.032768
69.918000	-0.140451
69.920000	0.020587
69.922000	0.025821
69.924000	-0.065088
69.926000	-0.064588
69.928000	-0.134300
69.930000	0.109870
69.932000	0.015876
69.934000	0.029950
69.936000	0.012350
69.938000	0.042366
69.940000	0.077800
69.942000	0.066162
69.944000	-0.075952
69.946000	-0.080431
69.948000	-0.099552
69.950000	-0.024615
69.952000	-0.080621
69.954000	0.042936
69.956000	0.118682
69.958000	0.015032
69.960000	-0.111885
69.962000	0.052967
69.964000	-0.021259
69.966000	-0.062732
69.968000	0.007843
69.970000	-0.075680
69.972000	-0.013693
69.974000	0.113301
69.976000	-0.102938
69.978000	-0.071309
69.980000	-0.212891
69.982000	-0.107886
69.984000	-0.131027
69.986000	-0.117835
69.988000	-0.071783
69.990000	-0.044740
69.992000	0.066396
69.994000	-0.004282
69.996000	0.124113
69.998000	0.050124
70.000000	0.098321
70.002000	-0.008956
70.004000	-0.124888
70.006000	-0.086613
70.008000	-0.007920
70.010000	0.030668
70.012000	0.058884
70.014000	-0.120593
70.016000	0.084022
70.018000	-0.099053
70.020000	-0.029770
70.022000	-0.011104
70.024000	0.012162
70.026000	-0.037025
70.028000	-0.106351
70.030000	-0.023958
70.032000	-0.104067
70.034000	-0.012988
70.036000	0.018854
70.038000	-0.075670
70.040000	-0.132238
70.042000	0.008204
70.044000	0.064725
70.046000	0.038821
70.048000	-0.040079
70.050000	-0.056385
70.052000	-0.061876
70.054000	-0.077211
70.056000	-0.179624
70.058000	-0.017068
70.060000	-0.027182
70.062000	0.182292
70.064000	-0.065314
70.066000	-0.138009
70.068000	-0.038109
70.070000	0.041922
70.072000	-0.011281
70.074000	-0.065699
70.076000	-0.025184
70.078000	-0.044107
70.080000	-0.007496
70.082000	-0.000598
70.084000	-0.081148
70.086000	0.073043
70.088000	0.032649
70.090000	-0.144277
70.092000	0.118691
70.094000	-0.043750
70.096000	-0.162119
70.098000	-0.085074
70.100000	-0.060025
70.102000	-0.110240
70.104000	-0.072748
70.106000	-0.218461
70.108000	0.034810
70.110000	-0.183386
70.112000	-0.103952
70.114000	0.076375
70.116000	-0.108471
70.118000	-0.111378
70.120000	-0.105071
70.122000	-0.043393
70.124000	0.186746
70.126000	-0.065776
70.128000	0.080450
70.130000	0.115790
70.132000	-0.128189
70.134000	0.015066
70.136000	-0.000263
70.138000	-0.024873
70.140000	0.091950
70.142000	-0.053179
70.144000	0.353628
70.146000	-0.258919
70.148000	-0.123340
70.150000	-0.192099
70.152000	0.598254
70.154000	0.115700
70.156000	-0.200344
70.158000	-0.394396
70.160000	-0.351086
70.162000	0.113215
70.164000	-0.521778
70.166000	0.090082
70.168000	-0.092650
70.170000	0.060784
70.172000	-0.021194
70.174000	-0.034382
70.176000	0.692434
70.178000	-0.400782
70.180000	0.019661
70.182000	0.122946
70.184000	-0.356334
70.186000	0.125329
70.188000	0.073091
70.190000	-0.213526
70.192000	-0.297085
70.194000	-0.674267
70.196000	0.086284
70.198000	-0.701859
70.200000	0.211189
70.202000	-0.140433
70.204000	-0.338545
70.206000	-0.053263
70.208000	-0.190555
70.210000	0.386340
70.212000	-0.149785
70.214000	-0.055244
70.216000	-0.027935
70.218000	0.172328
70.220000	-0.072091
70.222000	0.506939
70.224000	0.225512
70.226000	-0.387083
70.228000	-0.384763
70.230000	-0.162755
70.232000	-0.048950
70.234000	-0.027735
70.236000	0.042009
70.238000	-0.100808
70.240000	0.233977
70.242000	0.265415
70.244000	-0.184850
70.246000	-0.112225
70.248000	0.183547
70.250000	-0.381360
70.252000	0.240677
70.254000	0.292580
70.256000	-0.188300
70.258000	-0.097442
70.260000	-0.103657
70.262000	-0.178419
70.264000	-0.025005
70.266000	0.007263
70.268000	-0.052657
70.270000	0.101211
70.272000	0.487392
70.274000	-0.380756
70.276000	-0.022775
70.278000	0.296051
70.280000	-0.027364
70.282000	0.008458
70.284000	0.120702
70.286000	0.017688
70.288000	0.096341
70.290000	-0.182148
70.292000	-0.109295
70.294000	0.241441
70.296000	-0.005881
70.298000	0.177867
70.300000	0.347366
70.302000	0.077545
70.304000	-0.155394
70.306000	0.182062
70.308000	-0.120678
70.310000	-0.174923
70.312000	0.175583
70.314000	0.083878
70.316000	0.028458
70.318000	-0.435356
70.320000	0.231611
70.322000	0.158547
70.324000	0.469746
70.326000	0.118495
70.328000	-0.274053
70.330000	-0.292815
70.332000	0.033837
70.334000	-0.188117
70.336000	-0.304118
70.338000	-0.244447
70.340000	-0.115852
70.342000	0.160544
70.344000	0.205564
70.346000	0.180930
70.348000	-0.226761
70.350000	0.607434
70.352000	-0.196804
70.354000	0.010990
70.356000	0.014081
70.358000	-0.217187
70.360000	0.019829
70.362000	-0.051094
70.364000	0.147955
70.366000	0.319887
70.368000	0.087599
70.370000	-0.150447
70.372000	0.496289
70.374000	-0.162948
70.376000	-0.399806
70.378000	0.071696
70.380000	0.377944
70.382000	0.061594
70.384000	-0.548516
70.386000	0.317901
70.388000	0.395612
70.390000	0.108538
70.392000	-0.135856
70.394000	0.216703
70.396000	-0.046972
70.398000	-0.242148
70.400000	0.069412
70.402000	0.011906
70.404000	0.075703
70.406000	0.198318
70.408000	0.543550
70.410000	0.734760
70.412000	0.034677
70.414000	-0.261246
70.416000	0.059074
70.418000	0.022308
70.420000	-0.179808
70.422000	0.105571
70.424000	-0.576566
70.426000	-0.265055
70.428000	0.080529
70.430000	0.193746
70.432000	-0.111167
70.434000	0.261850
70.436000	-0.082068
70.438000	0.108871
70.440000	-0.582316
70.442000	-0.449524
70.444000	0.131902
70.446000	0.208417
70.448000	0.070117
70.450000	0.168541
70.452000	0.284236
70.454000	-0.273048
70.456000	0.512293
70.458000	0.201044
70.460000	0.366451
70.462000	0.301238
70.464000	-0.473781
70.466000	0.092247
70.468000	0.254898
70.470000	0.454493
70.472000	0.503435
70.474000	0.123776
70.476000	0.367079
70.478000	0.091441
70.480000	0.599487
70.482000	0.275583
70.484000	-0.215161
70.486000	-0.153037
70.488000	0.271068
70.490000	0.387306
70.492000	0.581239
70.494000	-0.116714
70.496000	0.153570
70.498000	0.370159
70.500000	0.448390
70.502000	0.036334
70.504000	0.448975
70.506000	-0.301957
70.508000	-0.119510
70.510000	0.357032
70.512000	-0.120877
70.514000	0.065075
70.516000	0.462128
70.518000	0.019516
70.520000	0.083871
70.522000	0.426778
70.524000	0.436265
70.526000	0.128751
70.528000	-0.003211
70.530000	-0.134374
70.532000	0.315094
70.534000	0.044115
70.536000	-0.486153
70.538000	0.313974
70.540000	-0.028503
70.542000	0.017265
70.544000	0.076764
70.546000	-0.293448
70.548000	0.361609
70.550000	-0.011627
70.552000	0.269658
70.554000	-0.242925
70.556000	0.392627
70.558000	0.065639
70.560000	0.077884
70.562000	-0.133213
70.564000	0.513326
70.566000	0.277220
70.568000	0.555601
70.570000	0.374057
70.572000	0.160652
70.574000	-0.011532
70.576000	-0.073478
70.578000	-0.031079
70.580000	0.498154
70.582000	0.016917
70.584000	0.064504
70.586000	0.411597
70.588000	-0.010189
70.590000	0.345751
70.592000	0.708611
70.594000	0.596807
70.596000	-0.052965
70.598000	0.222699
70.600000	-0.028350
70.602000	0.500949
70.604000	0.291669
70.606000	0.488344
70.608000	-0.058513
70.610000	0.128495
70.612000	0.181299
70.614000	0.687792
70.616000	1.200576
70.618000	1.094869
70.620000	0.717779
70.622000	1.196389
70.624000	1.457352
70.626000	1.132198
70.628000	1.107644
70.630000	1.811343
70.632000	1.862880
70.634000	1.366734
70.636000	1.398556
70.638000	1.634229
70.640000	1.467073
70.642000	0.069587
70.644000	0.697850
70.646000	-0.404986
70.648000	-0.056384
70.650000	-0.217678
70.652000	-0.790543
70.654000	-0.781426
70.656000	0.118007
70.658000	0.089144
70.660000	0.034392
70.662000	0.015007
70.664000	-0.276819
70.666000	-0.193042
70.668000	-0.321267
70.670000	-0.563116
70.672000	-0.331277
70.674000	-0.292332
70.676000	-0.157349
70.678000	-0.029736
70.680000	-0.273086
70.682000	-0.079942
70.684000	-0.190651
70.686000	-0.218151
70.688000	-0.211100
70.690000	-0.115701
70.692000	0.116511
70.694000	-0.000893
70.696000	0.061940
70.698000	-0.086019
70.700000	0.120953
70.702000	-0.114822
70.704000	0.033620
70.706000	-0.185621
70.708000	0.140650
70.710000	-0.002722
70.712000	-0.019794
70.714000	0.072603
70.716000	0.059256
70.718000	0.076435
70.720000	-0.126332
70.722000	-0.115155
70.724000	-0.196283
70.726000	0.107476
70.728000	-0.067147
70.730000	0.051100
70.732000	0.111534
70.734000	-0.014215
70.736000	0.128232
70.738000	-0.044462
70.740000	-0.053221
70.742000	-0.059523
70.744000	-0.183736
70.746000	0.097727
70.748000	0.098411
70.750000	0.094034
70.752000	-0.045537
70.754000	-0.020694
70.756000	0.005177
70.758000	0.115896
70.760000	0.177058
70.762000	0.011510
70.764000	0.031339
70.766000	0.227438
70.768000	0.201783
70.770000	0.131654
70.772000	0.178414
70.774000	-0.024224
70.776000	0.293063
70.778000	-0.196512
70.780000	0.149064
70.782000	-0.011534
70.784000	0.089648
70.786000	-0.022351
70.788000	0.054939
70.790000	-0.056481
70.792000	0.125313
70.794000	0.135271
70.796000	0.006080
70.798000	0.236453
70.800000	0.056215
70.802000	0.108098
70.804000	0.189506
70.806000	-0.114213
70.808000	0.183931
70.810000	0.325854
70.812000	0.390645
70.814000	0.034825
70.816000	-0.016034
70.818000	0.144720
70.820000	0.170332
70.822000	0.042212
70.824000	0.009376
70.826000	-0.035936
70.828000	0.240616
70.830000	0.218293
70.832000	-0.013840
70.834000	0.422664
70.836000	0.091575
70.838000	-0.048882
70.840000	0.136068
70.842000	0.335752
70.844000	0.075570
70.846000	0.299165
70.848000	0.171197
70.850000	0.045653
70.852000	0.241219
70.854000	0.183871
70.856000	0.173596
70.858000	0.283239
70.860000	0.361346
70.862000	0.187583
70.864000	0.069115
70.866000	0.092530
70.868000	0.236415
70.870000	0.249403
70.872000	0.059051
70.874000	0.229697
70.876000	0.220812
70.878000	0.275370
70.880000	0.220576
70.882000	0.548356
70.884000	0.354127
70.886000	0.425084
70.888000	0.351235
70.890000	0.432013
70.892000	0.399210
70.894000	0.204121
70.896000	0.340018
70.898000	0.257412
70.900000	0.158634
70.902000	0.479518
70.904000	0.293048
70.906000	0.204834
70.908000	0.286502
70.910000	0.098181
70.912000	0.360214
70.914000	0.390641
70.916000	0.353280
70.918000	0.252183
70.920000	0.102959
70.922000	0.322534
70.924000	0.134895
70.926000	0.273582
70.928000	0.233533
70.930000	0.381124
70.932000	0.266594
70.934000	0.289791
70.936000	0.328310
70.938000	0.095504
70.940000	0.081765
70.942000	0.270112
70.944000	0.115551
70.946000	0.079076
70.948000	0.103836
70.950000	-0.171326
70.952000	0.043681
70.954000	0.177801
70.956000	0.127127
70.958000	-0.040402
70.960000	-0.200010
70.962000	-0.178152
70.964000	0.035153
70.966000	-0.065436
70.968000	-0.255264
70.970000	-0.045425
70.972000	-0.142560
70.974000	-0.212617
70.976000	-0.062839
70.978000	-0.272194
70.980000	-0.210688
70.982000	-0.155598
70.984000	-0.190991
70.986000	-0.159501
70.988000	-0.019721
70.990000	0.011635
70.992000	-0.169276
70.994000	-0.272253
70.996000	-0.173139
70.998000	-0.292778
71.000000	-0.280928
71.002000	-0.190710
71.004000	0.054095
71.006000	0.012535
71.008000	-0.185043
71.010000	-0.164537
71.012000	-0.229982
71.014000	-0.162614
71.016000	-0.299173
71.018000	-0.086679
71.020000	-0.200567
71.022000	-0.116546
71.024000	-0.285958
71.026000	-0.194352
71.028000	-0.023161
71.030000	-0.112843
71.032000	-0.238167
71.034000	-0.102439
71.036000	-0.135083
71.038000	0.077245
71.040000	-0.157868
71.042000	0.011690
71.044000	-0.157646
71.046000	-0.207940
71.048000	0.111175
71.050000	0.047141
71.052000	0.140641
71.054000	-0.069338
71.056000	-0.037030
71.058000	-0.074814
71.060000	-0.039398
71.062000	-0.065817
71.064000	0.003720
71.066000	0.123251
71.068000	-0.198803
71.070000	-0.147695
71.072000	-0.091445
71.074000	0.024247
71.076000	0.124023
71.078000	-0.180729
71.080000	-0.005123
71.082000	-0.004508
71.084000	0.061623
71.086000	-0.134533
71.088000	-0.085640
71.090000	0.186326
71.092000	-0.087882
71.094000	-0.043736
71.096000	-0.078070
71.098000	0.173691
71.100000	-0.015745
71.102000	-0.108707
71.104000	-0.128207
71.106000	-0.013286
71.108000	-0.070434
71.110000	0.011492
71.112000	0.008379
71.114000	-0.105196
71.116000	-0.106374
71.118000	-0.077590
71.120000	0.036220
71.122000	0.194170
71.124000	0.106650
71.126000	0.162196
71.128000	0.028977
71.130000	-0.027265
71.132000	-0.080877
71.134000	0.252942
71.136000	-0.043455
71.138000	-0.038664
71.140000	-0.225537
71.142000	-0.065889
71.144000	0.196150
71.146000	-0.061492
71.148000	-0.223499
71.150000	-0.053677
71.152000	-0.122060
71.154000	-0.049285
71.156000	0.065051
71.158000	0.140655
71.160000	-0.149721
71.162000	0.105168
71.164000	0.245019
71.166000	0.076900
71.168000	0.034832
71.170000	-0.181683
71.172000	-0.211115
71.174000	-0.076208
71.176000	-0.089841
71.178000	-0.275679
71.180000	-0.257230
71.182000	-0.155509
71.184000	0.045978
71.186000	-0.234274
71.188000	-0.159130
71.190000	-0.251207
71.192000	-0.167878
71.194000	-0.286107
71.196000	-0.119338
71.198000	0.108606
71.200000	-0.245010
71.202000	-0.181348
71.204000	-0.061596
71.206000	-0.175443
71.208000	-0.399086
71.210000	-0.124520
71.212000	-0.120942
71.214000	-0.196250
71.216000	-0.222519
71.218000	-0.031866
71.220000	-0.098605
71.222000	-0.068031
71.224000	-0.126152
71.226000	-0.286298
71.228000	-0.094289
71.230000	-0.256343
71.232000	-0.017966
71.234000	-0.310622
71.236000	-0.129876
71.238000	-0.181773
71.240000	-0.241110
71.242000	-0.319582
71.244000	-0.219055
71.246000	-0.304992
71.248000	-0.096868
71.250000	-0.244131
71.252000	-0.000334
71.254000	0.050773
71.256000	-0.164468
71.258000	-0.174241
71.260000	-0.323268
71.262000	-0.295930
71.264000	-0.105989
71.266000	-0.058893
71.268000	-0.308164
71.270000	-0.098320
71.272000	-0.384589
71.274000	-0.233331
71.276000	-0.148883
71.278000	-0.140830
71.280000	-0.112835
71.282000	-0.142346
71.284000	-0.215739
71.286000	-0.082167
71.288000	-0.402864
71.290000	-0.184261
71.292000	-0.130008
71.294000	-0.158842
71.296000	-0.215484
71.298000	-0.270654
71.300000	-0.414715
71.302000	-0.188213
71.304000	-0.316191
71.306000	-0.332098
71.308000	-0.278244
71.310000	-0.222573
71.312000	-0.050072
71.314000	0.033424
71.316000	-0.253054
71.318000	-0.175564
71.320000	-0.304494
71.322000	-0.351836
71.324000	-0.417938
71.326000	-0.182365
71.328000	-0.295348
71.330000	-0.108942
71.332000	-0.271189
71.334000	-0.233127
71.336000	-0.273605
71.338000	0.030801
71.340000	-0.218361
71.342000	-0.226449
71.344000	-0.236535
71.346000	-0.267091
71.348000	-0.327715
71.350000	-0.145777
71.352000	-0.058824
71.354000	-0.186063
71.356000	-0.263508
71.358000	-0.254629
71.360000	-0.335677
71.362000	-0.157159
71.364000	-0.008049
71.366000	-0.369987
71.368000	-0.136472
71.370000	0.006449
71.372000	-0.288120
71.374000	-0.323174
71.376000	-0.174506
71.378000	0.021532
71.380000	-0.328391
71.382000	-0.149900
71.384000	-0.279185
71.386000	-0.157082
71.388000	-0.199725
71.390000	-0.260992
71.392000	-0.171764
71.394000	-0.254075
71.396000	-0.142109
71.398000	-0.189297
71.400000	-0.255322
71.402000	-0.159819
71.404000	-0.145686
71.406000	-0.294555
71.408000	0.031421
71.410000	-0.324522
71.412000	0.143166
71.414000	-0.345435
71.416000	-0.278691
71.418000	-0.125838
71.420000	-0.184148
71.422000	0.076840
71.424000	-0.279052
71.426000	-0.155850
71.428000	-0.370190
71.430000	-0.331964
71.432000	-0.281884
71.434000	-0.099240
71.436000	-0.259221
71.438000	-0.008135
71.440000	-0.070410
71.442000	-0.033145
71.444000	-0.357927
71.446000	-0.119866
71.448000	-0.188103
71.450000	0.021608
71.452000	-0.109918
71.454000	-0.019886
71.456000	-0.161854
71.458000	-0.260227
71.460000	-0.027088
71.462000	-0.094722
71.464000	0.070420
71.466000	-0.274518
71.468000	-0.207165
71.470000	-0.082572
71.472000	-0.007523
71.474000	0.063436
71.476000	-0.118231
71.478000	-0.136742
71.480000	0.015722
71.482000	-0.201431
71.484000	-0.181961
71.486000	-0.020327
71.488000	-0.282300
71.490000	-0.060637
71.492000	-0.250750
71.494000	-0.322931
71.496000	-0.308393
71.498000	-0.246917
71.500000	-0.076973
71.502000	-0.226684
71.504000	-0.316057
71.506000	0.014352
71.508000	0.001516
71.510000	0.068767
71.512000	-0.192744
71.514000	0.049411
71.516000	-0.289826
71.518000	-0.008900
71.520000	0.098034
71.522000	-0.153434
71.524000	0.033287
71.526000	0.055414
71.528000	-0.195539
71.530000	-0.120982
71.532000	-0.135745
71.534000	-0.207776
71.536000	-0.126855
71.538000	-0.038412
71.540000	-0.096001
71.542000	-0.039842
71.544000	0.000931
71.546000	0.016708
71.548000	-0.176388
71.550000	-0.039620
71.552000	-0.067129
71.554000	-0.127922
71.556000	0.158705
71.558000	-0.217141
71.560000	-0.225748
71.562000	-0.224502
71.564000	-0.258095
71.566000	-0.222947
71.568000	-0.129529
71.570000	0.005279
71.572000	-0.006038
71.574000	-0.076571
71.576000	-0.020822
71.578000	-0.064683
71.580000	0.126702
71.582000	-0.030638
71.584000	-0.187923
71.586000	-0.074229
71.588000	-0.039701
71.590000	0.018290
71.592000	0.068335
71.594000	-0.024381
71.596000	-0.010904
71.598000	-0.089366
71.600000	0.053446
71.602000	-0.067789
71.604000	0.003155
71.606000	0.006707
71.608000	0.240287
71.610000	-0.191340
71.612000	-0.021233
71.614000	0.090276
71.616000	-0.141860
71.618000	-0.058493
71.620000	-0.007122
71.622000	-0.037386
71.624000	-0.028633
71.626000	0.271368
71.628000	-0.258709
71.630000	0.096678
71.632000	0.045673
71.634000	-0.038980
71.636000	-0.157830
71.638000	-0.090921
71.640000	-0.243546
71.642000	-0.075308
71.644000	-0.004878
71.646000	0.023833
71.648000	-0.094546
71.650000	0.108218
71.652000	0.088789
71.654000	0.065737
71.656000	-0.276445
71.658000	-0.070480
71.660000	0.079335
71.662000	0.098403
71.664000	0.017916
71.666000	0.032759
71.668000	0.186565
71.670000	-0.052494
71.672000	0.182243
71.674000	0.094959
71.676000	-0.031783
71.678000	0.111395
71.680000	0.104680
71.682000	-0.468653
71.684000	-0.067907
71.686000	-0.189951
71.688000	-0.182476
71.690000	0.128696
71.692000	-0.477800
71.694000	-0.092350
71.696000	-0.380674
71.698000	-0.209048
71.700000	-0.371567
71.702000	0.087830
71.704000	0.096669
71.706000	-0.660757
71.708000	-0.367806
71.710000	-0.470472
71.712000	0.079788
71.714000	0.123904
71.716000	0.329933
71.718000	-0.127923
71.720000	0.017901
71.722000	-0.212254
71.724000	-0.571192
71.726000	-0.412917
71.728000	-0.250374
71.730000	-0.703429
71.732000	-0.188076
71.734000	-0.042513
71.736000	-0.272584
71.738000	-0.309483
71.740000	-0.090788
71.742000	-0.033382
71.744000	0.080386
71.746000	-0.192145
71.748000	-0.468403
71.750000	-0.218284
71.752000	-0.102838
71.754000	-0.216256
71.756000	-0.149929
71.758000	-0.041955
71.760000	0.035392
71.762000	-0.045341
71.764000	-0.145514
71.766000	-0.480497
71.768000	-0.071243
71.770000	-0.007579
71.772000	-0.069784
71.774000	-0.536187
71.776000	0.555339
71.778000	0.081249
71.780000	-0.140579
71.782000	-0.015169
71.784000	0.034767
71.786000	-0.043060
71.788000	-0.287144
71.790000	0.467954
71.792000	0.385897
71.794000	0.481547
71.796000	0.050885
71.798000	0.135183
71.800000	0.332031
71.802000	-0.371783
71.804000	-0.173364
71.806000	-0.500818
71.808000	-0.103132
71.810000	-0.592010
71.812000	0.263040
71.814000	-0.494095
71.816000	-0.325035
71.818000	-0.214363
71.820000	-0.198397
71.822000	0.409779
71.824000	-0.009403
71.826000	0.107730
71.828000	0.181114
71.830000	-0.607913
71.832000	0.138434
71.834000	-0.082620
71.836000	0.588783
71.838000	0.127231
71.840000	-0.104535
71.842000	-0.113340
71.844000	-0.067118
71.846000	0.080730
71.848000	0.143556
71.850000	0.304398
71.852000	0.225506
71.854000	-0.430398
71.856000	0.041450
71.858000	-0.256633
71.860000	0.318464
71.862000	-0.442618
71.864000	0.156758
71.866000	0.435384
71.868000	0.492881
71.870000	0.469103
71.872000	-0.342803
71.874000	-0.122807
71.876000	-0.171854
71.878000	-0.116253
71.880000	-0.199432
71.882000	-0.062070
71.884000	-0.262650
71.886000	0.210927
71.888000	-0.017664
71.890000	0.441461
71.892000	0.257639
71.894000	0.458034
71.896000	-0.041633
71.898000	0.458553
71.900000	0.394203
71.902000	0.944300
71.904000	1.079225
71.906000	0.859320
71.908000	0.995099
71.910000	1.133681
71.912000	1.092146
71.914000	1.273033
71.916000	1.321047
71.918000	1.027940
71.920000	1.149825
71.922000	0.776447
71.924000	0.643477
71.926000	0.353049
71.928000	0.584731
71.930000	-0.063618
71.932000	-0.288289
71.934000	-0.559103
71.936000	-0.176800
71.938000	-0.718559
71.940000	-0.431384
71.942000	-0.396959
71.944000	0.020373
71.946000	-0.122101
71.948000	-0.190542
71.950000	-0.533810
71.952000	-0.600670
71.954000	-0.601111
71.956000	-0.489558
71.958000	-0.201755
71.960000	0.100581
71.962000	-0.065883
71.964000	-0.665161
71.966000	0.137517
71.968000	-0.436802
71.970000	-0.110008
71.972000	0.096079
71.974000	0.142054
71.976000	-0.157501
71.978000	-0.428589
71.980000	0.159786
71.982000	0.216447
71.984000	0.018690
71.986000	-0.412199
71.988000	0.263512
71.990000	-0.099512
71.992000	-0.215807
71.994000	0.315966
71.996000	-0.274719
71.998000	0.259541
72.000000	-0.239167
72.002000	-0.183072
72.004000	-0.334765
72.006000	-0.039079
72.008000	-0.285893
72.010000	0.269695
72.012000	-0.345362
72.014000	-0.194200
72.016000	-0.251892
72.018000	-0.245888
72.020000	-0.301635
72.022000	-0.130524
72.024000	0.027437
72.026000	0.007442
72.028000	-0.082584
72.030000	-0.387316
72.032000	0.064270
72.034000	0.096242
72.036000	0.077137
72.038000	-0.400409
72.040000	-0.312241
72.042000	0.108265
72.044000	0.017476
72.046000	0.307091
72.048000	0.137107
72.050000	0.287784
72.052000	0.181189
72.054000	-0.014614
72.056000	-0.021241
72.058000	0.120783
72.060000	0.008290
72.062000	0.435394
72.064000	-0.343021
72.066000	0.222466
72.068000	0.271451
72.070000	-0.006214
72.072000	0.027332
72.074000	0.286882
72.076000	-0.037736
72.078000	0.166653
72.080000	-0.114274
72.082000	0.089438
72.084000	0.391187
72.086000	0.314450
72.088000	-0.129925
72.090000	0.143826
72.092000	0.270716
72.094000	-0.395780
72.096000	-0.080064
72.098000	0.090087
72.100000	-0.330196
72.102000	-0.195342
72.104000	0.662002
72.106000	0.183439
72.108000	0.327168
72.110000	-0.168984
72.112000	-0.484657
72.114000	0.003406
72.116000	0.262865
72.118000	-0.059515
72.120000	0.409812
72.122000	0.128899
72.124000	0.027622
72.126000	-0.026950
72.128000	0.492481
72.130000	0.129424
72.132000	0.294664
72.134000	0.079984
72.136000	0.757247
72.138000	0.248706
72.140000	-0.112078
72.142000	0.134713
72.144000	0.640553
72.146000	-0.075651
72.148000	0.173765
72.150000	-0.120846
72.152000	0.085798
72.154000	0.308079
72.156000	0.335251
72.158000	0.553141
72.160000	0.136157
72.162000	0.121167
72.164000	0.043705
72.166000	-0.495972
72.168000	0.017900
72.170000	-0.081775
72.172000	0.319923
72.174000	0.171127
72.176000	0.123441
72.178000	0.205550
72.180000	0.469167
72.182000	0.170152
72.184000	-0.414339
72.186000	0.061277
72.188000	-0.201121
72.190000	0.145621
72.192000	0.180820
72.194000	0.190552
72.196000	0.207224
72.198000	0.078726
72.200000	0.340857
72.202000	0.185595
72.204000	0.126022
72.206000	0.358878
72.208000	0.204538
72.210000	0.244407
72.212000	0.178849
72.214000	0.205385
72.216000	0.107760
72.218000	0.158990
72.220000	0.264779
72.222000	0.208383
72.224000	0.242777
72.226000	0.204227
72.228000	0.299918
72.230000	0.160208
72.232000	0.033403
72.234000	0.071841
72.236000	-0.002599
72.238000	0.114373
72.240000	0.086861
72.242000	0.203773
72.244000	0.032514
72.246000	-0.158273
72.248000	0.139259
72.250000	0.022153
72.252000	-0.036067
72.254000	0.007078
72.256000	0.054632
72.258000	-0.044522
72.260000	-0.007334
72.262000	-0.070929
72.264000	-0.030454
72.266000	-0.068903
72.268000	-0.128944
72.270000	-0.259237
72.272000	-0.184816
72.274000	-0.103055
72.276000	-0.008183
72.278000	-0.254347
72.280000	0.007372
72.282000	-0.039676
72.284000	-0.053189
72.286000	-0.121104
72.288000	-0.069898
72.290000	-0.088950
72.292000	-0.240600
72.294000	-0.035941
72.296000	-0.098918
72.298000	-0.252740
72.300000	-0.133374
72.302000	-0.201212
72.304000	-0.258677
72.306000	-0.087261
72.308000	-0.265519
72.310000	-0.150542
72.312000	-0.221291
72.314000	-0.060927
72.316000	-0.265112
72.318000	-0.233009
72.320000	-0.332257
72.322000	-0.019063
72.324000	-0.125302
72.326000	-0.236448
72.328000	-0.222761
72.330000	-0.179758
72.332000	-0.142596
72.334000	-0.297561
72.336000	-0.075412
72.338000	0.055628
72.340000	-0.136729
72.342000	-0.064986
72.344000	-0.343864
72.346000	-0.148733
72.348000	-0.180823
72.350000	-0.000432
72.352000	-0.125775
72.354000	-0.064702
72.356000	-0.139902
72.358000	-0.088143
72.360000	-0.388927
72.362000	-0.043557
72.364000	-0.300105
72.366000	-0.043482
72.368000	-0.050499
72.370000	-0.101096
72.372000	-0.089453
72.374000	0.000637
72.376000	-0.114356
72.378000	-0.163994
72.380000	-0.288895
72.382000	-0.243588
72.384000	-0.171573
72.386000	-0.057935
72.388000	-0.069163
72.390000	-0.156124
72.392000	-0.107009
72.394000	-0.008240
72.396000	-0.304052
72.398000	-0.214806
72.400000	-0.177131
72.402000	-0.079414
72.404000	-0.082651
72.406000	-0.109660
72.408000	-0.193799
72.410000	-0.053806
72.412000	-0.117059
72.414000	-0.266067
72.416000	-0.074435
72.418000	-0.280863
72.420000	-0.148462
72.422000	-0.172716
72.424000	-0.159772
72.426000	-0.104237
72.428000	-0.058701
72.430000	-0.156397
72.432000	-0.026096
72.434000	-0.194617
72.436000	-0.075589
72.438000	-0.238337
72.440000	0.019977
72.442000	-0.093107
72.444000	-0.127267
72.446000	0.099135
72.448000	-0.168693
72.450000	-0.099721
72.452000	-0.104638
72.454000	-0.137489
72.456000	-0.081977
72.458000	-0.137118
72.460000	-0.082945
72.462000	-0.014031
72.464000	-0.012946
72.466000	-0.089379
72.468000	-0.118361
72.470000	-0.107101
72.472000	-0.085267
72.474000	0.031081
72.476000	-0.012960
72.478000	-0.099731
72.480000	-0.079003
72.482000	-0.050230
72.484000	-0.046645
72.486000	-0.048351
72.488000	-0.060911
72.490000	-0.034882
72.492000	-0.055576
72.494000	-0.013088
72.496000	0.031970
72.498000	0.076152
72.500000	0.016431
72.502000	-0.000736
72.504000	-0.035518
72.506000	-0.114373
72.508000	-0.134210
72.510000	0.003155
72.512000	-0.195673
72.514000	0.040674
72.516000	0.009999
72.518000	-0.105258
72.520000	-0.199843
72.522000	-0.043418
72.524000	-0.051219
72.526000	-0.134886
72.528000	-0.103681
72.530000	-0.059348
72.532000	-0.010042
72.534000	0.101530
72.536000	-0.136065
72.538000	-0.015526
72.540000	-0.290490
72.542000	-0.087026
72.544000	-0.082809
72.546000	-0.121336
72.548000	-0.014595
72.550000	0.018370
72.552000	0.016363
72.554000	-0.067365
72.556000	0.046742
72.558000	-0.015722
72.560000	0.025293
72.562000	-0.022250
72.564000	-0.119079
72.566000	-0.065044
72.568000	0.013641
72.570000	0.026108
72.572000	0.004825
72.574000	-0.115050
72.576000	0.085755
72.578000	-0.100301
72.580000	0.054785
72.582000	-0.076086
72.584000	-0.064081
72.586000	-0.088856
72.588000	-0.179590
72.590000	-0.090226
72.592000	-0.128080
72.594000	0.014872
72.596000	0.035215
72.598000	-0.078738
72.600000	-0.096144
72.602000	-0.016965
72.604000	0.136548
72.606000	0.083843
72.608000	-0.092676
72.610000	-0.046058
72.612000	-0.034784
72.614000	-0.031884
72.616000	-0.109452
72.618000	0.011465
72.620000	0.005547
72.622000	0.105742
72.624000	-0.008079
72.626000	-0.108172
72.628000	-0.004040
72.630000	0.061088
72.632000	0.091085
72.634000	-0.122350
72.636000	-0.028367
72.638000	0.013832
72.640000	-0.023511
72.642000	0.028823
72.644000	-0.053738
72.646000	0.056789
72.648000	0.018393
72.650000	0.008730
72.652000	0.006498
72.654000	0.067225
72.656000	-0.109234
72.658000	-0.069790
72.660000	-0.124390
72.662000	-0.109243
72.664000	-0.138430
72.666000	-0.167858
72.668000	0.039996
72.670000	-0.130466
72.672000	-0.070744
72.674000	0.098844
72.676000	-0.012156
72.678000	-0.048296
72.680000	-0.203438
72.682000	-0.055256
72.684000	0.193687
72.686000	0.010252
72.688000	0.073139
72.690000	0.118425
72.692000	-0.019502
72.694000	0.001788
72.696000	0.051882
72.698000	0.031334
72.700000	0.010205
72.702000	-0.002525
72.704000	-0.030135
72.706000	0.314749
72.708000	0.347107
72.710000	0.059570
72.712000	0.026967
72.714000	0.481190
72.716000	0.134421
72.718000	0.140453
72.720000	-0.367487
72.722000	-0.432045
72.724000	-0.180913
72.726000	-0.486114
72.728000	-0.085662
72.730000	0.106079
72.732000	-0.060881
72.734000	-0.648314
72.736000	-0.089625
72.738000	0.100339
72.740000	-0.232001
72.742000	0.296326
72.744000	-0.080414
72.746000	0.271563
72.748000	-0.328078
72.750000	0.213194
72.752000	-0.085191
72.754000	-0.354649
72.756000	0.006062
72.758000	-0.204422
72.760000	-0.316888
72.762000	0.199139
72.764000	0.531807
72.766000	-0.454373
72.768000	0.057155
72.770000	0.321852
72.772000	0.269966
72.774000	-0.163141
72.776000	0.064865
72.778000	-0.276834
72.780000	-0.145089
72.782000	-0.257156
72.784000	0.007874
72.786000	0.335475
72.788000	-0.271320
72.790000	-0.098709
72.792000	0.017829
72.794000	0.236808
72.796000	0.280893
72.798000	0.078524
72.800000	-0.391087
72.802000	-0.508980
72.804000	0.244654
72.806000	-0.277422
72.808000	-0.159668
72.810000	0.245994
72.812000	-0.165232
72.814000	-0.062285
72.816000	0.229183
72.818000	-0.136428
72.820000	0.189360
72.822000	0.057584
72.824000	0.231317
72.826000	0.395579
72.828000	0.279463
72.830000	0.085801
72.832000	0.217104
72.834000	-0.144183
72.836000	0.392990
72.838000	0.422641
72.840000	-0.263037
72.842000	0.178437
72.844000	0.327653
72.846000	0.076209
72.848000	0.030756
72.850000	0.075429
72.852000	0.098769
72.854000	0.585605
72.856000	0.245450
72.858000	0.322096
72.860000	0.217991
72.862000	0.084714
72.864000	0.104077
72.866000	0.286362
72.868000	-0.220903
72.870000	-0.146942
72.872000	0.432326
72.874000	0.616633
72.876000	0.234218
72.878000	0.467528
72.880000	0.615107
72.882000	0.005003
72.884000	0.136003
72.886000	0.152160
72.888000	-0.046536
72.890000	0.045511
72.892000	0.488830
72.894000	0.019055
72.896000	0.424980
72.898000	0.406085
72.900000	-0.034581
72.902000	0.141096
72.904000	-0.073715
72.906000	-0.734073
72.908000	-0.249136
72.910000	0.540590
72.912000	-0.085453
72.914000	0.343646
72.916000	0.125516
72.918000	0.359590
72.920000	0.678546
72.922000	0.297993
72.924000	0.348733
72.926000	0.197972
72.928000	0.166906
72.930000	-0.030056
72.932000	0.340454
72.934000	0.262447
72.936000	0.441066
72.938000	0.090376
72.940000	-0.080390
72.942000	0.023462
72.944000	0.224566
72.946000	-0.153341
72.948000	-0.100932
72.950000	0.240811
72.952000	0.321847
72.954000	0.586080
72.956000	0.597097
72.958000	0.332177
72.960000	0.151122
72.962000	-0.439782
72.964000	-0.048579
72.966000	-0.050112
72.968000	-0.160655
72.970000	0.417326
72.972000	-0.054935
72.974000	-0.249137
72.976000	0.302399
72.978000	-0.161486
72.980000	0.143137
72.982000	0.223990
72.984000	-0.344189
72.986000	0.395765
72.988000	-0.078708
72.990000	0.283947
72.992000	-0.376252
72.994000	0.054053
72.996000	0.347361
72.998000	0.806437
73.000000	0.222965
73.002000	-0.198662
73.004000	0.003061
73.006000	0.508758
73.008000	-0.199338
73.010000	-0.117959
73.012000	0.412823
73.014000	0.292099
73.016000	-0.053226
73.018000	0.365884
73.020000	0.835657
73.022000	0.032023
73.024000	-0.022141
73.026000	0.713965
73.028000	0.086152
73.030000	0.148615
73.032000	0.645375
73.034000	0.013876
73.036000	0.061939
73.038000	-0.030249
73.040000	0.414434
73.042000	-0.197469
73.044000	-0.058455
73.046000	-0.186629
73.048000	0.060022
73.050000	0.005952
73.052000	0.417868
73.054000	-0.448570
73.056000	-0.653457
73.058000	0.248994
73.060000	-0.039684
73.062000	0.396257
73.064000	0.154296
73.066000	-0.296284
73.068000	0.067412
73.070000	0.100569
73.072000	-0.649460
73.074000	0.575259
73.076000	0.304479
73.078000	0.279995
73.080000	-0.086466
73.082000	0.311179
73.084000	-0.014920
73.086000	-0.104253
73.088000	0.824107
73.090000	0.115212
73.092000	-0.201745
73.094000	0.343748
73.096000	0.260861
73.098000	0.656486
73.100000	0.165435
73.102000	0.156576
73.104000	0.331504
73.106000	0.161616
73.108000	0.453875
73.110000	0.255441
73.112000	-0.114270
73.114000	0.283659
73.116000	-0.049314
73.118000	0.319798
73.120000	-0.072511
73.122000	0.281172
73.124000	0.334546
73.126000	-0.280570
73.128000	0.383640
73.130000	0.445005
73.132000	0.724170
73.134000	-0.025201
73.136000	0.431164
73.138000	0.235754
73.140000	0.038749
73.142000	-0.222259
73.144000	-0.069733
73.146000	0.159657
73.148000	0.527728
73.150000	-0.031661
73.152000	0.937111
73.154000	0.309583
73.156000	0.762933
73.158000	0.574714
73.160000	1.054535
73.162000	0.709578
73.164000	1.081945
73.166000	1.529398
73.168000	1.206167
73.170000	1.454339
73.172000	1.425158
73.174000	0.914781
73.176000	1.404663
73.178000	1.177953
73.180000	0.892856
73.182000	0.643691
73.184000	0.394059
73.186000	-0.331462
73.188000	-0.205388
73.190000	-0.933569
73.192000	-0.715037
73.194000	-1.020085
73.196000	-1.541094
73.198000	-1.011795
73.200000	-1.055770
73.202000	-0.644434
73.204000	-0.805474
73.206000	-0.939310
73.208000	-0.410565
73.210000	-0.409620
73.212000	-0.456683
73.214000	0.237264
